Workbook

Sheet Criteria_Pairwise
B1: Usia | C1: Pendapatan | D1: Jaminan | E1: Pekerjaan | G1: Column Sum
A2: Usia | B2: 1 | C2: 0.16666667 | D2: 0.25 | E2: 0.2 | G2: =SUM(B2:B5) -> 13
A3: Pendapatan | B3: 6 | C3: 1 | D3: 1 | E3: 4 | G3: =SUM(C2:C5) -> 2.4166667
A4: Jaminan | B4: 4 | C4: 1 | D4: 1 | E4: 5 | G4: =SUM(D2:D5) -> 2.45
A5: Pekerjaan | B5: 2 | C5: 0.25 | D5: 0.2 | E5: 1 | G5: =SUM(E2:E5) -> 10.2

Sheet Criteria_Normalized
B1: Usia | C1: Pendapatan | D1: Jaminan | E1: Pekerjaan | G1: Weight
A2: Usia | B2: =Criteria_Pairwise!B2/Criteria_Pairwise!G2 -> 0.076923077 | C2: =Criteria_Pairwise!C2/Criteria_Pairwise!G3 -> 0.068965517 | D2: =Criteria_Pairwise!D2/Criteria_Pairwise!G4 -> 0.10204082 | E2: =Criteria_Pairwise!E2/Criteria_Pairwise!G5 -> 0.019607843 | G2: =AVERAGE(B2:E2) -> 0.066884313
A3: Pendapatan | B3: =Criteria_Pairwise!B3/Criteria_Pairwise!G2 -> 0.46153846 | C3: =Criteria_Pairwise!C3/Criteria_Pairwise!G3 -> 0.4137931 | D3: =Criteria_Pairwise!D3/Criteria_Pairwise!G4 -> 0.40816327 | E3: =Criteria_Pairwise!E3/Criteria_Pairwise!G5 -> 0.39215686 | G3: =AVERAGE(B3:E3) -> 0.41891292
A4: Jaminan | B4: =Criteria_Pairwise!B4/Criteria_Pairwise!G2 -> 0.30769231 | C4: =Criteria_Pairwise!C4/Criteria_Pairwise!G3 -> 0.4137931 | D4: =Criteria_Pairwise!D4/Criteria_Pairwise!G4 -> 0.40816327 | E4: =Criteria_Pairwise!E4/Criteria_Pairwise!G5 -> 0.49019608 | G4: =AVERAGE(B4:E4) -> 0.40496119
A5: Pekerjaan | B5: =Criteria_Pairwise!B5/Criteria_Pairwise!G2 -> 0.15384615 | C5: =Criteria_Pairwise!C5/Criteria_Pairwise!G3 -> 0.10344828 | D5: =Criteria_Pairwise!D5/Criteria_Pairwise!G4 -> 0.081632653 | E5: =Criteria_Pairwise!E5/Criteria_Pairwise!G5 -> 0.098039216 | G5: =AVERAGE(B5:E5) -> 0.10924157
G7: =SUMPRODUCT(Criteria_Pairwise!G2:G5,Criteria_Normalized!G2:G5) -> 3.9882879
A8: lambda_max | G8: =IF(G7>0,(G7-4)/(4-1),0) -> -0.0039040181
A9: n | B9: 4
A10: CI | B10: =(G7-B9)/(B9-1) -> -0.0039040181
A11: RI | B11: =CHOOSE(B9,0,0,0.58,0.9,1.12,1.24,1.32,1.41,1.45,1.49) -> 0.9
A12: CR | B12: =IF(B11=0,0,B10/B11) -> -0.0043377979

Sheet Alternatives_Data
A1: Alternative | B1: Usia | C1: Pendapatan | D1: Jaminan | E1: Pekerjaan
A2: Andi | B2: 1 | C2: 2 | D2: 2 | E2: 2
A3: Budi | B3: 2 | C3: 1 | D3: 4 | E3: 4
A4: Citra | B4: 2 | C4: 3 | D4: 3 | E4: 3
A5: Dewi | B5: 2 | C5: 1 | D5: 1 | E5: 1
A6: Eko | B6: 3 | C6: 3 | D6: 2 | E6: 2
A7: Fajar | B7: 1 | C7: 1 | D7: 3 | E7: 2
A8: Gita | B8: 1 | C8: 1 | D8: 4 | E8: 4
A9: Hendra | B9: 3 | C9: 1 | D9: 3 | E9: 3
A10: Intan | B10: 1 | C10: 2 | D10: 1 | E10: 1

Sheet Alternatives_Raw
A1: Alternative | B1: Usia | C1: Pendapatan | D1: Jaminan | E1: Pekerjaan
A2: Andi | B2: 4 | C2: 2 | D2: 2 | E2: 2
A3: Budi | B3: 4 | C3: 4 | D3: 4 | E3: 4
A4: Citra | B4: 4 | C4: 3 | D4: 3 | E4: 3
A5: Dewi | B5: 4 | C5: 1 | D5: 1 | E5: 1
A6: Eko | B6: 4 | C6: 2 | D6: 2 | E6: 2
A7: Fajar | B7: 4 | C7: 2 | D7: 3 | E7: 2
A8: Gita | B8: 3 | C8: 4 | D8: 4 | E8: 4
A9: Hendra | B9: 3 | C9: 3 | D9: 3 | E9: 3
A10: Intan | B10: 4 | C10: 2 | D10: 1 | E10: 1

Sheet Alt_Pairwise_Usia
B1: Andi | C1: Budi | D1: Citra | E1: Dewi | F1: Eko | G1: Fajar | H1: Gita | I1: Hendra | J1: Intan
A2: Andi | B2: =Alternatives_Data!B2/Alternatives_Data!B2 -> 1 | C2: =Alternatives_Data!B2/Alternatives_Data!B3 -> 0.5 | D2: =Alternatives_Data!B2/Alternatives_Data!B4 -> 0.5 | E2: =Alternatives_Data!B2/Alternatives_Data!B5 -> 0.5 | F2: =Alternatives_Data!B2/Alternatives_Data!B6 -> 0.33333333 | G2: =Alternatives_Data!B2/Alternatives_Data!B7 -> 1 | H2: =Alternatives_Data!B2/Alternatives_Data!B8 -> 1 | I2: =Alternatives_Data!B2/Alternatives_Data!B9 -> 0.33333333 | J2: =Alternatives_Data!B2/Alternatives_Data!B10 -> 1
A3: Budi | B3: =Alternatives_Data!B3/Alternatives_Data!B2 -> 2 | C3: =Alternatives_Data!B3/Alternatives_Data!B3 -> 1 | D3: =Alternatives_Data!B3/Alternatives_Data!B4 -> 1 | E3: =Alternatives_Data!B3/Alternatives_Data!B5 -> 1 | F3: =Alternatives_Data!B3/Alternatives_Data!B6 -> 0.66666667 | G3: =Alternatives_Data!B3/Alternatives_Data!B7 -> 2 | H3: =Alternatives_Data!B3/Alternatives_Data!B8 -> 2 | I3: =Alternatives_Data!B3/Alternatives_Data!B9 -> 0.66666667 | J3: =Alternatives_Data!B3/Alternatives_Data!B10 -> 2
A4: Citra | B4: =Alternatives_Data!B4/Alternatives_Data!B2 -> 2 | C4: =Alternatives_Data!B4/Alternatives_Data!B3 -> 1 | D4: =Alternatives_Data!B4/Alternatives_Data!B4 -> 1 | E4: =Alternatives_Data!B4/Alternatives_Data!B5 -> 1 | F4: =Alternatives_Data!B4/Alternatives_Data!B6 -> 0.66666667 | G4: =Alternatives_Data!B4/Alternatives_Data!B7 -> 2 | H4: =Alternatives_Data!B4/Alternatives_Data!B8 -> 2 | I4: =Alternatives_Data!B4/Alternatives_Data!B9 -> 0.66666667 | J4: =Alternatives_Data!B4/Alternatives_Data!B10 -> 2
A5: Dewi | B5: =Alternatives_Data!B5/Alternatives_Data!B2 -> 2 | C5: =Alternatives_Data!B5/Alternatives_Data!B3 -> 1 | D5: =Alternatives_Data!B5/Alternatives_Data!B4 -> 1 | E5: =Alternatives_Data!B5/Alternatives_Data!B5 -> 1 | F5: =Alternatives_Data!B5/Alternatives_Data!B6 -> 0.66666667 | G5: =Alternatives_Data!B5/Alternatives_Data!B7 -> 2 | H5: =Alternatives_Data!B5/Alternatives_Data!B8 -> 2 | I5: =Alternatives_Data!B5/Alternatives_Data!B9 -> 0.66666667 | J5: =Alternatives_Data!B5/Alternatives_Data!B10 -> 2
A6: Eko | B6: =Alternatives_Data!B6/Alternatives_Data!B2 -> 3 | C6: =Alternatives_Data!B6/Alternatives_Data!B3 -> 1.5 | D6: =Alternatives_Data!B6/Alternatives_Data!B4 -> 1.5 | E6: =Alternatives_Data!B6/Alternatives_Data!B5 -> 1.5 | F6: =Alternatives_Data!B6/Alternatives_Data!B6 -> 1 | G6: =Alternatives_Data!B6/Alternatives_Data!B7 -> 3 | H6: =Alternatives_Data!B6/Alternatives_Data!B8 -> 3 | I6: =Alternatives_Data!B6/Alternatives_Data!B9 -> 1 | J6: =Alternatives_Data!B6/Alternatives_Data!B10 -> 3
A7: Fajar | B7: =Alternatives_Data!B7/Alternatives_Data!B2 -> 1 | C7: =Alternatives_Data!B7/Alternatives_Data!B3 -> 0.5 | D7: =Alternatives_Data!B7/Alternatives_Data!B4 -> 0.5 | E7: =Alternatives_Data!B7/Alternatives_Data!B5 -> 0.5 | F7: =Alternatives_Data!B7/Alternatives_Data!B6 -> 0.33333333 | G7: =Alternatives_Data!B7/Alternatives_Data!B7 -> 1 | H7: =Alternatives_Data!B7/Alternatives_Data!B8 -> 1 | I7: =Alternatives_Data!B7/Alternatives_Data!B9 -> 0.33333333 | J7: =Alternatives_Data!B7/Alternatives_Data!B10 -> 1
A8: Gita | B8: =Alternatives_Data!B8/Alternatives_Data!B2 -> 1 | C8: =Alternatives_Data!B8/Alternatives_Data!B3 -> 0.5 | D8: =Alternatives_Data!B8/Alternatives_Data!B4 -> 0.5 | E8: =Alternatives_Data!B8/Alternatives_Data!B5 -> 0.5 | F8: =Alternatives_Data!B8/Alternatives_Data!B6 -> 0.33333333 | G8: =Alternatives_Data!B8/Alternatives_Data!B7 -> 1 | H8: =Alternatives_Data!B8/Alternatives_Data!B8 -> 1 | I8: =Alternatives_Data!B8/Alternatives_Data!B9 -> 0.33333333 | J8: =Alternatives_Data!B8/Alternatives_Data!B10 -> 1
A9: Hendra | B9: =Alternatives_Data!B9/Alternatives_Data!B2 -> 3 | C9: =Alternatives_Data!B9/Alternatives_Data!B3 -> 1.5 | D9: =Alternatives_Data!B9/Alternatives_Data!B4 -> 1.5 | E9: =Alternatives_Data!B9/Alternatives_Data!B5 -> 1.5 | F9: =Alternatives_Data!B9/Alternatives_Data!B6 -> 1 | G9: =Alternatives_Data!B9/Alternatives_Data!B7 -> 3 | H9: =Alternatives_Data!B9/Alternatives_Data!B8 -> 3 | I9: =Alternatives_Data!B9/Alternatives_Data!B9 -> 1 | J9: =Alternatives_Data!B9/Alternatives_Data!B10 -> 3
A10: Intan | B10: =Alternatives_Data!B10/Alternatives_Data!B2 -> 1 | C10: =Alternatives_Data!B10/Alternatives_Data!B3 -> 0.5 | D10: =Alternatives_Data!B10/Alternatives_Data!B4 -> 0.5 | E10: =Alternatives_Data!B10/Alternatives_Data!B5 -> 0.5 | F10: =Alternatives_Data!B10/Alternatives_Data!B6 -> 0.33333333 | G10: =Alternatives_Data!B10/Alternatives_Data!B7 -> 1 | H10: =Alternatives_Data!B10/Alternatives_Data!B8 -> 1 | I10: =Alternatives_Data!B10/Alternatives_Data!B9 -> 0.33333333 | J10: =Alternatives_Data!B10/Alternatives_Data!B10 -> 1

Sheet Alt_Normalized_Usia
B1: Andi | C1: Budi | D1: Citra | E1: Dewi | F1: Eko | G1: Fajar | H1: Gita | I1: Hendra | J1: Intan | K1: Joko | L1: Kiki | M1: Lina | N1: Made | O1: Nisa | P1: Oka | Q1: Putra | R1: Qori | S1: Rian | T1: Sinta | U1: Tono | V1: Uli | W1: Vina | X1: Wahyu | Y1: Xena | Z1: Yoga | AA1: Zaki | AB1: Amanda | AC1: Bayu | AD1: Clara | AE1: Dani | AF1: Alif Adji | AG1: Danu | AH1: Qori Halim | AI1: Dani Wijaya | AJ1: Kiki Suryanto | AK1: Nisa Putri | AL1: Amanda Rahma | AM1: Tono Pratama | AN1: Kiki Putri | AO1: Bayu Irawan | AP1: Qori Putri | AQ1: Gita Irawan | AS1: Local Priority
A2: Andi | B2: =Alt_Pairwise_Usia!B2/Alt_Pairwise_Usia!#REF! -> #REF! | C2: =Alt_Pairwise_Usia!C2/Alt_Pairwise_Usia!#REF! -> #REF! | D2: =Alt_Pairwise_Usia!D2/Alt_Pairwise_Usia!#REF! -> #REF! | E2: =Alt_Pairwise_Usia!E2/Alt_Pairwise_Usia!#REF! -> #REF! | F2: =Alt_Pairwise_Usia!F2/Alt_Pairwise_Usia!#REF! -> #REF! | G2: =Alt_Pairwise_Usia!G2/Alt_Pairwise_Usia!#REF! -> #REF! | H2: =Alt_Pairwise_Usia!H2/Alt_Pairwise_Usia!#REF! -> #REF! | I2: =Alt_Pairwise_Usia!I2/Alt_Pairwise_Usia!#REF! -> #REF! | J2: =Alt_Pairwise_Usia!J2/Alt_Pairwise_Usia!#REF! -> #REF! | K2: =Alt_Pairwise_Usia!#REF!/Alt_Pairwise_Usia!#REF! -> #REF! | L2: =Alt_Pairwise_Usia!#REF!/Alt_Pairwise_Usia!#REF! -> #REF! | M2: =Alt_Pairwise_Usia!#REF!/Alt_Pairwise_Usia!#REF! -> #REF! | N2: =Alt_Pairwise_Usia!#REF!/Alt_Pairwise_Usia!#REF! -> #REF! | O2: =Alt_Pairwise_Usia!#REF!/Alt_Pairwise_Usia!#REF! -> #REF! | P2: =Alt_Pairwise_Usia!#REF!/Alt_Pairwise_Usia!#REF! -> #REF! | Q2: =Alt_Pairwise_Usia!#REF!/Alt_Pairwise_Usia!#REF! -> #REF! | R2: =Alt_Pairwise_Usia!#REF!/Alt_Pairwise_Usia!#REF! -> #REF! | ... AQ2: =Alt_Pairwise_Usia!#REF!/Alt_Pairwise_Usia!#REF! -> #REF! | AS2: =AVERAGE(B2:AQ2) -> #REF!
A3: Budi | B3: =Alt_Pairwise_Usia!B3/Alt_Pairwise_Usia!#REF! -> #REF! | C3: =Alt_Pairwise_Usia!C3/Alt_Pairwise_Usia!#REF! -> #REF! | D3: =Alt_Pairwise_Usia!D3/Alt_Pairwise_Usia!#REF! -> #REF! | E3: =Alt_Pairwise_Usia!E3/Alt_Pairwise_Usia!#REF! -> #REF! | F3: =Alt_Pairwise_Usia!F3/Alt_Pairwise_Usia!#REF! -> #REF! | G3: =Alt_Pairwise_Usia!G3/Alt_Pairwise_Usia!#REF! -> #REF! | H3: =Alt_Pairwise_Usia!H3/Alt_Pairwise_Usia!#REF! -> #REF! | I3: =Alt_Pairwise_Usia!I3/Alt_Pairwise_Usia!#REF! -> #REF! | J3: =Alt_Pairwise_Usia!J3/Alt_Pairwise_Usia!#REF! -> #REF! | K3: =Alt_Pairwise_Usia!#REF!/Alt_Pairwise_Usia!#REF! -> #REF! | L3: =Alt_Pairwise_Usia!#REF!/Alt_Pairwise_Usia!#REF! -> #REF! | M3: =Alt_Pairwise_Usia!#REF!/Alt_Pairwise_Usia!#REF! -> #REF! | N3: =Alt_Pairwise_Usia!#REF!/Alt_Pairwise_Usia!#REF! -> #REF! | O3: =Alt_Pairwise_Usia!#REF!/Alt_Pairwise_Usia!#REF! -> #REF! | P3: =Alt_Pairwise_Usia!#REF!/Alt_Pairwise_Usia!#REF! -> #REF! | Q3: =Alt_Pairwise_Usia!#REF!/Alt_Pairwise_Usia!#REF! -> #REF! | R3: =Alt_Pairwise_Usia!#REF!/Alt_Pairwise_Usia!#REF! -> #REF! | ... AQ3: =Alt_Pairwise_Usia!#REF!/Alt_Pairwise_Usia!#REF! -> #REF! | AS3: =AVERAGE(B3:AQ3) -> #REF!
A4: Citra | B4: =Alt_Pairwise_Usia!B4/Alt_Pairwise_Usia!#REF! -> #REF! | C4: =Alt_Pairwise_Usia!C4/Alt_Pairwise_Usia!#REF! -> #REF! | D4: =Alt_Pairwise_Usia!D4/Alt_Pairwise_Usia!#REF! -> #REF! | E4: =Alt_Pairwise_Usia!E4/Alt_Pairwise_Usia!#REF! -> #REF! | F4: =Alt_Pairwise_Usia!F4/Alt_Pairwise_Usia!#REF! -> #REF! | G4: =Alt_Pairwise_Usia!G4/Alt_Pairwise_Usia!#REF! -> #REF! | H4: =Alt_Pairwise_Usia!H4/Alt_Pairwise_Usia!#REF! -> #REF! | I4: =Alt_Pairwise_Usia!I4/Alt_Pairwise_Usia!#REF! -> #REF! | J4: =Alt_Pairwise_Usia!J4/Alt_Pairwise_Usia!#REF! -> #REF! | K4: =Alt_Pairwise_Usia!#REF!/Alt_Pairwise_Usia!#REF! -> #REF! | L4: =Alt_Pairwise_Usia!#REF!/Alt_Pairwise_Usia!#REF! -> #REF! | M4: =Alt_Pairwise_Usia!#REF!/Alt_Pairwise_Usia!#REF! -> #REF! | N4: =Alt_Pairwise_Usia!#REF!/Alt_Pairwise_Usia!#REF! -> #REF! | O4: =Alt_Pairwise_Usia!#REF!/Alt_Pairwise_Usia!#REF! -> #REF! | P4: =Alt_Pairwise_Usia!#REF!/Alt_Pairwise_Usia!#REF! -> #REF! | Q4: =Alt_Pairwise_Usia!#REF!/Alt_Pairwise_Usia!#REF! -> #REF! | R4: =Alt_Pairwise_Usia!#REF!/Alt_Pairwise_Usia!#REF! -> #REF! | ... AQ4: =Alt_Pairwise_Usia!#REF!/Alt_Pairwise_Usia!#REF! -> #REF! | AS4: =AVERAGE(B4:AQ4) -> #REF!
A5: Dewi | B5: =Alt_Pairwise_Usia!B5/Alt_Pairwise_Usia!#REF! -> #REF! | C5: =Alt_Pairwise_Usia!C5/Alt_Pairwise_Usia!#REF! -> #REF! | D5: =Alt_Pairwise_Usia!D5/Alt_Pairwise_Usia!#REF! -> #REF! | E5: =Alt_Pairwise_Usia!E5/Alt_Pairwise_Usia!#REF! -> #REF! | F5: =Alt_Pairwise_Usia!F5/Alt_Pairwise_Usia!#REF! -> #REF! | G5: =Alt_Pairwise_Usia!G5/Alt_Pairwise_Usia!#REF! -> #REF! | H5: =Alt_Pairwise_Usia!H5/Alt_Pairwise_Usia!#REF! -> #REF! | I5: =Alt_Pairwise_Usia!I5/Alt_Pairwise_Usia!#REF! -> #REF! | J5: =Alt_Pairwise_Usia!J5/Alt_Pairwise_Usia!#REF! -> #REF! | K5: =Alt_Pairwise_Usia!#REF!/Alt_Pairwise_Usia!#REF! -> #REF! | L5: =Alt_Pairwise_Usia!#REF!/Alt_Pairwise_Usia!#REF! -> #REF! | M5: =Alt_Pairwise_Usia!#REF!/Alt_Pairwise_Usia!#REF! -> #REF! | N5: =Alt_Pairwise_Usia!#REF!/Alt_Pairwise_Usia!#REF! -> #REF! | O5: =Alt_Pairwise_Usia!#REF!/Alt_Pairwise_Usia!#REF! -> #REF! | P5: =Alt_Pairwise_Usia!#REF!/Alt_Pairwise_Usia!#REF! -> #REF! | Q5: =Alt_Pairwise_Usia!#REF!/Alt_Pairwise_Usia!#REF! -> #REF! | R5: =Alt_Pairwise_Usia!#REF!/Alt_Pairwise_Usia!#REF! -> #REF! | ... AQ5: =Alt_Pairwise_Usia!#REF!/Alt_Pairwise_Usia!#REF! -> #REF! | AS5: =AVERAGE(B5:AQ5) -> #REF!
A6: Eko | B6: =Alt_Pairwise_Usia!B6/Alt_Pairwise_Usia!#REF! -> #REF! | C6: =Alt_Pairwise_Usia!C6/Alt_Pairwise_Usia!#REF! -> #REF! | D6: =Alt_Pairwise_Usia!D6/Alt_Pairwise_Usia!#REF! -> #REF! | E6: =Alt_Pairwise_Usia!E6/Alt_Pairwise_Usia!#REF! -> #REF! | F6: =Alt_Pairwise_Usia!F6/Alt_Pairwise_Usia!#REF! -> #REF! | G6: =Alt_Pairwise_Usia!G6/Alt_Pairwise_Usia!#REF! -> #REF! | H6: =Alt_Pairwise_Usia!H6/Alt_Pairwise_Usia!#REF! -> #REF! | I6: =Alt_Pairwise_Usia!I6/Alt_Pairwise_Usia!#REF! -> #REF! | J6: =Alt_Pairwise_Usia!J6/Alt_Pairwise_Usia!#REF! -> #REF! | K6: =Alt_Pairwise_Usia!#REF!/Alt_Pairwise_Usia!#REF! -> #REF! | L6: =Alt_Pairwise_Usia!#REF!/Alt_Pairwise_Usia!#REF! -> #REF! | M6: =Alt_Pairwise_Usia!#REF!/Alt_Pairwise_Usia!#REF! -> #REF! | N6: =Alt_Pairwise_Usia!#REF!/Alt_Pairwise_Usia!#REF! -> #REF! | O6: =Alt_Pairwise_Usia!#REF!/Alt_Pairwise_Usia!#REF! -> #REF! | P6: =Alt_Pairwise_Usia!#REF!/Alt_Pairwise_Usia!#REF! -> #REF! | Q6: =Alt_Pairwise_Usia!#REF!/Alt_Pairwise_Usia!#REF! -> #REF! | R6: =Alt_Pairwise_Usia!#REF!/Alt_Pairwise_Usia!#REF! -> #REF! | ... AQ6: =Alt_Pairwise_Usia!#REF!/Alt_Pairwise_Usia!#REF! -> #REF! | AS6: =AVERAGE(B6:AQ6) -> #REF!
A7: Fajar | B7: =Alt_Pairwise_Usia!B7/Alt_Pairwise_Usia!#REF! -> #REF! | C7: =Alt_Pairwise_Usia!C7/Alt_Pairwise_Usia!#REF! -> #REF! | D7: =Alt_Pairwise_Usia!D7/Alt_Pairwise_Usia!#REF! -> #REF! | E7: =Alt_Pairwise_Usia!E7/Alt_Pairwise_Usia!#REF! -> #REF! | F7: =Alt_Pairwise_Usia!F7/Alt_Pairwise_Usia!#REF! -> #REF! | G7: =Alt_Pairwise_Usia!G7/Alt_Pairwise_Usia!#REF! -> #REF! | H7: =Alt_Pairwise_Usia!H7/Alt_Pairwise_Usia!#REF! -> #REF! | I7: =Alt_Pairwise_Usia!I7/Alt_Pairwise_Usia!#REF! -> #REF! | J7: =Alt_Pairwise_Usia!J7/Alt_Pairwise_Usia!#REF! -> #REF! | K7: =Alt_Pairwise_Usia!#REF!/Alt_Pairwise_Usia!#REF! -> #REF! | L7: =Alt_Pairwise_Usia!#REF!/Alt_Pairwise_Usia!#REF! -> #REF! | M7: =Alt_Pairwise_Usia!#REF!/Alt_Pairwise_Usia!#REF! -> #REF! | N7: =Alt_Pairwise_Usia!#REF!/Alt_Pairwise_Usia!#REF! -> #REF! | O7: =Alt_Pairwise_Usia!#REF!/Alt_Pairwise_Usia!#REF! -> #REF! | P7: =Alt_Pairwise_Usia!#REF!/Alt_Pairwise_Usia!#REF! -> #REF! | Q7: =Alt_Pairwise_Usia!#REF!/Alt_Pairwise_Usia!#REF! -> #REF! | R7: =Alt_Pairwise_Usia!#REF!/Alt_Pairwise_Usia!#REF! -> #REF! | ... AQ7: =Alt_Pairwise_Usia!#REF!/Alt_Pairwise_Usia!#REF! -> #REF! | AS7: =AVERAGE(B7:AQ7) -> #REF!
A8: Gita | B8: =Alt_Pairwise_Usia!B8/Alt_Pairwise_Usia!#REF! -> #REF! | C8: =Alt_Pairwise_Usia!C8/Alt_Pairwise_Usia!#REF! -> #REF! | D8: =Alt_Pairwise_Usia!D8/Alt_Pairwise_Usia!#REF! -> #REF! | E8: =Alt_Pairwise_Usia!E8/Alt_Pairwise_Usia!#REF! -> #REF! | F8: =Alt_Pairwise_Usia!F8/Alt_Pairwise_Usia!#REF! -> #REF! | G8: =Alt_Pairwise_Usia!G8/Alt_Pairwise_Usia!#REF! -> #REF! | H8: =Alt_Pairwise_Usia!H8/Alt_Pairwise_Usia!#REF! -> #REF! | I8: =Alt_Pairwise_Usia!I8/Alt_Pairwise_Usia!#REF! -> #REF! | J8: =Alt_Pairwise_Usia!J8/Alt_Pairwise_Usia!#REF! -> #REF! | K8: =Alt_Pairwise_Usia!#REF!/Alt_Pairwise_Usia!#REF! -> #REF! | L8: =Alt_Pairwise_Usia!#REF!/Alt_Pairwise_Usia!#REF! -> #REF! | M8: =Alt_Pairwise_Usia!#REF!/Alt_Pairwise_Usia!#REF! -> #REF! | N8: =Alt_Pairwise_Usia!#REF!/Alt_Pairwise_Usia!#REF! -> #REF! | O8: =Alt_Pairwise_Usia!#REF!/Alt_Pairwise_Usia!#REF! -> #REF! | P8: =Alt_Pairwise_Usia!#REF!/Alt_Pairwise_Usia!#REF! -> #REF! | Q8: =Alt_Pairwise_Usia!#REF!/Alt_Pairwise_Usia!#REF! -> #REF! | R8: =Alt_Pairwise_Usia!#REF!/Alt_Pairwise_Usia!#REF! -> #REF! | ... AQ8: =Alt_Pairwise_Usia!#REF!/Alt_Pairwise_Usia!#REF! -> #REF! | AS8: =AVERAGE(B8:AQ8) -> #REF!
A9: Hendra | B9: =Alt_Pairwise_Usia!B9/Alt_Pairwise_Usia!#REF! -> #REF! | C9: =Alt_Pairwise_Usia!C9/Alt_Pairwise_Usia!#REF! -> #REF! | D9: =Alt_Pairwise_Usia!D9/Alt_Pairwise_Usia!#REF! -> #REF! | E9: =Alt_Pairwise_Usia!E9/Alt_Pairwise_Usia!#REF! -> #REF! | F9: =Alt_Pairwise_Usia!F9/Alt_Pairwise_Usia!#REF! -> #REF! | G9: =Alt_Pairwise_Usia!G9/Alt_Pairwise_Usia!#REF! -> #REF! | H9: =Alt_Pairwise_Usia!H9/Alt_Pairwise_Usia!#REF! -> #REF! | I9: =Alt_Pairwise_Usia!I9/Alt_Pairwise_Usia!#REF! -> #REF! | J9: =Alt_Pairwise_Usia!J9/Alt_Pairwise_Usia!#REF! -> #REF! | K9: =Alt_Pairwise_Usia!#REF!/Alt_Pairwise_Usia!#REF! -> #REF! | L9: =Alt_Pairwise_Usia!#REF!/Alt_Pairwise_Usia!#REF! -> #REF! | M9: =Alt_Pairwise_Usia!#REF!/Alt_Pairwise_Usia!#REF! -> #REF! | N9: =Alt_Pairwise_Usia!#REF!/Alt_Pairwise_Usia!#REF! -> #REF! | O9: =Alt_Pairwise_Usia!#REF!/Alt_Pairwise_Usia!#REF! -> #REF! | P9: =Alt_Pairwise_Usia!#REF!/Alt_Pairwise_Usia!#REF! -> #REF! | Q9: =Alt_Pairwise_Usia!#REF!/Alt_Pairwise_Usia!#REF! -> #REF! | R9: =Alt_Pairwise_Usia!#REF!/Alt_Pairwise_Usia!#REF! -> #REF! | ... AQ9: =Alt_Pairwise_Usia!#REF!/Alt_Pairwise_Usia!#REF! -> #REF! | AS9: =AVERAGE(B9:AQ9) -> #REF!
A10: Intan | B10: =Alt_Pairwise_Usia!B10/Alt_Pairwise_Usia!#REF! -> #REF! | C10: =Alt_Pairwise_Usia!C10/Alt_Pairwise_Usia!#REF! -> #REF! | D10: =Alt_Pairwise_Usia!D10/Alt_Pairwise_Usia!#REF! -> #REF! | E10: =Alt_Pairwise_Usia!E10/Alt_Pairwise_Usia!#REF! -> #REF! | F10: =Alt_Pairwise_Usia!F10/Alt_Pairwise_Usia!#REF! -> #REF! | G10: =Alt_Pairwise_Usia!G10/Alt_Pairwise_Usia!#REF! -> #REF! | H10: =Alt_Pairwise_Usia!H10/Alt_Pairwise_Usia!#REF! -> #REF! | I10: =Alt_Pairwise_Usia!I10/Alt_Pairwise_Usia!#REF! -> #REF! | J10: =Alt_Pairwise_Usia!J10/Alt_Pairwise_Usia!#REF! -> #REF! | K10: =Alt_Pairwise_Usia!#REF!/Alt_Pairwise_Usia!#REF! -> #REF! | L10: =Alt_Pairwise_Usia!#REF!/Alt_Pairwise_Usia!#REF! -> #REF! | M10: =Alt_Pairwise_Usia!#REF!/Alt_Pairwise_Usia!#REF! -> #REF! | N10: =Alt_Pairwise_Usia!#REF!/Alt_Pairwise_Usia!#REF! -> #REF! | O10: =Alt_Pairwise_Usia!#REF!/Alt_Pairwise_Usia!#REF! -> #REF! | P10: =Alt_Pairwise_Usia!#REF!/Alt_Pairwise_Usia!#REF! -> #REF! | Q10: =Alt_Pairwise_Usia!#REF!/Alt_Pairwise_Usia!#REF! -> #REF! | R10: =Alt_Pairwise_Usia!#REF!/Alt_Pairwise_Usia!#REF! -> #REF! | ... AQ10: =Alt_Pairwise_Usia!#REF!/Alt_Pairwise_Usia!#REF! -> #REF! | AS10: =AVERAGE(B10:AQ10) -> #REF!

Sheet Alt_Pairwise_Pendapatan
B1: Andi | C1: Budi | D1: Citra | E1: Dewi | F1: Eko | G1: Fajar | H1: Gita | I1: Hendra | J1: Intan | K1: Joko | L1: Kiki | M1: Lina | N1: Made | O1: Nisa | P1: Oka | Q1: Putra | R1: Qori | S1: Rian | T1: Sinta | U1: Tono | V1: Uli | W1: Vina | X1: Wahyu | Y1: Xena | Z1: Yoga | AA1: Zaki | AB1: Amanda | AC1: Bayu | AD1: Clara | AE1: Dani | AF1: Alif Adji | AG1: Danu | AH1: Qori Halim | AI1: Dani Wijaya | AJ1: Kiki Suryanto | AK1: Nisa Putri | AL1: Amanda Rahma | AM1: Tono Pratama | AN1: Kiki Putri | AO1: Bayu Irawan | AP1: Qori Putri | AQ1: Gita Irawan
A2: Andi | B2: =Alternatives_Data!C2/Alternatives_Data!C2 -> 1 | C2: =Alternatives_Data!C2/Alternatives_Data!C3 -> 2 | D2: =Alternatives_Data!C2/Alternatives_Data!C4 -> 0.66666667 | E2: =Alternatives_Data!C2/Alternatives_Data!C5 -> 2 | F2: =Alternatives_Data!C2/Alternatives_Data!C6 -> 0.66666667 | G2: =Alternatives_Data!C2/Alternatives_Data!C7 -> 2 | H2: =Alternatives_Data!C2/Alternatives_Data!C8 -> 2 | I2: =Alternatives_Data!C2/Alternatives_Data!C9 -> 2 | J2: =Alternatives_Data!C2/Alternatives_Data!C10 -> 1 | K2: =Alternatives_Data!C2/Alternatives_Data!#REF! -> #REF! | L2: =Alternatives_Data!C2/Alternatives_Data!#REF! -> #REF! | M2: =Alternatives_Data!C2/Alternatives_Data!#REF! -> #REF! | N2: =Alternatives_Data!C2/Alternatives_Data!#REF! -> #REF! | O2: =Alternatives_Data!C2/Alternatives_Data!#REF! -> #REF! | P2: =Alternatives_Data!C2/Alternatives_Data!#REF! -> #REF! | Q2: =Alternatives_Data!C2/Alternatives_Data!#REF! -> #REF! | R2: =Alternatives_Data!C2/Alternatives_Data!#REF! -> #REF! | S2: =Alternatives_Data!C2/Alternatives_Data!#REF! -> #REF! | T2: =Alternatives_Data!C2/Alternatives_Data!#REF! -> #REF! | U2: =Alternatives_Data!C2/Alternatives_Data!#REF! -> #REF! | V2: =Alternatives_Data!C2/Alternatives_Data!#REF! -> #REF! | W2: =Alternatives_Data!C2/Alternatives_Data!#REF! -> #REF! | X2: =Alternatives_Data!C2/Alternatives_Data!#REF! -> #REF! | Y2: =Alternatives_Data!C2/Alternatives_Data!#REF! -> #REF! | Z2: =Alternatives_Data!C2/Alternatives_Data!#REF! -> #REF! | AA2: =Alternatives_Data!C2/Alternatives_Data!#REF! -> #REF! | AB2: =Alternatives_Data!C2/Alternatives_Data!#REF! -> #REF! | AC2: =Alternatives_Data!C2/Alternatives_Data!#REF! -> #REF! | AD2: =Alternatives_Data!C2/Alternatives_Data!#REF! -> #REF! | AE2: =Alternatives_Data!C2/Alternatives_Data!#REF! -> #REF! | AF2: =Alternatives_Data!C2/Alternatives_Data!#REF! -> #REF! | AG2: =Alternatives_Data!C2/Alternatives_Data!#REF! -> #REF! | AH2: =Alternatives_Data!C2/Alternatives_Data!#REF! -> #REF! | AI2: =Alternatives_Data!C2/Alternatives_Data!#REF! -> #REF! | AJ2: =Alternatives_Data!C2/Alternatives_Data!#REF! -> #REF! | AK2: =Alternatives_Data!C2/Alternatives_Data!#REF! -> #REF! | AL2: =Alternatives_Data!C2/Alternatives_Data!#REF! -> #REF! | AM2: =Alternatives_Data!C2/Alternatives_Data!#REF! -> #REF! | AN2: =Alternatives_Data!C2/Alternatives_Data!#REF! -> #REF! | AO2: =Alternatives_Data!C2/Alternatives_Data!#REF! -> #REF! | AP2: =Alternatives_Data!C2/Alternatives_Data!#REF! -> #REF! | AQ2: =Alternatives_Data!C2/Alternatives_Data!#REF! -> #REF!
A3: Budi | B3: =Alternatives_Data!C3/Alternatives_Data!C2 -> 0.5 | C3: =Alternatives_Data!C3/Alternatives_Data!C3 -> 1 | D3: =Alternatives_Data!C3/Alternatives_Data!C4 -> 0.33333333 | E3: =Alternatives_Data!C3/Alternatives_Data!C5 -> 1 | F3: =Alternatives_Data!C3/Alternatives_Data!C6 -> 0.33333333 | G3: =Alternatives_Data!C3/Alternatives_Data!C7 -> 1 | H3: =Alternatives_Data!C3/Alternatives_Data!C8 -> 1 | I3: =Alternatives_Data!C3/Alternatives_Data!C9 -> 1 | J3: =Alternatives_Data!C3/Alternatives_Data!C10 -> 0.5 | K3: =Alternatives_Data!C3/Alternatives_Data!#REF! -> #REF! | L3: =Alternatives_Data!C3/Alternatives_Data!#REF! -> #REF! | M3: =Alternatives_Data!C3/Alternatives_Data!#REF! -> #REF! | N3: =Alternatives_Data!C3/Alternatives_Data!#REF! -> #REF! | O3: =Alternatives_Data!C3/Alternatives_Data!#REF! -> #REF! | P3: =Alternatives_Data!C3/Alternatives_Data!#REF! -> #REF! | Q3: =Alternatives_Data!C3/Alternatives_Data!#REF! -> #REF! | R3: =Alternatives_Data!C3/Alternatives_Data!#REF! -> #REF! | S3: =Alternatives_Data!C3/Alternatives_Data!#REF! -> #REF! | T3: =Alternatives_Data!C3/Alternatives_Data!#REF! -> #REF! | U3: =Alternatives_Data!C3/Alternatives_Data!#REF! -> #REF! | V3: =Alternatives_Data!C3/Alternatives_Data!#REF! -> #REF! | W3: =Alternatives_Data!C3/Alternatives_Data!#REF! -> #REF! | X3: =Alternatives_Data!C3/Alternatives_Data!#REF! -> #REF! | Y3: =Alternatives_Data!C3/Alternatives_Data!#REF! -> #REF! | Z3: =Alternatives_Data!C3/Alternatives_Data!#REF! -> #REF! | AA3: =Alternatives_Data!C3/Alternatives_Data!#REF! -> #REF! | AB3: =Alternatives_Data!C3/Alternatives_Data!#REF! -> #REF! | AC3: =Alternatives_Data!C3/Alternatives_Data!#REF! -> #REF! | AD3: =Alternatives_Data!C3/Alternatives_Data!#REF! -> #REF! | AE3: =Alternatives_Data!C3/Alternatives_Data!#REF! -> #REF! | AF3: =Alternatives_Data!C3/Alternatives_Data!#REF! -> #REF! | AG3: =Alternatives_Data!C3/Alternatives_Data!#REF! -> #REF! | AH3: =Alternatives_Data!C3/Alternatives_Data!#REF! -> #REF! | AI3: =Alternatives_Data!C3/Alternatives_Data!#REF! -> #REF! | AJ3: =Alternatives_Data!C3/Alternatives_Data!#REF! -> #REF! | AK3: =Alternatives_Data!C3/Alternatives_Data!#REF! -> #REF! | AL3: =Alternatives_Data!C3/Alternatives_Data!#REF! -> #REF! | AM3: =Alternatives_Data!C3/Alternatives_Data!#REF! -> #REF! | AN3: =Alternatives_Data!C3/Alternatives_Data!#REF! -> #REF! | AO3: =Alternatives_Data!C3/Alternatives_Data!#REF! -> #REF! | AP3: =Alternatives_Data!C3/Alternatives_Data!#REF! -> #REF! | AQ3: =Alternatives_Data!C3/Alternatives_Data!#REF! -> #REF!
A4: Citra | B4: =Alternatives_Data!C4/Alternatives_Data!C2 -> 1.5 | C4: =Alternatives_Data!C4/Alternatives_Data!C3 -> 3 | D4: =Alternatives_Data!C4/Alternatives_Data!C4 -> 1 | E4: =Alternatives_Data!C4/Alternatives_Data!C5 -> 3 | F4: =Alternatives_Data!C4/Alternatives_Data!C6 -> 1 | G4: =Alternatives_Data!C4/Alternatives_Data!C7 -> 3 | H4: =Alternatives_Data!C4/Alternatives_Data!C8 -> 3 | I4: =Alternatives_Data!C4/Alternatives_Data!C9 -> 3 | J4: =Alternatives_Data!C4/Alternatives_Data!C10 -> 1.5 | K4: =Alternatives_Data!C4/Alternatives_Data!#REF! -> #REF! | L4: =Alternatives_Data!C4/Alternatives_Data!#REF! -> #REF! | M4: =Alternatives_Data!C4/Alternatives_Data!#REF! -> #REF! | N4: =Alternatives_Data!C4/Alternatives_Data!#REF! -> #REF! | O4: =Alternatives_Data!C4/Alternatives_Data!#REF! -> #REF! | P4: =Alternatives_Data!C4/Alternatives_Data!#REF! -> #REF! | Q4: =Alternatives_Data!C4/Alternatives_Data!#REF! -> #REF! | R4: =Alternatives_Data!C4/Alternatives_Data!#REF! -> #REF! | S4: =Alternatives_Data!C4/Alternatives_Data!#REF! -> #REF! | T4: =Alternatives_Data!C4/Alternatives_Data!#REF! -> #REF! | U4: =Alternatives_Data!C4/Alternatives_Data!#REF! -> #REF! | V4: =Alternatives_Data!C4/Alternatives_Data!#REF! -> #REF! | W4: =Alternatives_Data!C4/Alternatives_Data!#REF! -> #REF! | X4: =Alternatives_Data!C4/Alternatives_Data!#REF! -> #REF! | Y4: =Alternatives_Data!C4/Alternatives_Data!#REF! -> #REF! | Z4: =Alternatives_Data!C4/Alternatives_Data!#REF! -> #REF! | AA4: =Alternatives_Data!C4/Alternatives_Data!#REF! -> #REF! | AB4: =Alternatives_Data!C4/Alternatives_Data!#REF! -> #REF! | AC4: =Alternatives_Data!C4/Alternatives_Data!#REF! -> #REF! | AD4: =Alternatives_Data!C4/Alternatives_Data!#REF! -> #REF! | AE4: =Alternatives_Data!C4/Alternatives_Data!#REF! -> #REF! | AF4: =Alternatives_Data!C4/Alternatives_Data!#REF! -> #REF! | AG4: =Alternatives_Data!C4/Alternatives_Data!#REF! -> #REF! | AH4: =Alternatives_Data!C4/Alternatives_Data!#REF! -> #REF! | AI4: =Alternatives_Data!C4/Alternatives_Data!#REF! -> #REF! | AJ4: =Alternatives_Data!C4/Alternatives_Data!#REF! -> #REF! | AK4: =Alternatives_Data!C4/Alternatives_Data!#REF! -> #REF! | AL4: =Alternatives_Data!C4/Alternatives_Data!#REF! -> #REF! | AM4: =Alternatives_Data!C4/Alternatives_Data!#REF! -> #REF! | AN4: =Alternatives_Data!C4/Alternatives_Data!#REF! -> #REF! | AO4: =Alternatives_Data!C4/Alternatives_Data!#REF! -> #REF! | AP4: =Alternatives_Data!C4/Alternatives_Data!#REF! -> #REF! | AQ4: =Alternatives_Data!C4/Alternatives_Data!#REF! -> #REF!
A5: Dewi | B5: =Alternatives_Data!C5/Alternatives_Data!C2 -> 0.5 | C5: =Alternatives_Data!C5/Alternatives_Data!C3 -> 1 | D5: =Alternatives_Data!C5/Alternatives_Data!C4 -> 0.33333333 | E5: =Alternatives_Data!C5/Alternatives_Data!C5 -> 1 | F5: =Alternatives_Data!C5/Alternatives_Data!C6 -> 0.33333333 | G5: =Alternatives_Data!C5/Alternatives_Data!C7 -> 1 | H5: =Alternatives_Data!C5/Alternatives_Data!C8 -> 1 | I5: =Alternatives_Data!C5/Alternatives_Data!C9 -> 1 | J5: =Alternatives_Data!C5/Alternatives_Data!C10 -> 0.5 | K5: =Alternatives_Data!C5/Alternatives_Data!#REF! -> #REF! | L5: =Alternatives_Data!C5/Alternatives_Data!#REF! -> #REF! | M5: =Alternatives_Data!C5/Alternatives_Data!#REF! -> #REF! | N5: =Alternatives_Data!C5/Alternatives_Data!#REF! -> #REF! | O5: =Alternatives_Data!C5/Alternatives_Data!#REF! -> #REF! | P5: =Alternatives_Data!C5/Alternatives_Data!#REF! -> #REF! | Q5: =Alternatives_Data!C5/Alternatives_Data!#REF! -> #REF! | R5: =Alternatives_Data!C5/Alternatives_Data!#REF! -> #REF! | S5: =Alternatives_Data!C5/Alternatives_Data!#REF! -> #REF! | T5: =Alternatives_Data!C5/Alternatives_Data!#REF! -> #REF! | U5: =Alternatives_Data!C5/Alternatives_Data!#REF! -> #REF! | V5: =Alternatives_Data!C5/Alternatives_Data!#REF! -> #REF! | W5: =Alternatives_Data!C5/Alternatives_Data!#REF! -> #REF! | X5: =Alternatives_Data!C5/Alternatives_Data!#REF! -> #REF! | Y5: =Alternatives_Data!C5/Alternatives_Data!#REF! -> #REF! | Z5: =Alternatives_Data!C5/Alternatives_Data!#REF! -> #REF! | AA5: =Alternatives_Data!C5/Alternatives_Data!#REF! -> #REF! | AB5: =Alternatives_Data!C5/Alternatives_Data!#REF! -> #REF! | AC5: =Alternatives_Data!C5/Alternatives_Data!#REF! -> #REF! | AD5: =Alternatives_Data!C5/Alternatives_Data!#REF! -> #REF! | AE5: =Alternatives_Data!C5/Alternatives_Data!#REF! -> #REF! | AF5: =Alternatives_Data!C5/Alternatives_Data!#REF! -> #REF! | AG5: =Alternatives_Data!C5/Alternatives_Data!#REF! -> #REF! | AH5: =Alternatives_Data!C5/Alternatives_Data!#REF! -> #REF! | AI5: =Alternatives_Data!C5/Alternatives_Data!#REF! -> #REF! | AJ5: =Alternatives_Data!C5/Alternatives_Data!#REF! -> #REF! | AK5: =Alternatives_Data!C5/Alternatives_Data!#REF! -> #REF! | AL5: =Alternatives_Data!C5/Alternatives_Data!#REF! -> #REF! | AM5: =Alternatives_Data!C5/Alternatives_Data!#REF! -> #REF! | AN5: =Alternatives_Data!C5/Alternatives_Data!#REF! -> #REF! | AO5: =Alternatives_Data!C5/Alternatives_Data!#REF! -> #REF! | AP5: =Alternatives_Data!C5/Alternatives_Data!#REF! -> #REF! | AQ5: =Alternatives_Data!C5/Alternatives_Data!#REF! -> #REF!
A6: Eko | B6: =Alternatives_Data!C6/Alternatives_Data!C2 -> 1.5 | C6: =Alternatives_Data!C6/Alternatives_Data!C3 -> 3 | D6: =Alternatives_Data!C6/Alternatives_Data!C4 -> 1 | E6: =Alternatives_Data!C6/Alternatives_Data!C5 -> 3 | F6: =Alternatives_Data!C6/Alternatives_Data!C6 -> 1 | G6: =Alternatives_Data!C6/Alternatives_Data!C7 -> 3 | H6: =Alternatives_Data!C6/Alternatives_Data!C8 -> 3 | I6: =Alternatives_Data!C6/Alternatives_Data!C9 -> 3 | J6: =Alternatives_Data!C6/Alternatives_Data!C10 -> 1.5 | K6: =Alternatives_Data!C6/Alternatives_Data!#REF! -> #REF! | L6: =Alternatives_Data!C6/Alternatives_Data!#REF! -> #REF! | M6: =Alternatives_Data!C6/Alternatives_Data!#REF! -> #REF! | N6: =Alternatives_Data!C6/Alternatives_Data!#REF! -> #REF! | O6: =Alternatives_Data!C6/Alternatives_Data!#REF! -> #REF! | P6: =Alternatives_Data!C6/Alternatives_Data!#REF! -> #REF! | Q6: =Alternatives_Data!C6/Alternatives_Data!#REF! -> #REF! | R6: =Alternatives_Data!C6/Alternatives_Data!#REF! -> #REF! | S6: =Alternatives_Data!C6/Alternatives_Data!#REF! -> #REF! | T6: =Alternatives_Data!C6/Alternatives_Data!#REF! -> #REF! | U6: =Alternatives_Data!C6/Alternatives_Data!#REF! -> #REF! | V6: =Alternatives_Data!C6/Alternatives_Data!#REF! -> #REF! | W6: =Alternatives_Data!C6/Alternatives_Data!#REF! -> #REF! | X6: =Alternatives_Data!C6/Alternatives_Data!#REF! -> #REF! | Y6: =Alternatives_Data!C6/Alternatives_Data!#REF! -> #REF! | Z6: =Alternatives_Data!C6/Alternatives_Data!#REF! -> #REF! | AA6: =Alternatives_Data!C6/Alternatives_Data!#REF! -> #REF! | AB6: =Alternatives_Data!C6/Alternatives_Data!#REF! -> #REF! | AC6: =Alternatives_Data!C6/Alternatives_Data!#REF! -> #REF! | AD6: =Alternatives_Data!C6/Alternatives_Data!#REF! -> #REF! | AE6: =Alternatives_Data!C6/Alternatives_Data!#REF! -> #REF! | AF6: =Alternatives_Data!C6/Alternatives_Data!#REF! -> #REF! | AG6: =Alternatives_Data!C6/Alternatives_Data!#REF! -> #REF! | AH6: =Alternatives_Data!C6/Alternatives_Data!#REF! -> #REF! | AI6: =Alternatives_Data!C6/Alternatives_Data!#REF! -> #REF! | AJ6: =Alternatives_Data!C6/Alternatives_Data!#REF! -> #REF! | AK6: =Alternatives_Data!C6/Alternatives_Data!#REF! -> #REF! | AL6: =Alternatives_Data!C6/Alternatives_Data!#REF! -> #REF! | AM6: =Alternatives_Data!C6/Alternatives_Data!#REF! -> #REF! | AN6: =Alternatives_Data!C6/Alternatives_Data!#REF! -> #REF! | AO6: =Alternatives_Data!C6/Alternatives_Data!#REF! -> #REF! | AP6: =Alternatives_Data!C6/Alternatives_Data!#REF! -> #REF! | AQ6: =Alternatives_Data!C6/Alternatives_Data!#REF! -> #REF!
A7: Fajar | B7: =Alternatives_Data!C7/Alternatives_Data!C2 -> 0.5 | C7: =Alternatives_Data!C7/Alternatives_Data!C3 -> 1 | D7: =Alternatives_Data!C7/Alternatives_Data!C4 -> 0.33333333 | E7: =Alternatives_Data!C7/Alternatives_Data!C5 -> 1 | F7: =Alternatives_Data!C7/Alternatives_Data!C6 -> 0.33333333 | G7: =Alternatives_Data!C7/Alternatives_Data!C7 -> 1 | H7: =Alternatives_Data!C7/Alternatives_Data!C8 -> 1 | I7: =Alternatives_Data!C7/Alternatives_Data!C9 -> 1 | J7: =Alternatives_Data!C7/Alternatives_Data!C10 -> 0.5 | K7: =Alternatives_Data!C7/Alternatives_Data!#REF! -> #REF! | L7: =Alternatives_Data!C7/Alternatives_Data!#REF! -> #REF! | M7: =Alternatives_Data!C7/Alternatives_Data!#REF! -> #REF! | N7: =Alternatives_Data!C7/Alternatives_Data!#REF! -> #REF! | O7: =Alternatives_Data!C7/Alternatives_Data!#REF! -> #REF! | P7: =Alternatives_Data!C7/Alternatives_Data!#REF! -> #REF! | Q7: =Alternatives_Data!C7/Alternatives_Data!#REF! -> #REF! | R7: =Alternatives_Data!C7/Alternatives_Data!#REF! -> #REF! | S7: =Alternatives_Data!C7/Alternatives_Data!#REF! -> #REF! | T7: =Alternatives_Data!C7/Alternatives_Data!#REF! -> #REF! | U7: =Alternatives_Data!C7/Alternatives_Data!#REF! -> #REF! | V7: =Alternatives_Data!C7/Alternatives_Data!#REF! -> #REF! | W7: =Alternatives_Data!C7/Alternatives_Data!#REF! -> #REF! | X7: =Alternatives_Data!C7/Alternatives_Data!#REF! -> #REF! | Y7: =Alternatives_Data!C7/Alternatives_Data!#REF! -> #REF! | Z7: =Alternatives_Data!C7/Alternatives_Data!#REF! -> #REF! | AA7: =Alternatives_Data!C7/Alternatives_Data!#REF! -> #REF! | AB7: =Alternatives_Data!C7/Alternatives_Data!#REF! -> #REF! | AC7: =Alternatives_Data!C7/Alternatives_Data!#REF! -> #REF! | AD7: =Alternatives_Data!C7/Alternatives_Data!#REF! -> #REF! | AE7: =Alternatives_Data!C7/Alternatives_Data!#REF! -> #REF! | AF7: =Alternatives_Data!C7/Alternatives_Data!#REF! -> #REF! | AG7: =Alternatives_Data!C7/Alternatives_Data!#REF! -> #REF! | AH7: =Alternatives_Data!C7/Alternatives_Data!#REF! -> #REF! | AI7: =Alternatives_Data!C7/Alternatives_Data!#REF! -> #REF! | AJ7: =Alternatives_Data!C7/Alternatives_Data!#REF! -> #REF! | AK7: =Alternatives_Data!C7/Alternatives_Data!#REF! -> #REF! | AL7: =Alternatives_Data!C7/Alternatives_Data!#REF! -> #REF! | AM7: =Alternatives_Data!C7/Alternatives_Data!#REF! -> #REF! | AN7: =Alternatives_Data!C7/Alternatives_Data!#REF! -> #REF! | AO7: =Alternatives_Data!C7/Alternatives_Data!#REF! -> #REF! | AP7: =Alternatives_Data!C7/Alternatives_Data!#REF! -> #REF! | AQ7: =Alternatives_Data!C7/Alternatives_Data!#REF! -> #REF!
A8: Gita | B8: =Alternatives_Data!C8/Alternatives_Data!C2 -> 0.5 | C8: =Alternatives_Data!C8/Alternatives_Data!C3 -> 1 | D8: =Alternatives_Data!C8/Alternatives_Data!C4 -> 0.33333333 | E8: =Alternatives_Data!C8/Alternatives_Data!C5 -> 1 | F8: =Alternatives_Data!C8/Alternatives_Data!C6 -> 0.33333333 | G8: =Alternatives_Data!C8/Alternatives_Data!C7 -> 1 | H8: =Alternatives_Data!C8/Alternatives_Data!C8 -> 1 | I8: =Alternatives_Data!C8/Alternatives_Data!C9 -> 1 | J8: =Alternatives_Data!C8/Alternatives_Data!C10 -> 0.5 | K8: =Alternatives_Data!C8/Alternatives_Data!#REF! -> #REF! | L8: =Alternatives_Data!C8/Alternatives_Data!#REF! -> #REF! | M8: =Alternatives_Data!C8/Alternatives_Data!#REF! -> #REF! | N8: =Alternatives_Data!C8/Alternatives_Data!#REF! -> #REF! | O8: =Alternatives_Data!C8/Alternatives_Data!#REF! -> #REF! | P8: =Alternatives_Data!C8/Alternatives_Data!#REF! -> #REF! | Q8: =Alternatives_Data!C8/Alternatives_Data!#REF! -> #REF! | R8: =Alternatives_Data!C8/Alternatives_Data!#REF! -> #REF! | S8: =Alternatives_Data!C8/Alternatives_Data!#REF! -> #REF! | T8: =Alternatives_Data!C8/Alternatives_Data!#REF! -> #REF! | U8: =Alternatives_Data!C8/Alternatives_Data!#REF! -> #REF! | V8: =Alternatives_Data!C8/Alternatives_Data!#REF! -> #REF! | W8: =Alternatives_Data!C8/Alternatives_Data!#REF! -> #REF! | X8: =Alternatives_Data!C8/Alternatives_Data!#REF! -> #REF! | Y8: =Alternatives_Data!C8/Alternatives_Data!#REF! -> #REF! | Z8: =Alternatives_Data!C8/Alternatives_Data!#REF! -> #REF! | AA8: =Alternatives_Data!C8/Alternatives_Data!#REF! -> #REF! | AB8: =Alternatives_Data!C8/Alternatives_Data!#REF! -> #REF! | AC8: =Alternatives_Data!C8/Alternatives_Data!#REF! -> #REF! | AD8: =Alternatives_Data!C8/Alternatives_Data!#REF! -> #REF! | AE8: =Alternatives_Data!C8/Alternatives_Data!#REF! -> #REF! | AF8: =Alternatives_Data!C8/Alternatives_Data!#REF! -> #REF! | AG8: =Alternatives_Data!C8/Alternatives_Data!#REF! -> #REF! | AH8: =Alternatives_Data!C8/Alternatives_Data!#REF! -> #REF! | AI8: =Alternatives_Data!C8/Alternatives_Data!#REF! -> #REF! | AJ8: =Alternatives_Data!C8/Alternatives_Data!#REF! -> #REF! | AK8: =Alternatives_Data!C8/Alternatives_Data!#REF! -> #REF! | AL8: =Alternatives_Data!C8/Alternatives_Data!#REF! -> #REF! | AM8: =Alternatives_Data!C8/Alternatives_Data!#REF! -> #REF! | AN8: =Alternatives_Data!C8/Alternatives_Data!#REF! -> #REF! | AO8: =Alternatives_Data!C8/Alternatives_Data!#REF! -> #REF! | AP8: =Alternatives_Data!C8/Alternatives_Data!#REF! -> #REF! | AQ8: =Alternatives_Data!C8/Alternatives_Data!#REF! -> #REF!
A9: Hendra | B9: =Alternatives_Data!C9/Alternatives_Data!C2 -> 0.5 | C9: =Alternatives_Data!C9/Alternatives_Data!C3 -> 1 | D9: =Alternatives_Data!C9/Alternatives_Data!C4 -> 0.33333333 | E9: =Alternatives_Data!C9/Alternatives_Data!C5 -> 1 | F9: =Alternatives_Data!C9/Alternatives_Data!C6 -> 0.33333333 | G9: =Alternatives_Data!C9/Alternatives_Data!C7 -> 1 | H9: =Alternatives_Data!C9/Alternatives_Data!C8 -> 1 | I9: =Alternatives_Data!C9/Alternatives_Data!C9 -> 1 | J9: =Alternatives_Data!C9/Alternatives_Data!C10 -> 0.5 | K9: =Alternatives_Data!C9/Alternatives_Data!#REF! -> #REF! | L9: =Alternatives_Data!C9/Alternatives_Data!#REF! -> #REF! | M9: =Alternatives_Data!C9/Alternatives_Data!#REF! -> #REF! | N9: =Alternatives_Data!C9/Alternatives_Data!#REF! -> #REF! | O9: =Alternatives_Data!C9/Alternatives_Data!#REF! -> #REF! | P9: =Alternatives_Data!C9/Alternatives_Data!#REF! -> #REF! | Q9: =Alternatives_Data!C9/Alternatives_Data!#REF! -> #REF! | R9: =Alternatives_Data!C9/Alternatives_Data!#REF! -> #REF! | S9: =Alternatives_Data!C9/Alternatives_Data!#REF! -> #REF! | T9: =Alternatives_Data!C9/Alternatives_Data!#REF! -> #REF! | U9: =Alternatives_Data!C9/Alternatives_Data!#REF! -> #REF! | V9: =Alternatives_Data!C9/Alternatives_Data!#REF! -> #REF! | W9: =Alternatives_Data!C9/Alternatives_Data!#REF! -> #REF! | X9: =Alternatives_Data!C9/Alternatives_Data!#REF! -> #REF! | Y9: =Alternatives_Data!C9/Alternatives_Data!#REF! -> #REF! | Z9: =Alternatives_Data!C9/Alternatives_Data!#REF! -> #REF! | AA9: =Alternatives_Data!C9/Alternatives_Data!#REF! -> #REF! | AB9: =Alternatives_Data!C9/Alternatives_Data!#REF! -> #REF! | AC9: =Alternatives_Data!C9/Alternatives_Data!#REF! -> #REF! | AD9: =Alternatives_Data!C9/Alternatives_Data!#REF! -> #REF! | AE9: =Alternatives_Data!C9/Alternatives_Data!#REF! -> #REF! | AF9: =Alternatives_Data!C9/Alternatives_Data!#REF! -> #REF! | AG9: =Alternatives_Data!C9/Alternatives_Data!#REF! -> #REF! | AH9: =Alternatives_Data!C9/Alternatives_Data!#REF! -> #REF! | AI9: =Alternatives_Data!C9/Alternatives_Data!#REF! -> #REF! | AJ9: =Alternatives_Data!C9/Alternatives_Data!#REF! -> #REF! | AK9: =Alternatives_Data!C9/Alternatives_Data!#REF! -> #REF! | AL9: =Alternatives_Data!C9/Alternatives_Data!#REF! -> #REF! | AM9: =Alternatives_Data!C9/Alternatives_Data!#REF! -> #REF! | AN9: =Alternatives_Data!C9/Alternatives_Data!#REF! -> #REF! | AO9: =Alternatives_Data!C9/Alternatives_Data!#REF! -> #REF! | AP9: =Alternatives_Data!C9/Alternatives_Data!#REF! -> #REF! | AQ9: =Alternatives_Data!C9/Alternatives_Data!#REF! -> #REF!
A10: Intan | B10: =Alternatives_Data!C10/Alternatives_Data!C2 -> 1 | C10: =Alternatives_Data!C10/Alternatives_Data!C3 -> 2 | D10: =Alternatives_Data!C10/Alternatives_Data!C4 -> 0.66666667 | E10: =Alternatives_Data!C10/Alternatives_Data!C5 -> 2 | F10: =Alternatives_Data!C10/Alternatives_Data!C6 -> 0.66666667 | G10: =Alternatives_Data!C10/Alternatives_Data!C7 -> 2 | H10: =Alternatives_Data!C10/Alternatives_Data!C8 -> 2 | I10: =Alternatives_Data!C10/Alternatives_Data!C9 -> 2 | J10: =Alternatives_Data!C10/Alternatives_Data!C10 -> 1 | K10: =Alternatives_Data!C10/Alternatives_Data!#REF! -> #REF! | L10: =Alternatives_Data!C10/Alternatives_Data!#REF! -> #REF! | M10: =Alternatives_Data!C10/Alternatives_Data!#REF! -> #REF! | N10: =Alternatives_Data!C10/Alternatives_Data!#REF! -> #REF! | O10: =Alternatives_Data!C10/Alternatives_Data!#REF! -> #REF! | P10: =Alternatives_Data!C10/Alternatives_Data!#REF! -> #REF! | Q10: =Alternatives_Data!C10/Alternatives_Data!#REF! -> #REF! | R10: =Alternatives_Data!C10/Alternatives_Data!#REF! -> #REF! | S10: =Alternatives_Data!C10/Alternatives_Data!#REF! -> #REF! | T10: =Alternatives_Data!C10/Alternatives_Data!#REF! -> #REF! | U10: =Alternatives_Data!C10/Alternatives_Data!#REF! -> #REF! | V10: =Alternatives_Data!C10/Alternatives_Data!#REF! -> #REF! | W10: =Alternatives_Data!C10/Alternatives_Data!#REF! -> #REF! | X10: =Alternatives_Data!C10/Alternatives_Data!#REF! -> #REF! | Y10: =Alternatives_Data!C10/Alternatives_Data!#REF! -> #REF! | Z10: =Alternatives_Data!C10/Alternatives_Data!#REF! -> #REF! | AA10: =Alternatives_Data!C10/Alternatives_Data!#REF! -> #REF! | AB10: =Alternatives_Data!C10/Alternatives_Data!#REF! -> #REF! | AC10: =Alternatives_Data!C10/Alternatives_Data!#REF! -> #REF! | AD10: =Alternatives_Data!C10/Alternatives_Data!#REF! -> #REF! | AE10: =Alternatives_Data!C10/Alternatives_Data!#REF! -> #REF! | AF10: =Alternatives_Data!C10/Alternatives_Data!#REF! -> #REF! | AG10: =Alternatives_Data!C10/Alternatives_Data!#REF! -> #REF! | AH10: =Alternatives_Data!C10/Alternatives_Data!#REF! -> #REF! | AI10: =Alternatives_Data!C10/Alternatives_Data!#REF! -> #REF! | AJ10: =Alternatives_Data!C10/Alternatives_Data!#REF! -> #REF! | AK10: =Alternatives_Data!C10/Alternatives_Data!#REF! -> #REF! | AL10: =Alternatives_Data!C10/Alternatives_Data!#REF! -> #REF! | AM10: =Alternatives_Data!C10/Alternatives_Data!#REF! -> #REF! | AN10: =Alternatives_Data!C10/Alternatives_Data!#REF! -> #REF! | AO10: =Alternatives_Data!C10/Alternatives_Data!#REF! -> #REF! | AP10: =Alternatives_Data!C10/Alternatives_Data!#REF! -> #REF! | AQ10: =Alternatives_Data!C10/Alternatives_Data!#REF! -> #REF!
A11: Joko | B11: =Alternatives_Data!#REF!/Alternatives_Data!C2 -> #REF! | C11: =Alternatives_Data!#REF!/Alternatives_Data!C3 -> #REF! | D11: =Alternatives_Data!#REF!/Alternatives_Data!C4 -> #REF! | E11: =Alternatives_Data!#REF!/Alternatives_Data!C5 -> #REF! | F11: =Alternatives_Data!#REF!/Alternatives_Data!C6 -> #REF! | G11: =Alternatives_Data!#REF!/Alternatives_Data!C7 -> #REF! | H11: =Alternatives_Data!#REF!/Alternatives_Data!C8 -> #REF! | I11: =Alternatives_Data!#REF!/Alternatives_Data!C9 -> #REF! | J11: =Alternatives_Data!#REF!/Alternatives_Data!C10 -> #REF! | K11: =Alternatives_Data!#REF!/Alternatives_Data!#REF! -> #REF! | L11: =Alternatives_Data!#REF!/Alternatives_Data!#REF! -> #REF! | M11: =Alternatives_Data!#REF!/Alternatives_Data!#REF! -> #REF! | N11: =Alternatives_Data!#REF!/Alternatives_Data!#REF! -> #REF! | O11: =Alternatives_Data!#REF!/Alternatives_Data!#REF! -> #REF! | P11: =Alternatives_Data!#REF!/Alternatives_Data!#REF! -> #REF! | Q11: =Alternatives_Data!#REF!/Alternatives_Data!#REF! -> #REF! | R11: =Alternatives_Data!#REF!/Alternatives_Data!#REF! -> #REF! | ... AQ11: =Alternatives_Data!#REF!/Alternatives_Data!#REF! -> #REF!
A12: Kiki | B12: =Alternatives_Data!#REF!/Alternatives_Data!C2 -> #REF! | C12: =Alternatives_Data!#REF!/Alternatives_Data!C3 -> #REF! | D12: =Alternatives_Data!#REF!/Alternatives_Data!C4 -> #REF! | E12: =Alternatives_Data!#REF!/Alternatives_Data!C5 -> #REF! | F12: =Alternatives_Data!#REF!/Alternatives_Data!C6 -> #REF! | G12: =Alternatives_Data!#REF!/Alternatives_Data!C7 -> #REF! | H12: =Alternatives_Data!#REF!/Alternatives_Data!C8 -> #REF! | I12: =Alternatives_Data!#REF!/Alternatives_Data!C9 -> #REF! | J12: =Alternatives_Data!#REF!/Alternatives_Data!C10 -> #REF! | K12: =Alternatives_Data!#REF!/Alternatives_Data!#REF! -> #REF! | L12: =Alternatives_Data!#REF!/Alternatives_Data!#REF! -> #REF! | M12: =Alternatives_Data!#REF!/Alternatives_Data!#REF! -> #REF! | N12: =Alternatives_Data!#REF!/Alternatives_Data!#REF! -> #REF! | O12: =Alternatives_Data!#REF!/Alternatives_Data!#REF! -> #REF! | P12: =Alternatives_Data!#REF!/Alternatives_Data!#REF! -> #REF! | Q12: =Alternatives_Data!#REF!/Alternatives_Data!#REF! -> #REF! | R12: =Alternatives_Data!#REF!/Alternatives_Data!#REF! -> #REF! | ... AQ12: =Alternatives_Data!#REF!/Alternatives_Data!#REF! -> #REF!
A13: Lina | B13: =Alternatives_Data!#REF!/Alternatives_Data!C2 -> #REF! | C13: =Alternatives_Data!#REF!/Alternatives_Data!C3 -> #REF! | D13: =Alternatives_Data!#REF!/Alternatives_Data!C4 -> #REF! | E13: =Alternatives_Data!#REF!/Alternatives_Data!C5 -> #REF! | F13: =Alternatives_Data!#REF!/Alternatives_Data!C6 -> #REF! | G13: =Alternatives_Data!#REF!/Alternatives_Data!C7 -> #REF! | H13: =Alternatives_Data!#REF!/Alternatives_Data!C8 -> #REF! | I13: =Alternatives_Data!#REF!/Alternatives_Data!C9 -> #REF! | J13: =Alternatives_Data!#REF!/Alternatives_Data!C10 -> #REF! | K13: =Alternatives_Data!#REF!/Alternatives_Data!#REF! -> #REF! | L13: =Alternatives_Data!#REF!/Alternatives_Data!#REF! -> #REF! | M13: =Alternatives_Data!#REF!/Alternatives_Data!#REF! -> #REF! | N13: =Alternatives_Data!#REF!/Alternatives_Data!#REF! -> #REF! | O13: =Alternatives_Data!#REF!/Alternatives_Data!#REF! -> #REF! | P13: =Alternatives_Data!#REF!/Alternatives_Data!#REF! -> #REF! | Q13: =Alternatives_Data!#REF!/Alternatives_Data!#REF! -> #REF! | R13: =Alternatives_Data!#REF!/Alternatives_Data!#REF! -> #REF! | ... AQ13: =Alternatives_Data!#REF!/Alternatives_Data!#REF! -> #REF!
A14: Made | B14: =Alternatives_Data!#REF!/Alternatives_Data!C2 -> #REF! | C14: =Alternatives_Data!#REF!/Alternatives_Data!C3 -> #REF! | D14: =Alternatives_Data!#REF!/Alternatives_Data!C4 -> #REF! | E14: =Alternatives_Data!#REF!/Alternatives_Data!C5 -> #REF! | F14: =Alternatives_Data!#REF!/Alternatives_Data!C6 -> #REF! | G14: =Alternatives_Data!#REF!/Alternatives_Data!C7 -> #REF! | H14: =Alternatives_Data!#REF!/Alternatives_Data!C8 -> #REF! | I14: =Alternatives_Data!#REF!/Alternatives_Data!C9 -> #REF! | J14: =Alternatives_Data!#REF!/Alternatives_Data!C10 -> #REF! | K14: =Alternatives_Data!#REF!/Alternatives_Data!#REF! -> #REF! | L14: =Alternatives_Data!#REF!/Alternatives_Data!#REF! -> #REF! | M14: =Alternatives_Data!#REF!/Alternatives_Data!#REF! -> #REF! | N14: =Alternatives_Data!#REF!/Alternatives_Data!#REF! -> #REF! | O14: =Alternatives_Data!#REF!/Alternatives_Data!#REF! -> #REF! | P14: =Alternatives_Data!#REF!/Alternatives_Data!#REF! -> #REF! | Q14: =Alternatives_Data!#REF!/Alternatives_Data!#REF! -> #REF! | R14: =Alternatives_Data!#REF!/Alternatives_Data!#REF! -> #REF! | ... AQ14: =Alternatives_Data!#REF!/Alternatives_Data!#REF! -> #REF!
A15: Nisa | B15: =Alternatives_Data!#REF!/Alternatives_Data!C2 -> #REF! | C15: =Alternatives_Data!#REF!/Alternatives_Data!C3 -> #REF! | D15: =Alternatives_Data!#REF!/Alternatives_Data!C4 -> #REF! | E15: =Alternatives_Data!#REF!/Alternatives_Data!C5 -> #REF! | F15: =Alternatives_Data!#REF!/Alternatives_Data!C6 -> #REF! | G15: =Alternatives_Data!#REF!/Alternatives_Data!C7 -> #REF! | H15: =Alternatives_Data!#REF!/Alternatives_Data!C8 -> #REF! | I15: =Alternatives_Data!#REF!/Alternatives_Data!C9 -> #REF! | J15: =Alternatives_Data!#REF!/Alternatives_Data!C10 -> #REF! | K15: =Alternatives_Data!#REF!/Alternatives_Data!#REF! -> #REF! | L15: =Alternatives_Data!#REF!/Alternatives_Data!#REF! -> #REF! | M15: =Alternatives_Data!#REF!/Alternatives_Data!#REF! -> #REF! | N15: =Alternatives_Data!#REF!/Alternatives_Data!#REF! -> #REF! | O15: =Alternatives_Data!#REF!/Alternatives_Data!#REF! -> #REF! | P15: =Alternatives_Data!#REF!/Alternatives_Data!#REF! -> #REF! | Q15: =Alternatives_Data!#REF!/Alternatives_Data!#REF! -> #REF! | R15: =Alternatives_Data!#REF!/Alternatives_Data!#REF! -> #REF! | ... AQ15: =Alternatives_Data!#REF!/Alternatives_Data!#REF! -> #REF!
A16: Oka | B16: =Alternatives_Data!#REF!/Alternatives_Data!C2 -> #REF! | C16: =Alternatives_Data!#REF!/Alternatives_Data!C3 -> #REF! | D16: =Alternatives_Data!#REF!/Alternatives_Data!C4 -> #REF! | E16: =Alternatives_Data!#REF!/Alternatives_Data!C5 -> #REF! | F16: =Alternatives_Data!#REF!/Alternatives_Data!C6 -> #REF! | G16: =Alternatives_Data!#REF!/Alternatives_Data!C7 -> #REF! | H16: =Alternatives_Data!#REF!/Alternatives_Data!C8 -> #REF! | I16: =Alternatives_Data!#REF!/Alternatives_Data!C9 -> #REF! | J16: =Alternatives_Data!#REF!/Alternatives_Data!C10 -> #REF! | K16: =Alternatives_Data!#REF!/Alternatives_Data!#REF! -> #REF! | L16: =Alternatives_Data!#REF!/Alternatives_Data!#REF! -> #REF! | M16: =Alternatives_Data!#REF!/Alternatives_Data!#REF! -> #REF! | N16: =Alternatives_Data!#REF!/Alternatives_Data!#REF! -> #REF! | O16: =Alternatives_Data!#REF!/Alternatives_Data!#REF! -> #REF! | P16: =Alternatives_Data!#REF!/Alternatives_Data!#REF! -> #REF! | Q16: =Alternatives_Data!#REF!/Alternatives_Data!#REF! -> #REF! | R16: =Alternatives_Data!#REF!/Alternatives_Data!#REF! -> #REF! | ... AQ16: =Alternatives_Data!#REF!/Alternatives_Data!#REF! -> #REF!
A17: Putra | B17: =Alternatives_Data!#REF!/Alternatives_Data!C2 -> #REF! | C17: =Alternatives_Data!#REF!/Alternatives_Data!C3 -> #REF! | D17: =Alternatives_Data!#REF!/Alternatives_Data!C4 -> #REF! | E17: =Alternatives_Data!#REF!/Alternatives_Data!C5 -> #REF! | F17: =Alternatives_Data!#REF!/Alternatives_Data!C6 -> #REF! | G17: =Alternatives_Data!#REF!/Alternatives_Data!C7 -> #REF! | H17: =Alternatives_Data!#REF!/Alternatives_Data!C8 -> #REF! | I17: =Alternatives_Data!#REF!/Alternatives_Data!C9 -> #REF! | J17: =Alternatives_Data!#REF!/Alternatives_Data!C10 -> #REF! | K17: =Alternatives_Data!#REF!/Alternatives_Data!#REF! -> #REF! | L17: =Alternatives_Data!#REF!/Alternatives_Data!#REF! -> #REF! | M17: =Alternatives_Data!#REF!/Alternatives_Data!#REF! -> #REF! | N17: =Alternatives_Data!#REF!/Alternatives_Data!#REF! -> #REF! | O17: =Alternatives_Data!#REF!/Alternatives_Data!#REF! -> #REF! | P17: =Alternatives_Data!#REF!/Alternatives_Data!#REF! -> #REF! | Q17: =Alternatives_Data!#REF!/Alternatives_Data!#REF! -> #REF! | R17: =Alternatives_Data!#REF!/Alternatives_Data!#REF! -> #REF! | ... AQ17: =Alternatives_Data!#REF!/Alternatives_Data!#REF! -> #REF!
A18: Qori | B18: =Alternatives_Data!#REF!/Alternatives_Data!C2 -> #REF! | C18: =Alternatives_Data!#REF!/Alternatives_Data!C3 -> #REF! | D18: =Alternatives_Data!#REF!/Alternatives_Data!C4 -> #REF! | E18: =Alternatives_Data!#REF!/Alternatives_Data!C5 -> #REF! | F18: =Alternatives_Data!#REF!/Alternatives_Data!C6 -> #REF! | G18: =Alternatives_Data!#REF!/Alternatives_Data!C7 -> #REF! | H18: =Alternatives_Data!#REF!/Alternatives_Data!C8 -> #REF! | I18: =Alternatives_Data!#REF!/Alternatives_Data!C9 -> #REF! | J18: =Alternatives_Data!#REF!/Alternatives_Data!C10 -> #REF! | K18: =Alternatives_Data!#REF!/Alternatives_Data!#REF! -> #REF! | L18: =Alternatives_Data!#REF!/Alternatives_Data!#REF! -> #REF! | M18: =Alternatives_Data!#REF!/Alternatives_Data!#REF! -> #REF! | N18: =Alternatives_Data!#REF!/Alternatives_Data!#REF! -> #REF! | O18: =Alternatives_Data!#REF!/Alternatives_Data!#REF! -> #REF! | P18: =Alternatives_Data!#REF!/Alternatives_Data!#REF! -> #REF! | Q18: =Alternatives_Data!#REF!/Alternatives_Data!#REF! -> #REF! | R18: =Alternatives_Data!#REF!/Alternatives_Data!#REF! -> #REF! | ... AQ18: =Alternatives_Data!#REF!/Alternatives_Data!#REF! -> #REF!
A19: Rian | B19: =Alternatives_Data!#REF!/Alternatives_Data!C2 -> #REF! | C19: =Alternatives_Data!#REF!/Alternatives_Data!C3 -> #REF! | D19: =Alternatives_Data!#REF!/Alternatives_Data!C4 -> #REF! | E19: =Alternatives_Data!#REF!/Alternatives_Data!C5 -> #REF! | F19: =Alternatives_Data!#REF!/Alternatives_Data!C6 -> #REF! | G19: =Alternatives_Data!#REF!/Alternatives_Data!C7 -> #REF! | H19: =Alternatives_Data!#REF!/Alternatives_Data!C8 -> #REF! | I19: =Alternatives_Data!#REF!/Alternatives_Data!C9 -> #REF! | J19: =Alternatives_Data!#REF!/Alternatives_Data!C10 -> #REF! | K19: =Alternatives_Data!#REF!/Alternatives_Data!#REF! -> #REF! | L19: =Alternatives_Data!#REF!/Alternatives_Data!#REF! -> #REF! | M19: =Alternatives_Data!#REF!/Alternatives_Data!#REF! -> #REF! | N19: =Alternatives_Data!#REF!/Alternatives_Data!#REF! -> #REF! | O19: =Alternatives_Data!#REF!/Alternatives_Data!#REF! -> #REF! | P19: =Alternatives_Data!#REF!/Alternatives_Data!#REF! -> #REF! | Q19: =Alternatives_Data!#REF!/Alternatives_Data!#REF! -> #REF! | R19: =Alternatives_Data!#REF!/Alternatives_Data!#REF! -> #REF! | ... AQ19: =Alternatives_Data!#REF!/Alternatives_Data!#REF! -> #REF!
A20: Sinta | B20: =Alternatives_Data!#REF!/Alternatives_Data!C2 -> #REF! | C20: =Alternatives_Data!#REF!/Alternatives_Data!C3 -> #REF! | D20: =Alternatives_Data!#REF!/Alternatives_Data!C4 -> #REF! | E20: =Alternatives_Data!#REF!/Alternatives_Data!C5 -> #REF! | F20: =Alternatives_Data!#REF!/Alternatives_Data!C6 -> #REF! | G20: =Alternatives_Data!#REF!/Alternatives_Data!C7 -> #REF! | H20: =Alternatives_Data!#REF!/Alternatives_Data!C8 -> #REF! | I20: =Alternatives_Data!#REF!/Alternatives_Data!C9 -> #REF! | J20: =Alternatives_Data!#REF!/Alternatives_Data!C10 -> #REF! | K20: =Alternatives_Data!#REF!/Alternatives_Data!#REF! -> #REF! | L20: =Alternatives_Data!#REF!/Alternatives_Data!#REF! -> #REF! | M20: =Alternatives_Data!#REF!/Alternatives_Data!#REF! -> #REF! | N20: =Alternatives_Data!#REF!/Alternatives_Data!#REF! -> #REF! | O20: =Alternatives_Data!#REF!/Alternatives_Data!#REF! -> #REF! | P20: =Alternatives_Data!#REF!/Alternatives_Data!#REF! -> #REF! | Q20: =Alternatives_Data!#REF!/Alternatives_Data!#REF! -> #REF! | R20: =Alternatives_Data!#REF!/Alternatives_Data!#REF! -> #REF! | ... AQ20: =Alternatives_Data!#REF!/Alternatives_Data!#REF! -> #REF!
A21: Tono | B21: =Alternatives_Data!#REF!/Alternatives_Data!C2 -> #REF! | C21: =Alternatives_Data!#REF!/Alternatives_Data!C3 -> #REF! | D21: =Alternatives_Data!#REF!/Alternatives_Data!C4 -> #REF! | E21: =Alternatives_Data!#REF!/Alternatives_Data!C5 -> #REF! | F21: =Alternatives_Data!#REF!/Alternatives_Data!C6 -> #REF! | G21: =Alternatives_Data!#REF!/Alternatives_Data!C7 -> #REF! | H21: =Alternatives_Data!#REF!/Alternatives_Data!C8 -> #REF! | I21: =Alternatives_Data!#REF!/Alternatives_Data!C9 -> #REF! | J21: =Alternatives_Data!#REF!/Alternatives_Data!C10 -> #REF! | K21: =Alternatives_Data!#REF!/Alternatives_Data!#REF! -> #REF! | L21: =Alternatives_Data!#REF!/Alternatives_Data!#REF! -> #REF! | M21: =Alternatives_Data!#REF!/Alternatives_Data!#REF! -> #REF! | N21: =Alternatives_Data!#REF!/Alternatives_Data!#REF! -> #REF! | O21: =Alternatives_Data!#REF!/Alternatives_Data!#REF! -> #REF! | P21: =Alternatives_Data!#REF!/Alternatives_Data!#REF! -> #REF! | Q21: =Alternatives_Data!#REF!/Alternatives_Data!#REF! -> #REF! | R21: =Alternatives_Data!#REF!/Alternatives_Data!#REF! -> #REF! | ... AQ21: =Alternatives_Data!#REF!/Alternatives_Data!#REF! -> #REF!
A22: Uli | B22: =Alternatives_Data!#REF!/Alternatives_Data!C2 -> #REF! | C22: =Alternatives_Data!#REF!/Alternatives_Data!C3 -> #REF! | D22: =Alternatives_Data!#REF!/Alternatives_Data!C4 -> #REF! | E22: =Alternatives_Data!#REF!/Alternatives_Data!C5 -> #REF! | F22: =Alternatives_Data!#REF!/Alternatives_Data!C6 -> #REF! | G22: =Alternatives_Data!#REF!/Alternatives_Data!C7 -> #REF! | H22: =Alternatives_Data!#REF!/Alternatives_Data!C8 -> #REF! | I22: =Alternatives_Data!#REF!/Alternatives_Data!C9 -> #REF! | J22: =Alternatives_Data!#REF!/Alternatives_Data!C10 -> #REF! | K22: =Alternatives_Data!#REF!/Alternatives_Data!#REF! -> #REF! | L22: =Alternatives_Data!#REF!/Alternatives_Data!#REF! -> #REF! | M22: =Alternatives_Data!#REF!/Alternatives_Data!#REF! -> #REF! | N22: =Alternatives_Data!#REF!/Alternatives_Data!#REF! -> #REF! | O22: =Alternatives_Data!#REF!/Alternatives_Data!#REF! -> #REF! | P22: =Alternatives_Data!#REF!/Alternatives_Data!#REF! -> #REF! | Q22: =Alternatives_Data!#REF!/Alternatives_Data!#REF! -> #REF! | R22: =Alternatives_Data!#REF!/Alternatives_Data!#REF! -> #REF! | ... AQ22: =Alternatives_Data!#REF!/Alternatives_Data!#REF! -> #REF!
A23: Vina | B23: =Alternatives_Data!#REF!/Alternatives_Data!C2 -> #REF! | C23: =Alternatives_Data!#REF!/Alternatives_Data!C3 -> #REF! | D23: =Alternatives_Data!#REF!/Alternatives_Data!C4 -> #REF! | E23: =Alternatives_Data!#REF!/Alternatives_Data!C5 -> #REF! | F23: =Alternatives_Data!#REF!/Alternatives_Data!C6 -> #REF! | G23: =Alternatives_Data!#REF!/Alternatives_Data!C7 -> #REF! | H23: =Alternatives_Data!#REF!/Alternatives_Data!C8 -> #REF! | I23: =Alternatives_Data!#REF!/Alternatives_Data!C9 -> #REF! | J23: =Alternatives_Data!#REF!/Alternatives_Data!C10 -> #REF! | K23: =Alternatives_Data!#REF!/Alternatives_Data!#REF! -> #REF! | L23: =Alternatives_Data!#REF!/Alternatives_Data!#REF! -> #REF! | M23: =Alternatives_Data!#REF!/Alternatives_Data!#REF! -> #REF! | N23: =Alternatives_Data!#REF!/Alternatives_Data!#REF! -> #REF! | O23: =Alternatives_Data!#REF!/Alternatives_Data!#REF! -> #REF! | P23: =Alternatives_Data!#REF!/Alternatives_Data!#REF! -> #REF! | Q23: =Alternatives_Data!#REF!/Alternatives_Data!#REF! -> #REF! | R23: =Alternatives_Data!#REF!/Alternatives_Data!#REF! -> #REF! | ... AQ23: =Alternatives_Data!#REF!/Alternatives_Data!#REF! -> #REF!
A24: Wahyu | B24: =Alternatives_Data!#REF!/Alternatives_Data!C2 -> #REF! | C24: =Alternatives_Data!#REF!/Alternatives_Data!C3 -> #REF! | D24: =Alternatives_Data!#REF!/Alternatives_Data!C4 -> #REF! | E24: =Alternatives_Data!#REF!/Alternatives_Data!C5 -> #REF! | F24: =Alternatives_Data!#REF!/Alternatives_Data!C6 -> #REF! | G24: =Alternatives_Data!#REF!/Alternatives_Data!C7 -> #REF! | H24: =Alternatives_Data!#REF!/Alternatives_Data!C8 -> #REF! | I24: =Alternatives_Data!#REF!/Alternatives_Data!C9 -> #REF! | J24: =Alternatives_Data!#REF!/Alternatives_Data!C10 -> #REF! | K24: =Alternatives_Data!#REF!/Alternatives_Data!#REF! -> #REF! | L24: =Alternatives_Data!#REF!/Alternatives_Data!#REF! -> #REF! | M24: =Alternatives_Data!#REF!/Alternatives_Data!#REF! -> #REF! | N24: =Alternatives_Data!#REF!/Alternatives_Data!#REF! -> #REF! | O24: =Alternatives_Data!#REF!/Alternatives_Data!#REF! -> #REF! | P24: =Alternatives_Data!#REF!/Alternatives_Data!#REF! -> #REF! | Q24: =Alternatives_Data!#REF!/Alternatives_Data!#REF! -> #REF! | R24: =Alternatives_Data!#REF!/Alternatives_Data!#REF! -> #REF! | ... AQ24: =Alternatives_Data!#REF!/Alternatives_Data!#REF! -> #REF!
A25: Xena | B25: =Alternatives_Data!#REF!/Alternatives_Data!C2 -> #REF! | C25: =Alternatives_Data!#REF!/Alternatives_Data!C3 -> #REF! | D25: =Alternatives_Data!#REF!/Alternatives_Data!C4 -> #REF! | E25: =Alternatives_Data!#REF!/Alternatives_Data!C5 -> #REF! | F25: =Alternatives_Data!#REF!/Alternatives_Data!C6 -> #REF! | G25: =Alternatives_Data!#REF!/Alternatives_Data!C7 -> #REF! | H25: =Alternatives_Data!#REF!/Alternatives_Data!C8 -> #REF! | I25: =Alternatives_Data!#REF!/Alternatives_Data!C9 -> #REF! | J25: =Alternatives_Data!#REF!/Alternatives_Data!C10 -> #REF! | K25: =Alternatives_Data!#REF!/Alternatives_Data!#REF! -> #REF! | L25: =Alternatives_Data!#REF!/Alternatives_Data!#REF! -> #REF! | M25: =Alternatives_Data!#REF!/Alternatives_Data!#REF! -> #REF! | N25: =Alternatives_Data!#REF!/Alternatives_Data!#REF! -> #REF! | O25: =Alternatives_Data!#REF!/Alternatives_Data!#REF! -> #REF! | P25: =Alternatives_Data!#REF!/Alternatives_Data!#REF! -> #REF! | Q25: =Alternatives_Data!#REF!/Alternatives_Data!#REF! -> #REF! | R25: =Alternatives_Data!#REF!/Alternatives_Data!#REF! -> #REF! | ... AQ25: =Alternatives_Data!#REF!/Alternatives_Data!#REF! -> #REF!
A26: Yoga | B26: =Alternatives_Data!#REF!/Alternatives_Data!C2 -> #REF! | C26: =Alternatives_Data!#REF!/Alternatives_Data!C3 -> #REF! | D26: =Alternatives_Data!#REF!/Alternatives_Data!C4 -> #REF! | E26: =Alternatives_Data!#REF!/Alternatives_Data!C5 -> #REF! | F26: =Alternatives_Data!#REF!/Alternatives_Data!C6 -> #REF! | G26: =Alternatives_Data!#REF!/Alternatives_Data!C7 -> #REF! | H26: =Alternatives_Data!#REF!/Alternatives_Data!C8 -> #REF! | I26: =Alternatives_Data!#REF!/Alternatives_Data!C9 -> #REF! | J26: =Alternatives_Data!#REF!/Alternatives_Data!C10 -> #REF! | K26: =Alternatives_Data!#REF!/Alternatives_Data!#REF! -> #REF! | L26: =Alternatives_Data!#REF!/Alternatives_Data!#REF! -> #REF! | M26: =Alternatives_Data!#REF!/Alternatives_Data!#REF! -> #REF! | N26: =Alternatives_Data!#REF!/Alternatives_Data!#REF! -> #REF! | O26: =Alternatives_Data!#REF!/Alternatives_Data!#REF! -> #REF! | P26: =Alternatives_Data!#REF!/Alternatives_Data!#REF! -> #REF! | Q26: =Alternatives_Data!#REF!/Alternatives_Data!#REF! -> #REF! | R26: =Alternatives_Data!#REF!/Alternatives_Data!#REF! -> #REF! | ... AQ26: =Alternatives_Data!#REF!/Alternatives_Data!#REF! -> #REF!
A27: Zaki | B27: =Alternatives_Data!#REF!/Alternatives_Data!C2 -> #REF! | C27: =Alternatives_Data!#REF!/Alternatives_Data!C3 -> #REF! | D27: =Alternatives_Data!#REF!/Alternatives_Data!C4 -> #REF! | E27: =Alternatives_Data!#REF!/Alternatives_Data!C5 -> #REF! | F27: =Alternatives_Data!#REF!/Alternatives_Data!C6 -> #REF! | G27: =Alternatives_Data!#REF!/Alternatives_Data!C7 -> #REF! | H27: =Alternatives_Data!#REF!/Alternatives_Data!C8 -> #REF! | I27: =Alternatives_Data!#REF!/Alternatives_Data!C9 -> #REF! | J27: =Alternatives_Data!#REF!/Alternatives_Data!C10 -> #REF! | K27: =Alternatives_Data!#REF!/Alternatives_Data!#REF! -> #REF! | L27: =Alternatives_Data!#REF!/Alternatives_Data!#REF! -> #REF! | M27: =Alternatives_Data!#REF!/Alternatives_Data!#REF! -> #REF! | N27: =Alternatives_Data!#REF!/Alternatives_Data!#REF! -> #REF! | O27: =Alternatives_Data!#REF!/Alternatives_Data!#REF! -> #REF! | P27: =Alternatives_Data!#REF!/Alternatives_Data!#REF! -> #REF! | Q27: =Alternatives_Data!#REF!/Alternatives_Data!#REF! -> #REF! | R27: =Alternatives_Data!#REF!/Alternatives_Data!#REF! -> #REF! | ... AQ27: =Alternatives_Data!#REF!/Alternatives_Data!#REF! -> #REF!
A28: Amanda | B28: =Alternatives_Data!#REF!/Alternatives_Data!C2 -> #REF! | C28: =Alternatives_Data!#REF!/Alternatives_Data!C3 -> #REF! | D28: =Alternatives_Data!#REF!/Alternatives_Data!C4 -> #REF! | E28: =Alternatives_Data!#REF!/Alternatives_Data!C5 -> #REF! | F28: =Alternatives_Data!#REF!/Alternatives_Data!C6 -> #REF! | G28: =Alternatives_Data!#REF!/Alternatives_Data!C7 -> #REF! | H28: =Alternatives_Data!#REF!/Alternatives_Data!C8 -> #REF! | I28: =Alternatives_Data!#REF!/Alternatives_Data!C9 -> #REF! | J28: =Alternatives_Data!#REF!/Alternatives_Data!C10 -> #REF! | K28: =Alternatives_Data!#REF!/Alternatives_Data!#REF! -> #REF! | L28: =Alternatives_Data!#REF!/Alternatives_Data!#REF! -> #REF! | M28: =Alternatives_Data!#REF!/Alternatives_Data!#REF! -> #REF! | N28: =Alternatives_Data!#REF!/Alternatives_Data!#REF! -> #REF! | O28: =Alternatives_Data!#REF!/Alternatives_Data!#REF! -> #REF! | P28: =Alternatives_Data!#REF!/Alternatives_Data!#REF! -> #REF! | Q28: =Alternatives_Data!#REF!/Alternatives_Data!#REF! -> #REF! | R28: =Alternatives_Data!#REF!/Alternatives_Data!#REF! -> #REF! | ... AQ28: =Alternatives_Data!#REF!/Alternatives_Data!#REF! -> #REF!
A29: Bayu | B29: =Alternatives_Data!#REF!/Alternatives_Data!C2 -> #REF! | C29: =Alternatives_Data!#REF!/Alternatives_Data!C3 -> #REF! | D29: =Alternatives_Data!#REF!/Alternatives_Data!C4 -> #REF! | E29: =Alternatives_Data!#REF!/Alternatives_Data!C5 -> #REF! | F29: =Alternatives_Data!#REF!/Alternatives_Data!C6 -> #REF! | G29: =Alternatives_Data!#REF!/Alternatives_Data!C7 -> #REF! | H29: =Alternatives_Data!#REF!/Alternatives_Data!C8 -> #REF! | I29: =Alternatives_Data!#REF!/Alternatives_Data!C9 -> #REF! | J29: =Alternatives_Data!#REF!/Alternatives_Data!C10 -> #REF! | K29: =Alternatives_Data!#REF!/Alternatives_Data!#REF! -> #REF! | L29: =Alternatives_Data!#REF!/Alternatives_Data!#REF! -> #REF! | M29: =Alternatives_Data!#REF!/Alternatives_Data!#REF! -> #REF! | N29: =Alternatives_Data!#REF!/Alternatives_Data!#REF! -> #REF! | O29: =Alternatives_Data!#REF!/Alternatives_Data!#REF! -> #REF! | P29: =Alternatives_Data!#REF!/Alternatives_Data!#REF! -> #REF! | Q29: =Alternatives_Data!#REF!/Alternatives_Data!#REF! -> #REF! | R29: =Alternatives_Data!#REF!/Alternatives_Data!#REF! -> #REF! | ... AQ29: =Alternatives_Data!#REF!/Alternatives_Data!#REF! -> #REF!
A30: Clara | B30: =Alternatives_Data!#REF!/Alternatives_Data!C2 -> #REF! | C30: =Alternatives_Data!#REF!/Alternatives_Data!C3 -> #REF! | D30: =Alternatives_Data!#REF!/Alternatives_Data!C4 -> #REF! | E30: =Alternatives_Data!#REF!/Alternatives_Data!C5 -> #REF! | F30: =Alternatives_Data!#REF!/Alternatives_Data!C6 -> #REF! | G30: =Alternatives_Data!#REF!/Alternatives_Data!C7 -> #REF! | H30: =Alternatives_Data!#REF!/Alternatives_Data!C8 -> #REF! | I30: =Alternatives_Data!#REF!/Alternatives_Data!C9 -> #REF! | J30: =Alternatives_Data!#REF!/Alternatives_Data!C10 -> #REF! | K30: =Alternatives_Data!#REF!/Alternatives_Data!#REF! -> #REF! | L30: =Alternatives_Data!#REF!/Alternatives_Data!#REF! -> #REF! | M30: =Alternatives_Data!#REF!/Alternatives_Data!#REF! -> #REF! | N30: =Alternatives_Data!#REF!/Alternatives_Data!#REF! -> #REF! | O30: =Alternatives_Data!#REF!/Alternatives_Data!#REF! -> #REF! | P30: =Alternatives_Data!#REF!/Alternatives_Data!#REF! -> #REF! | Q30: =Alternatives_Data!#REF!/Alternatives_Data!#REF! -> #REF! | R30: =Alternatives_Data!#REF!/Alternatives_Data!#REF! -> #REF! | ... AQ30: =Alternatives_Data!#REF!/Alternatives_Data!#REF! -> #REF!
A31: Dani | B31: =Alternatives_Data!#REF!/Alternatives_Data!C2 -> #REF! | C31: =Alternatives_Data!#REF!/Alternatives_Data!C3 -> #REF! | D31: =Alternatives_Data!#REF!/Alternatives_Data!C4 -> #REF! | E31: =Alternatives_Data!#REF!/Alternatives_Data!C5 -> #REF! | F31: =Alternatives_Data!#REF!/Alternatives_Data!C6 -> #REF! | G31: =Alternatives_Data!#REF!/Alternatives_Data!C7 -> #REF! | H31: =Alternatives_Data!#REF!/Alternatives_Data!C8 -> #REF! | I31: =Alternatives_Data!#REF!/Alternatives_Data!C9 -> #REF! | J31: =Alternatives_Data!#REF!/Alternatives_Data!C10 -> #REF! | K31: =Alternatives_Data!#REF!/Alternatives_Data!#REF! -> #REF! | L31: =Alternatives_Data!#REF!/Alternatives_Data!#REF! -> #REF! | M31: =Alternatives_Data!#REF!/Alternatives_Data!#REF! -> #REF! | N31: =Alternatives_Data!#REF!/Alternatives_Data!#REF! -> #REF! | O31: =Alternatives_Data!#REF!/Alternatives_Data!#REF! -> #REF! | P31: =Alternatives_Data!#REF!/Alternatives_Data!#REF! -> #REF! | Q31: =Alternatives_Data!#REF!/Alternatives_Data!#REF! -> #REF! | R31: =Alternatives_Data!#REF!/Alternatives_Data!#REF! -> #REF! | ... AQ31: =Alternatives_Data!#REF!/Alternatives_Data!#REF! -> #REF!
A32: Alif Adji | B32: =Alternatives_Data!#REF!/Alternatives_Data!C2 -> #REF! | C32: =Alternatives_Data!#REF!/Alternatives_Data!C3 -> #REF! | D32: =Alternatives_Data!#REF!/Alternatives_Data!C4 -> #REF! | E32: =Alternatives_Data!#REF!/Alternatives_Data!C5 -> #REF! | F32: =Alternatives_Data!#REF!/Alternatives_Data!C6 -> #REF! | G32: =Alternatives_Data!#REF!/Alternatives_Data!C7 -> #REF! | H32: =Alternatives_Data!#REF!/Alternatives_Data!C8 -> #REF! | I32: =Alternatives_Data!#REF!/Alternatives_Data!C9 -> #REF! | J32: =Alternatives_Data!#REF!/Alternatives_Data!C10 -> #REF! | K32: =Alternatives_Data!#REF!/Alternatives_Data!#REF! -> #REF! | L32: =Alternatives_Data!#REF!/Alternatives_Data!#REF! -> #REF! | M32: =Alternatives_Data!#REF!/Alternatives_Data!#REF! -> #REF! | N32: =Alternatives_Data!#REF!/Alternatives_Data!#REF! -> #REF! | O32: =Alternatives_Data!#REF!/Alternatives_Data!#REF! -> #REF! | P32: =Alternatives_Data!#REF!/Alternatives_Data!#REF! -> #REF! | Q32: =Alternatives_Data!#REF!/Alternatives_Data!#REF! -> #REF! | R32: =Alternatives_Data!#REF!/Alternatives_Data!#REF! -> #REF! | ... AQ32: =Alternatives_Data!#REF!/Alternatives_Data!#REF! -> #REF!
A33: Danu | B33: =Alternatives_Data!#REF!/Alternatives_Data!C2 -> #REF! | C33: =Alternatives_Data!#REF!/Alternatives_Data!C3 -> #REF! | D33: =Alternatives_Data!#REF!/Alternatives_Data!C4 -> #REF! | E33: =Alternatives_Data!#REF!/Alternatives_Data!C5 -> #REF! | F33: =Alternatives_Data!#REF!/Alternatives_Data!C6 -> #REF! | G33: =Alternatives_Data!#REF!/Alternatives_Data!C7 -> #REF! | H33: =Alternatives_Data!#REF!/Alternatives_Data!C8 -> #REF! | I33: =Alternatives_Data!#REF!/Alternatives_Data!C9 -> #REF! | J33: =Alternatives_Data!#REF!/Alternatives_Data!C10 -> #REF! | K33: =Alternatives_Data!#REF!/Alternatives_Data!#REF! -> #REF! | L33: =Alternatives_Data!#REF!/Alternatives_Data!#REF! -> #REF! | M33: =Alternatives_Data!#REF!/Alternatives_Data!#REF! -> #REF! | N33: =Alternatives_Data!#REF!/Alternatives_Data!#REF! -> #REF! | O33: =Alternatives_Data!#REF!/Alternatives_Data!#REF! -> #REF! | P33: =Alternatives_Data!#REF!/Alternatives_Data!#REF! -> #REF! | Q33: =Alternatives_Data!#REF!/Alternatives_Data!#REF! -> #REF! | R33: =Alternatives_Data!#REF!/Alternatives_Data!#REF! -> #REF! | ... AQ33: =Alternatives_Data!#REF!/Alternatives_Data!#REF! -> #REF!
A34: Qori Halim | B34: =Alternatives_Data!#REF!/Alternatives_Data!C2 -> #REF! | C34: =Alternatives_Data!#REF!/Alternatives_Data!C3 -> #REF! | D34: =Alternatives_Data!#REF!/Alternatives_Data!C4 -> #REF! | E34: =Alternatives_Data!#REF!/Alternatives_Data!C5 -> #REF! | F34: =Alternatives_Data!#REF!/Alternatives_Data!C6 -> #REF! | G34: =Alternatives_Data!#REF!/Alternatives_Data!C7 -> #REF! | H34: =Alternatives_Data!#REF!/Alternatives_Data!C8 -> #REF! | I34: =Alternatives_Data!#REF!/Alternatives_Data!C9 -> #REF! | J34: =Alternatives_Data!#REF!/Alternatives_Data!C10 -> #REF! | K34: =Alternatives_Data!#REF!/Alternatives_Data!#REF! -> #REF! | L34: =Alternatives_Data!#REF!/Alternatives_Data!#REF! -> #REF! | M34: =Alternatives_Data!#REF!/Alternatives_Data!#REF! -> #REF! | N34: =Alternatives_Data!#REF!/Alternatives_Data!#REF! -> #REF! | O34: =Alternatives_Data!#REF!/Alternatives_Data!#REF! -> #REF! | P34: =Alternatives_Data!#REF!/Alternatives_Data!#REF! -> #REF! | Q34: =Alternatives_Data!#REF!/Alternatives_Data!#REF! -> #REF! | R34: =Alternatives_Data!#REF!/Alternatives_Data!#REF! -> #REF! | ... AQ34: =Alternatives_Data!#REF!/Alternatives_Data!#REF! -> #REF!
A35: Dani Wijaya | B35: =Alternatives_Data!#REF!/Alternatives_Data!C2 -> #REF! | C35: =Alternatives_Data!#REF!/Alternatives_Data!C3 -> #REF! | D35: =Alternatives_Data!#REF!/Alternatives_Data!C4 -> #REF! | E35: =Alternatives_Data!#REF!/Alternatives_Data!C5 -> #REF! | F35: =Alternatives_Data!#REF!/Alternatives_Data!C6 -> #REF! | G35: =Alternatives_Data!#REF!/Alternatives_Data!C7 -> #REF! | H35: =Alternatives_Data!#REF!/Alternatives_Data!C8 -> #REF! | I35: =Alternatives_Data!#REF!/Alternatives_Data!C9 -> #REF! | J35: =Alternatives_Data!#REF!/Alternatives_Data!C10 -> #REF! | K35: =Alternatives_Data!#REF!/Alternatives_Data!#REF! -> #REF! | L35: =Alternatives_Data!#REF!/Alternatives_Data!#REF! -> #REF! | M35: =Alternatives_Data!#REF!/Alternatives_Data!#REF! -> #REF! | N35: =Alternatives_Data!#REF!/Alternatives_Data!#REF! -> #REF! | O35: =Alternatives_Data!#REF!/Alternatives_Data!#REF! -> #REF! | P35: =Alternatives_Data!#REF!/Alternatives_Data!#REF! -> #REF! | Q35: =Alternatives_Data!#REF!/Alternatives_Data!#REF! -> #REF! | R35: =Alternatives_Data!#REF!/Alternatives_Data!#REF! -> #REF! | ... AQ35: =Alternatives_Data!#REF!/Alternatives_Data!#REF! -> #REF!
A36: Kiki Suryanto | B36: =Alternatives_Data!#REF!/Alternatives_Data!C2 -> #REF! | C36: =Alternatives_Data!#REF!/Alternatives_Data!C3 -> #REF! | D36: =Alternatives_Data!#REF!/Alternatives_Data!C4 -> #REF! | E36: =Alternatives_Data!#REF!/Alternatives_Data!C5 -> #REF! | F36: =Alternatives_Data!#REF!/Alternatives_Data!C6 -> #REF! | G36: =Alternatives_Data!#REF!/Alternatives_Data!C7 -> #REF! | H36: =Alternatives_Data!#REF!/Alternatives_Data!C8 -> #REF! | I36: =Alternatives_Data!#REF!/Alternatives_Data!C9 -> #REF! | J36: =Alternatives_Data!#REF!/Alternatives_Data!C10 -> #REF! | K36: =Alternatives_Data!#REF!/Alternatives_Data!#REF! -> #REF! | L36: =Alternatives_Data!#REF!/Alternatives_Data!#REF! -> #REF! | M36: =Alternatives_Data!#REF!/Alternatives_Data!#REF! -> #REF! | N36: =Alternatives_Data!#REF!/Alternatives_Data!#REF! -> #REF! | O36: =Alternatives_Data!#REF!/Alternatives_Data!#REF! -> #REF! | P36: =Alternatives_Data!#REF!/Alternatives_Data!#REF! -> #REF! | Q36: =Alternatives_Data!#REF!/Alternatives_Data!#REF! -> #REF! | R36: =Alternatives_Data!#REF!/Alternatives_Data!#REF! -> #REF! | ... AQ36: =Alternatives_Data!#REF!/Alternatives_Data!#REF! -> #REF!
A37: Nisa Putri | B37: =Alternatives_Data!#REF!/Alternatives_Data!C2 -> #REF! | C37: =Alternatives_Data!#REF!/Alternatives_Data!C3 -> #REF! | D37: =Alternatives_Data!#REF!/Alternatives_Data!C4 -> #REF! | E37: =Alternatives_Data!#REF!/Alternatives_Data!C5 -> #REF! | F37: =Alternatives_Data!#REF!/Alternatives_Data!C6 -> #REF! | G37: =Alternatives_Data!#REF!/Alternatives_Data!C7 -> #REF! | H37: =Alternatives_Data!#REF!/Alternatives_Data!C8 -> #REF! | I37: =Alternatives_Data!#REF!/Alternatives_Data!C9 -> #REF! | J37: =Alternatives_Data!#REF!/Alternatives_Data!C10 -> #REF! | K37: =Alternatives_Data!#REF!/Alternatives_Data!#REF! -> #REF! | L37: =Alternatives_Data!#REF!/Alternatives_Data!#REF! -> #REF! | M37: =Alternatives_Data!#REF!/Alternatives_Data!#REF! -> #REF! | N37: =Alternatives_Data!#REF!/Alternatives_Data!#REF! -> #REF! | O37: =Alternatives_Data!#REF!/Alternatives_Data!#REF! -> #REF! | P37: =Alternatives_Data!#REF!/Alternatives_Data!#REF! -> #REF! | Q37: =Alternatives_Data!#REF!/Alternatives_Data!#REF! -> #REF! | R37: =Alternatives_Data!#REF!/Alternatives_Data!#REF! -> #REF! | ... AQ37: =Alternatives_Data!#REF!/Alternatives_Data!#REF! -> #REF!
A38: Amanda Rahma | B38: =Alternatives_Data!#REF!/Alternatives_Data!C2 -> #REF! | C38: =Alternatives_Data!#REF!/Alternatives_Data!C3 -> #REF! | D38: =Alternatives_Data!#REF!/Alternatives_Data!C4 -> #REF! | E38: =Alternatives_Data!#REF!/Alternatives_Data!C5 -> #REF! | F38: =Alternatives_Data!#REF!/Alternatives_Data!C6 -> #REF! | G38: =Alternatives_Data!#REF!/Alternatives_Data!C7 -> #REF! | H38: =Alternatives_Data!#REF!/Alternatives_Data!C8 -> #REF! | I38: =Alternatives_Data!#REF!/Alternatives_Data!C9 -> #REF! | J38: =Alternatives_Data!#REF!/Alternatives_Data!C10 -> #REF! | K38: =Alternatives_Data!#REF!/Alternatives_Data!#REF! -> #REF! | L38: =Alternatives_Data!#REF!/Alternatives_Data!#REF! -> #REF! | M38: =Alternatives_Data!#REF!/Alternatives_Data!#REF! -> #REF! | N38: =Alternatives_Data!#REF!/Alternatives_Data!#REF! -> #REF! | O38: =Alternatives_Data!#REF!/Alternatives_Data!#REF! -> #REF! | P38: =Alternatives_Data!#REF!/Alternatives_Data!#REF! -> #REF! | Q38: =Alternatives_Data!#REF!/Alternatives_Data!#REF! -> #REF! | R38: =Alternatives_Data!#REF!/Alternatives_Data!#REF! -> #REF! | ... AQ38: =Alternatives_Data!#REF!/Alternatives_Data!#REF! -> #REF!
A39: Tono Pratama | B39: =Alternatives_Data!#REF!/Alternatives_Data!C2 -> #REF! | C39: =Alternatives_Data!#REF!/Alternatives_Data!C3 -> #REF! | D39: =Alternatives_Data!#REF!/Alternatives_Data!C4 -> #REF! | E39: =Alternatives_Data!#REF!/Alternatives_Data!C5 -> #REF! | F39: =Alternatives_Data!#REF!/Alternatives_Data!C6 -> #REF! | G39: =Alternatives_Data!#REF!/Alternatives_Data!C7 -> #REF! | H39: =Alternatives_Data!#REF!/Alternatives_Data!C8 -> #REF! | I39: =Alternatives_Data!#REF!/Alternatives_Data!C9 -> #REF! | J39: =Alternatives_Data!#REF!/Alternatives_Data!C10 -> #REF! | K39: =Alternatives_Data!#REF!/Alternatives_Data!#REF! -> #REF! | L39: =Alternatives_Data!#REF!/Alternatives_Data!#REF! -> #REF! | M39: =Alternatives_Data!#REF!/Alternatives_Data!#REF! -> #REF! | N39: =Alternatives_Data!#REF!/Alternatives_Data!#REF! -> #REF! | O39: =Alternatives_Data!#REF!/Alternatives_Data!#REF! -> #REF! | P39: =Alternatives_Data!#REF!/Alternatives_Data!#REF! -> #REF! | Q39: =Alternatives_Data!#REF!/Alternatives_Data!#REF! -> #REF! | R39: =Alternatives_Data!#REF!/Alternatives_Data!#REF! -> #REF! | ... AQ39: =Alternatives_Data!#REF!/Alternatives_Data!#REF! -> #REF!
A40: Kiki Putri | B40: =Alternatives_Data!#REF!/Alternatives_Data!C2 -> #REF! | C40: =Alternatives_Data!#REF!/Alternatives_Data!C3 -> #REF! | D40: =Alternatives_Data!#REF!/Alternatives_Data!C4 -> #REF! | E40: =Alternatives_Data!#REF!/Alternatives_Data!C5 -> #REF! | F40: =Alternatives_Data!#REF!/Alternatives_Data!C6 -> #REF! | G40: =Alternatives_Data!#REF!/Alternatives_Data!C7 -> #REF! | H40: =Alternatives_Data!#REF!/Alternatives_Data!C8 -> #REF! | I40: =Alternatives_Data!#REF!/Alternatives_Data!C9 -> #REF! | J40: =Alternatives_Data!#REF!/Alternatives_Data!C10 -> #REF! | K40: =Alternatives_Data!#REF!/Alternatives_Data!#REF! -> #REF! | L40: =Alternatives_Data!#REF!/Alternatives_Data!#REF! -> #REF! | M40: =Alternatives_Data!#REF!/Alternatives_Data!#REF! -> #REF! | N40: =Alternatives_Data!#REF!/Alternatives_Data!#REF! -> #REF! | O40: =Alternatives_Data!#REF!/Alternatives_Data!#REF! -> #REF! | P40: =Alternatives_Data!#REF!/Alternatives_Data!#REF! -> #REF! | Q40: =Alternatives_Data!#REF!/Alternatives_Data!#REF! -> #REF! | R40: =Alternatives_Data!#REF!/Alternatives_Data!#REF! -> #REF! | ... AQ40: =Alternatives_Data!#REF!/Alternatives_Data!#REF! -> #REF!
A41: Bayu Irawan | B41: =Alternatives_Data!#REF!/Alternatives_Data!C2 -> #REF! | C41: =Alternatives_Data!#REF!/Alternatives_Data!C3 -> #REF! | D41: =Alternatives_Data!#REF!/Alternatives_Data!C4 -> #REF! | E41: =Alternatives_Data!#REF!/Alternatives_Data!C5 -> #REF! | F41: =Alternatives_Data!#REF!/Alternatives_Data!C6 -> #REF! | G41: =Alternatives_Data!#REF!/Alternatives_Data!C7 -> #REF! | H41: =Alternatives_Data!#REF!/Alternatives_Data!C8 -> #REF! | I41: =Alternatives_Data!#REF!/Alternatives_Data!C9 -> #REF! | J41: =Alternatives_Data!#REF!/Alternatives_Data!C10 -> #REF! | K41: =Alternatives_Data!#REF!/Alternatives_Data!#REF! -> #REF! | L41: =Alternatives_Data!#REF!/Alternatives_Data!#REF! -> #REF! | M41: =Alternatives_Data!#REF!/Alternatives_Data!#REF! -> #REF! | N41: =Alternatives_Data!#REF!/Alternatives_Data!#REF! -> #REF! | O41: =Alternatives_Data!#REF!/Alternatives_Data!#REF! -> #REF! | P41: =Alternatives_Data!#REF!/Alternatives_Data!#REF! -> #REF! | Q41: =Alternatives_Data!#REF!/Alternatives_Data!#REF! -> #REF! | R41: =Alternatives_Data!#REF!/Alternatives_Data!#REF! -> #REF! | ... AQ41: =Alternatives_Data!#REF!/Alternatives_Data!#REF! -> #REF!
A42: Qori Putri | B42: =Alternatives_Data!#REF!/Alternatives_Data!C2 -> #REF! | C42: =Alternatives_Data!#REF!/Alternatives_Data!C3 -> #REF! | D42: =Alternatives_Data!#REF!/Alternatives_Data!C4 -> #REF! | E42: =Alternatives_Data!#REF!/Alternatives_Data!C5 -> #REF! | F42: =Alternatives_Data!#REF!/Alternatives_Data!C6 -> #REF! | G42: =Alternatives_Data!#REF!/Alternatives_Data!C7 -> #REF! | H42: =Alternatives_Data!#REF!/Alternatives_Data!C8 -> #REF! | I42: =Alternatives_Data!#REF!/Alternatives_Data!C9 -> #REF! | J42: =Alternatives_Data!#REF!/Alternatives_Data!C10 -> #REF! | K42: =Alternatives_Data!#REF!/Alternatives_Data!#REF! -> #REF! | L42: =Alternatives_Data!#REF!/Alternatives_Data!#REF! -> #REF! | M42: =Alternatives_Data!#REF!/Alternatives_Data!#REF! -> #REF! | N42: =Alternatives_Data!#REF!/Alternatives_Data!#REF! -> #REF! | O42: =Alternatives_Data!#REF!/Alternatives_Data!#REF! -> #REF! | P42: =Alternatives_Data!#REF!/Alternatives_Data!#REF! -> #REF! | Q42: =Alternatives_Data!#REF!/Alternatives_Data!#REF! -> #REF! | R42: =Alternatives_Data!#REF!/Alternatives_Data!#REF! -> #REF! | ... AQ42: =Alternatives_Data!#REF!/Alternatives_Data!#REF! -> #REF!
A43: Gita Irawan | B43: =Alternatives_Data!#REF!/Alternatives_Data!C2 -> #REF! | C43: =Alternatives_Data!#REF!/Alternatives_Data!C3 -> #REF! | D43: =Alternatives_Data!#REF!/Alternatives_Data!C4 -> #REF! | E43: =Alternatives_Data!#REF!/Alternatives_Data!C5 -> #REF! | F43: =Alternatives_Data!#REF!/Alternatives_Data!C6 -> #REF! | G43: =Alternatives_Data!#REF!/Alternatives_Data!C7 -> #REF! | H43: =Alternatives_Data!#REF!/Alternatives_Data!C8 -> #REF! | I43: =Alternatives_Data!#REF!/Alternatives_Data!C9 -> #REF! | J43: =Alternatives_Data!#REF!/Alternatives_Data!C10 -> #REF! | K43: =Alternatives_Data!#REF!/Alternatives_Data!#REF! -> #REF! | L43: =Alternatives_Data!#REF!/Alternatives_Data!#REF! -> #REF! | M43: =Alternatives_Data!#REF!/Alternatives_Data!#REF! -> #REF! | N43: =Alternatives_Data!#REF!/Alternatives_Data!#REF! -> #REF! | O43: =Alternatives_Data!#REF!/Alternatives_Data!#REF! -> #REF! | P43: =Alternatives_Data!#REF!/Alternatives_Data!#REF! -> #REF! | Q43: =Alternatives_Data!#REF!/Alternatives_Data!#REF! -> #REF! | R43: =Alternatives_Data!#REF!/Alternatives_Data!#REF! -> #REF! | ... AQ43: =Alternatives_Data!#REF!/Alternatives_Data!#REF! -> #REF!
A44: Column Sum | B44: =SUM(B2:B43) -> #REF! | C44: =SUM(C2:C43) -> #REF! | D44: =SUM(D2:D43) -> #REF! | E44: =SUM(E2:E43) -> #REF! | F44: =SUM(F2:F43) -> #REF! | G44: =SUM(G2:G43) -> #REF! | H44: =SUM(H2:H43) -> #REF! | I44: =SUM(I2:I43) -> #REF! | ... AQ44: =SUM(AQ2:AQ43) -> #REF!

Sheet Alt_Normalized_Pendapatan
B1: Andi | C1: Budi | D1: Citra | E1: Dewi | F1: Eko | G1: Fajar | H1: Gita | I1: Hendra | J1: Intan | K1: Joko | L1: Kiki | M1: Lina | N1: Made | O1: Nisa | P1: Oka | Q1: Putra | R1: Qori | S1: Rian | T1: Sinta | U1: Tono | V1: Uli | W1: Vina | X1: Wahyu | Y1: Xena | Z1: Yoga | AA1: Zaki | AB1: Amanda | AC1: Bayu | AD1: Clara | AE1: Dani | AF1: Alif Adji | AG1: Danu | AH1: Qori Halim | AI1: Dani Wijaya | AJ1: Kiki Suryanto | AK1: Nisa Putri | AL1: Amanda Rahma | AM1: Tono Pratama | AN1: Kiki Putri | AO1: Bayu Irawan | AP1: Qori Putri | AQ1: Gita Irawan | AS1: Local Priority
A2: Andi | B2: =Alt_Pairwise_Pendapatan!B2/Alt_Pairwise_Pendapatan!B44 -> #REF! | C2: =Alt_Pairwise_Pendapatan!C2/Alt_Pairwise_Pendapatan!C44 -> #REF! | D2: =Alt_Pairwise_Pendapatan!D2/Alt_Pairwise_Pendapatan!D44 -> #REF! | E2: =Alt_Pairwise_Pendapatan!E2/Alt_Pairwise_Pendapatan!E44 -> #REF! | F2: =Alt_Pairwise_Pendapatan!F2/Alt_Pairwise_Pendapatan!F44 -> #REF! | G2: =Alt_Pairwise_Pendapatan!G2/Alt_Pairwise_Pendapatan!G44 -> #REF! | H2: =Alt_Pairwise_Pendapatan!H2/Alt_Pairwise_Pendapatan!H44 -> #REF! | I2: =Alt_Pairwise_Pendapatan!I2/Alt_Pairwise_Pendapatan!I44 -> #REF! | ... AQ2: =Alt_Pairwise_Pendapatan!AQ2/Alt_Pairwise_Pendapatan!AQ44 -> #REF! | AS2: =AVERAGE(B2:AQ2) -> #REF!
A3: Budi | B3: =Alt_Pairwise_Pendapatan!B3/Alt_Pairwise_Pendapatan!B44 -> #REF! | C3: =Alt_Pairwise_Pendapatan!C3/Alt_Pairwise_Pendapatan!C44 -> #REF! | D3: =Alt_Pairwise_Pendapatan!D3/Alt_Pairwise_Pendapatan!D44 -> #REF! | E3: =Alt_Pairwise_Pendapatan!E3/Alt_Pairwise_Pendapatan!E44 -> #REF! | F3: =Alt_Pairwise_Pendapatan!F3/Alt_Pairwise_Pendapatan!F44 -> #REF! | G3: =Alt_Pairwise_Pendapatan!G3/Alt_Pairwise_Pendapatan!G44 -> #REF! | H3: =Alt_Pairwise_Pendapatan!H3/Alt_Pairwise_Pendapatan!H44 -> #REF! | I3: =Alt_Pairwise_Pendapatan!I3/Alt_Pairwise_Pendapatan!I44 -> #REF! | ... AQ3: =Alt_Pairwise_Pendapatan!AQ3/Alt_Pairwise_Pendapatan!AQ44 -> #REF! | AS3: =AVERAGE(B3:AQ3) -> #REF!
A4: Citra | B4: =Alt_Pairwise_Pendapatan!B4/Alt_Pairwise_Pendapatan!B44 -> #REF! | C4: =Alt_Pairwise_Pendapatan!C4/Alt_Pairwise_Pendapatan!C44 -> #REF! | D4: =Alt_Pairwise_Pendapatan!D4/Alt_Pairwise_Pendapatan!D44 -> #REF! | E4: =Alt_Pairwise_Pendapatan!E4/Alt_Pairwise_Pendapatan!E44 -> #REF! | F4: =Alt_Pairwise_Pendapatan!F4/Alt_Pairwise_Pendapatan!F44 -> #REF! | G4: =Alt_Pairwise_Pendapatan!G4/Alt_Pairwise_Pendapatan!G44 -> #REF! | H4: =Alt_Pairwise_Pendapatan!H4/Alt_Pairwise_Pendapatan!H44 -> #REF! | I4: =Alt_Pairwise_Pendapatan!I4/Alt_Pairwise_Pendapatan!I44 -> #REF! | ... AQ4: =Alt_Pairwise_Pendapatan!AQ4/Alt_Pairwise_Pendapatan!AQ44 -> #REF! | AS4: =AVERAGE(B4:AQ4) -> #REF!
A5: Dewi | B5: =Alt_Pairwise_Pendapatan!B5/Alt_Pairwise_Pendapatan!B44 -> #REF! | C5: =Alt_Pairwise_Pendapatan!C5/Alt_Pairwise_Pendapatan!C44 -> #REF! | D5: =Alt_Pairwise_Pendapatan!D5/Alt_Pairwise_Pendapatan!D44 -> #REF! | E5: =Alt_Pairwise_Pendapatan!E5/Alt_Pairwise_Pendapatan!E44 -> #REF! | F5: =Alt_Pairwise_Pendapatan!F5/Alt_Pairwise_Pendapatan!F44 -> #REF! | G5: =Alt_Pairwise_Pendapatan!G5/Alt_Pairwise_Pendapatan!G44 -> #REF! | H5: =Alt_Pairwise_Pendapatan!H5/Alt_Pairwise_Pendapatan!H44 -> #REF! | I5: =Alt_Pairwise_Pendapatan!I5/Alt_Pairwise_Pendapatan!I44 -> #REF! | ... AQ5: =Alt_Pairwise_Pendapatan!AQ5/Alt_Pairwise_Pendapatan!AQ44 -> #REF! | AS5: =AVERAGE(B5:AQ5) -> #REF!
A6: Eko | B6: =Alt_Pairwise_Pendapatan!B6/Alt_Pairwise_Pendapatan!B44 -> #REF! | C6: =Alt_Pairwise_Pendapatan!C6/Alt_Pairwise_Pendapatan!C44 -> #REF! | D6: =Alt_Pairwise_Pendapatan!D6/Alt_Pairwise_Pendapatan!D44 -> #REF! | E6: =Alt_Pairwise_Pendapatan!E6/Alt_Pairwise_Pendapatan!E44 -> #REF! | F6: =Alt_Pairwise_Pendapatan!F6/Alt_Pairwise_Pendapatan!F44 -> #REF! | G6: =Alt_Pairwise_Pendapatan!G6/Alt_Pairwise_Pendapatan!G44 -> #REF! | H6: =Alt_Pairwise_Pendapatan!H6/Alt_Pairwise_Pendapatan!H44 -> #REF! | I6: =Alt_Pairwise_Pendapatan!I6/Alt_Pairwise_Pendapatan!I44 -> #REF! | ... AQ6: =Alt_Pairwise_Pendapatan!AQ6/Alt_Pairwise_Pendapatan!AQ44 -> #REF! | AS6: =AVERAGE(B6:AQ6) -> #REF!
A7: Fajar | B7: =Alt_Pairwise_Pendapatan!B7/Alt_Pairwise_Pendapatan!B44 -> #REF! | C7: =Alt_Pairwise_Pendapatan!C7/Alt_Pairwise_Pendapatan!C44 -> #REF! | D7: =Alt_Pairwise_Pendapatan!D7/Alt_Pairwise_Pendapatan!D44 -> #REF! | E7: =Alt_Pairwise_Pendapatan!E7/Alt_Pairwise_Pendapatan!E44 -> #REF! | F7: =Alt_Pairwise_Pendapatan!F7/Alt_Pairwise_Pendapatan!F44 -> #REF! | G7: =Alt_Pairwise_Pendapatan!G7/Alt_Pairwise_Pendapatan!G44 -> #REF! | H7: =Alt_Pairwise_Pendapatan!H7/Alt_Pairwise_Pendapatan!H44 -> #REF! | I7: =Alt_Pairwise_Pendapatan!I7/Alt_Pairwise_Pendapatan!I44 -> #REF! | ... AQ7: =Alt_Pairwise_Pendapatan!AQ7/Alt_Pairwise_Pendapatan!AQ44 -> #REF! | AS7: =AVERAGE(B7:AQ7) -> #REF!
A8: Gita | B8: =Alt_Pairwise_Pendapatan!B8/Alt_Pairwise_Pendapatan!B44 -> #REF! | C8: =Alt_Pairwise_Pendapatan!C8/Alt_Pairwise_Pendapatan!C44 -> #REF! | D8: =Alt_Pairwise_Pendapatan!D8/Alt_Pairwise_Pendapatan!D44 -> #REF! | E8: =Alt_Pairwise_Pendapatan!E8/Alt_Pairwise_Pendapatan!E44 -> #REF! | F8: =Alt_Pairwise_Pendapatan!F8/Alt_Pairwise_Pendapatan!F44 -> #REF! | G8: =Alt_Pairwise_Pendapatan!G8/Alt_Pairwise_Pendapatan!G44 -> #REF! | H8: =Alt_Pairwise_Pendapatan!H8/Alt_Pairwise_Pendapatan!H44 -> #REF! | I8: =Alt_Pairwise_Pendapatan!I8/Alt_Pairwise_Pendapatan!I44 -> #REF! | ... AQ8: =Alt_Pairwise_Pendapatan!AQ8/Alt_Pairwise_Pendapatan!AQ44 -> #REF! | AS8: =AVERAGE(B8:AQ8) -> #REF!
A9: Hendra | B9: =Alt_Pairwise_Pendapatan!B9/Alt_Pairwise_Pendapatan!B44 -> #REF! | C9: =Alt_Pairwise_Pendapatan!C9/Alt_Pairwise_Pendapatan!C44 -> #REF! | D9: =Alt_Pairwise_Pendapatan!D9/Alt_Pairwise_Pendapatan!D44 -> #REF! | E9: =Alt_Pairwise_Pendapatan!E9/Alt_Pairwise_Pendapatan!E44 -> #REF! | F9: =Alt_Pairwise_Pendapatan!F9/Alt_Pairwise_Pendapatan!F44 -> #REF! | G9: =Alt_Pairwise_Pendapatan!G9/Alt_Pairwise_Pendapatan!G44 -> #REF! | H9: =Alt_Pairwise_Pendapatan!H9/Alt_Pairwise_Pendapatan!H44 -> #REF! | I9: =Alt_Pairwise_Pendapatan!I9/Alt_Pairwise_Pendapatan!I44 -> #REF! | ... AQ9: =Alt_Pairwise_Pendapatan!AQ9/Alt_Pairwise_Pendapatan!AQ44 -> #REF! | AS9: =AVERAGE(B9:AQ9) -> #REF!
A10: Intan | B10: =Alt_Pairwise_Pendapatan!B10/Alt_Pairwise_Pendapatan!B44 -> #REF! | C10: =Alt_Pairwise_Pendapatan!C10/Alt_Pairwise_Pendapatan!C44 -> #REF! | D10: =Alt_Pairwise_Pendapatan!D10/Alt_Pairwise_Pendapatan!D44 -> #REF! | E10: =Alt_Pairwise_Pendapatan!E10/Alt_Pairwise_Pendapatan!E44 -> #REF! | F10: =Alt_Pairwise_Pendapatan!F10/Alt_Pairwise_Pendapatan!F44 -> #REF! | G10: =Alt_Pairwise_Pendapatan!G10/Alt_Pairwise_Pendapatan!G44 -> #REF! | H10: =Alt_Pairwise_Pendapatan!H10/Alt_Pairwise_Pendapatan!H44 -> #REF! | I10: =Alt_Pairwise_Pendapatan!I10/Alt_Pairwise_Pendapatan!I44 -> #REF! | ... AQ10: =Alt_Pairwise_Pendapatan!AQ10/Alt_Pairwise_Pendapatan!AQ44 -> #REF! | AS10: =AVERAGE(B10:AQ10) -> #REF!
A11: Joko | B11: =Alt_Pairwise_Pendapatan!B11/Alt_Pairwise_Pendapatan!B44 -> #REF! | C11: =Alt_Pairwise_Pendapatan!C11/Alt_Pairwise_Pendapatan!C44 -> #REF! | D11: =Alt_Pairwise_Pendapatan!D11/Alt_Pairwise_Pendapatan!D44 -> #REF! | E11: =Alt_Pairwise_Pendapatan!E11/Alt_Pairwise_Pendapatan!E44 -> #REF! | F11: =Alt_Pairwise_Pendapatan!F11/Alt_Pairwise_Pendapatan!F44 -> #REF! | G11: =Alt_Pairwise_Pendapatan!G11/Alt_Pairwise_Pendapatan!G44 -> #REF! | H11: =Alt_Pairwise_Pendapatan!H11/Alt_Pairwise_Pendapatan!H44 -> #REF! | I11: =Alt_Pairwise_Pendapatan!I11/Alt_Pairwise_Pendapatan!I44 -> #REF! | ... AQ11: =Alt_Pairwise_Pendapatan!AQ11/Alt_Pairwise_Pendapatan!AQ44 -> #REF! | AS11: =AVERAGE(B11:AQ11) -> #REF!
A12: Kiki | B12: =Alt_Pairwise_Pendapatan!B12/Alt_Pairwise_Pendapatan!B44 -> #REF! | C12: =Alt_Pairwise_Pendapatan!C12/Alt_Pairwise_Pendapatan!C44 -> #REF! | D12: =Alt_Pairwise_Pendapatan!D12/Alt_Pairwise_Pendapatan!D44 -> #REF! | E12: =Alt_Pairwise_Pendapatan!E12/Alt_Pairwise_Pendapatan!E44 -> #REF! | F12: =Alt_Pairwise_Pendapatan!F12/Alt_Pairwise_Pendapatan!F44 -> #REF! | G12: =Alt_Pairwise_Pendapatan!G12/Alt_Pairwise_Pendapatan!G44 -> #REF! | H12: =Alt_Pairwise_Pendapatan!H12/Alt_Pairwise_Pendapatan!H44 -> #REF! | I12: =Alt_Pairwise_Pendapatan!I12/Alt_Pairwise_Pendapatan!I44 -> #REF! | ... AQ12: =Alt_Pairwise_Pendapatan!AQ12/Alt_Pairwise_Pendapatan!AQ44 -> #REF! | AS12: =AVERAGE(B12:AQ12) -> #REF!
A13: Lina | B13: =Alt_Pairwise_Pendapatan!B13/Alt_Pairwise_Pendapatan!B44 -> #REF! | C13: =Alt_Pairwise_Pendapatan!C13/Alt_Pairwise_Pendapatan!C44 -> #REF! | D13: =Alt_Pairwise_Pendapatan!D13/Alt_Pairwise_Pendapatan!D44 -> #REF! | E13: =Alt_Pairwise_Pendapatan!E13/Alt_Pairwise_Pendapatan!E44 -> #REF! | F13: =Alt_Pairwise_Pendapatan!F13/Alt_Pairwise_Pendapatan!F44 -> #REF! | G13: =Alt_Pairwise_Pendapatan!G13/Alt_Pairwise_Pendapatan!G44 -> #REF! | H13: =Alt_Pairwise_Pendapatan!H13/Alt_Pairwise_Pendapatan!H44 -> #REF! | I13: =Alt_Pairwise_Pendapatan!I13/Alt_Pairwise_Pendapatan!I44 -> #REF! | ... AQ13: =Alt_Pairwise_Pendapatan!AQ13/Alt_Pairwise_Pendapatan!AQ44 -> #REF! | AS13: =AVERAGE(B13:AQ13) -> #REF!
A14: Made | B14: =Alt_Pairwise_Pendapatan!B14/Alt_Pairwise_Pendapatan!B44 -> #REF! | C14: =Alt_Pairwise_Pendapatan!C14/Alt_Pairwise_Pendapatan!C44 -> #REF! | D14: =Alt_Pairwise_Pendapatan!D14/Alt_Pairwise_Pendapatan!D44 -> #REF! | E14: =Alt_Pairwise_Pendapatan!E14/Alt_Pairwise_Pendapatan!E44 -> #REF! | F14: =Alt_Pairwise_Pendapatan!F14/Alt_Pairwise_Pendapatan!F44 -> #REF! | G14: =Alt_Pairwise_Pendapatan!G14/Alt_Pairwise_Pendapatan!G44 -> #REF! | H14: =Alt_Pairwise_Pendapatan!H14/Alt_Pairwise_Pendapatan!H44 -> #REF! | I14: =Alt_Pairwise_Pendapatan!I14/Alt_Pairwise_Pendapatan!I44 -> #REF! | ... AQ14: =Alt_Pairwise_Pendapatan!AQ14/Alt_Pairwise_Pendapatan!AQ44 -> #REF! | AS14: =AVERAGE(B14:AQ14) -> #REF!
A15: Nisa | B15: =Alt_Pairwise_Pendapatan!B15/Alt_Pairwise_Pendapatan!B44 -> #REF! | C15: =Alt_Pairwise_Pendapatan!C15/Alt_Pairwise_Pendapatan!C44 -> #REF! | D15: =Alt_Pairwise_Pendapatan!D15/Alt_Pairwise_Pendapatan!D44 -> #REF! | E15: =Alt_Pairwise_Pendapatan!E15/Alt_Pairwise_Pendapatan!E44 -> #REF! | F15: =Alt_Pairwise_Pendapatan!F15/Alt_Pairwise_Pendapatan!F44 -> #REF! | G15: =Alt_Pairwise_Pendapatan!G15/Alt_Pairwise_Pendapatan!G44 -> #REF! | H15: =Alt_Pairwise_Pendapatan!H15/Alt_Pairwise_Pendapatan!H44 -> #REF! | I15: =Alt_Pairwise_Pendapatan!I15/Alt_Pairwise_Pendapatan!I44 -> #REF! | ... AQ15: =Alt_Pairwise_Pendapatan!AQ15/Alt_Pairwise_Pendapatan!AQ44 -> #REF! | AS15: =AVERAGE(B15:AQ15) -> #REF!
A16: Oka | B16: =Alt_Pairwise_Pendapatan!B16/Alt_Pairwise_Pendapatan!B44 -> #REF! | C16: =Alt_Pairwise_Pendapatan!C16/Alt_Pairwise_Pendapatan!C44 -> #REF! | D16: =Alt_Pairwise_Pendapatan!D16/Alt_Pairwise_Pendapatan!D44 -> #REF! | E16: =Alt_Pairwise_Pendapatan!E16/Alt_Pairwise_Pendapatan!E44 -> #REF! | F16: =Alt_Pairwise_Pendapatan!F16/Alt_Pairwise_Pendapatan!F44 -> #REF! | G16: =Alt_Pairwise_Pendapatan!G16/Alt_Pairwise_Pendapatan!G44 -> #REF! | H16: =Alt_Pairwise_Pendapatan!H16/Alt_Pairwise_Pendapatan!H44 -> #REF! | I16: =Alt_Pairwise_Pendapatan!I16/Alt_Pairwise_Pendapatan!I44 -> #REF! | ... AQ16: =Alt_Pairwise_Pendapatan!AQ16/Alt_Pairwise_Pendapatan!AQ44 -> #REF! | AS16: =AVERAGE(B16:AQ16) -> #REF!
A17: Putra | B17: =Alt_Pairwise_Pendapatan!B17/Alt_Pairwise_Pendapatan!B44 -> #REF! | C17: =Alt_Pairwise_Pendapatan!C17/Alt_Pairwise_Pendapatan!C44 -> #REF! | D17: =Alt_Pairwise_Pendapatan!D17/Alt_Pairwise_Pendapatan!D44 -> #REF! | E17: =Alt_Pairwise_Pendapatan!E17/Alt_Pairwise_Pendapatan!E44 -> #REF! | F17: =Alt_Pairwise_Pendapatan!F17/Alt_Pairwise_Pendapatan!F44 -> #REF! | G17: =Alt_Pairwise_Pendapatan!G17/Alt_Pairwise_Pendapatan!G44 -> #REF! | H17: =Alt_Pairwise_Pendapatan!H17/Alt_Pairwise_Pendapatan!H44 -> #REF! | I17: =Alt_Pairwise_Pendapatan!I17/Alt_Pairwise_Pendapatan!I44 -> #REF! | ... AQ17: =Alt_Pairwise_Pendapatan!AQ17/Alt_Pairwise_Pendapatan!AQ44 -> #REF! | AS17: =AVERAGE(B17:AQ17) -> #REF!
A18: Qori | B18: =Alt_Pairwise_Pendapatan!B18/Alt_Pairwise_Pendapatan!B44 -> #REF! | C18: =Alt_Pairwise_Pendapatan!C18/Alt_Pairwise_Pendapatan!C44 -> #REF! | D18: =Alt_Pairwise_Pendapatan!D18/Alt_Pairwise_Pendapatan!D44 -> #REF! | E18: =Alt_Pairwise_Pendapatan!E18/Alt_Pairwise_Pendapatan!E44 -> #REF! | F18: =Alt_Pairwise_Pendapatan!F18/Alt_Pairwise_Pendapatan!F44 -> #REF! | G18: =Alt_Pairwise_Pendapatan!G18/Alt_Pairwise_Pendapatan!G44 -> #REF! | H18: =Alt_Pairwise_Pendapatan!H18/Alt_Pairwise_Pendapatan!H44 -> #REF! | I18: =Alt_Pairwise_Pendapatan!I18/Alt_Pairwise_Pendapatan!I44 -> #REF! | ... AQ18: =Alt_Pairwise_Pendapatan!AQ18/Alt_Pairwise_Pendapatan!AQ44 -> #REF! | AS18: =AVERAGE(B18:AQ18) -> #REF!
A19: Rian | B19: =Alt_Pairwise_Pendapatan!B19/Alt_Pairwise_Pendapatan!B44 -> #REF! | C19: =Alt_Pairwise_Pendapatan!C19/Alt_Pairwise_Pendapatan!C44 -> #REF! | D19: =Alt_Pairwise_Pendapatan!D19/Alt_Pairwise_Pendapatan!D44 -> #REF! | E19: =Alt_Pairwise_Pendapatan!E19/Alt_Pairwise_Pendapatan!E44 -> #REF! | F19: =Alt_Pairwise_Pendapatan!F19/Alt_Pairwise_Pendapatan!F44 -> #REF! | G19: =Alt_Pairwise_Pendapatan!G19/Alt_Pairwise_Pendapatan!G44 -> #REF! | H19: =Alt_Pairwise_Pendapatan!H19/Alt_Pairwise_Pendapatan!H44 -> #REF! | I19: =Alt_Pairwise_Pendapatan!I19/Alt_Pairwise_Pendapatan!I44 -> #REF! | ... AQ19: =Alt_Pairwise_Pendapatan!AQ19/Alt_Pairwise_Pendapatan!AQ44 -> #REF! | AS19: =AVERAGE(B19:AQ19) -> #REF!
A20: Sinta | B20: =Alt_Pairwise_Pendapatan!B20/Alt_Pairwise_Pendapatan!B44 -> #REF! | C20: =Alt_Pairwise_Pendapatan!C20/Alt_Pairwise_Pendapatan!C44 -> #REF! | D20: =Alt_Pairwise_Pendapatan!D20/Alt_Pairwise_Pendapatan!D44 -> #REF! | E20: =Alt_Pairwise_Pendapatan!E20/Alt_Pairwise_Pendapatan!E44 -> #REF! | F20: =Alt_Pairwise_Pendapatan!F20/Alt_Pairwise_Pendapatan!F44 -> #REF! | G20: =Alt_Pairwise_Pendapatan!G20/Alt_Pairwise_Pendapatan!G44 -> #REF! | H20: =Alt_Pairwise_Pendapatan!H20/Alt_Pairwise_Pendapatan!H44 -> #REF! | I20: =Alt_Pairwise_Pendapatan!I20/Alt_Pairwise_Pendapatan!I44 -> #REF! | ... AQ20: =Alt_Pairwise_Pendapatan!AQ20/Alt_Pairwise_Pendapatan!AQ44 -> #REF! | AS20: =AVERAGE(B20:AQ20) -> #REF!
A21: Tono | B21: =Alt_Pairwise_Pendapatan!B21/Alt_Pairwise_Pendapatan!B44 -> #REF! | C21: =Alt_Pairwise_Pendapatan!C21/Alt_Pairwise_Pendapatan!C44 -> #REF! | D21: =Alt_Pairwise_Pendapatan!D21/Alt_Pairwise_Pendapatan!D44 -> #REF! | E21: =Alt_Pairwise_Pendapatan!E21/Alt_Pairwise_Pendapatan!E44 -> #REF! | F21: =Alt_Pairwise_Pendapatan!F21/Alt_Pairwise_Pendapatan!F44 -> #REF! | G21: =Alt_Pairwise_Pendapatan!G21/Alt_Pairwise_Pendapatan!G44 -> #REF! | H21: =Alt_Pairwise_Pendapatan!H21/Alt_Pairwise_Pendapatan!H44 -> #REF! | I21: =Alt_Pairwise_Pendapatan!I21/Alt_Pairwise_Pendapatan!I44 -> #REF! | ... AQ21: =Alt_Pairwise_Pendapatan!AQ21/Alt_Pairwise_Pendapatan!AQ44 -> #REF! | AS21: =AVERAGE(B21:AQ21) -> #REF!
A22: Uli | B22: =Alt_Pairwise_Pendapatan!B22/Alt_Pairwise_Pendapatan!B44 -> #REF! | C22: =Alt_Pairwise_Pendapatan!C22/Alt_Pairwise_Pendapatan!C44 -> #REF! | D22: =Alt_Pairwise_Pendapatan!D22/Alt_Pairwise_Pendapatan!D44 -> #REF! | E22: =Alt_Pairwise_Pendapatan!E22/Alt_Pairwise_Pendapatan!E44 -> #REF! | F22: =Alt_Pairwise_Pendapatan!F22/Alt_Pairwise_Pendapatan!F44 -> #REF! | G22: =Alt_Pairwise_Pendapatan!G22/Alt_Pairwise_Pendapatan!G44 -> #REF! | H22: =Alt_Pairwise_Pendapatan!H22/Alt_Pairwise_Pendapatan!H44 -> #REF! | I22: =Alt_Pairwise_Pendapatan!I22/Alt_Pairwise_Pendapatan!I44 -> #REF! | ... AQ22: =Alt_Pairwise_Pendapatan!AQ22/Alt_Pairwise_Pendapatan!AQ44 -> #REF! | AS22: =AVERAGE(B22:AQ22) -> #REF!
A23: Vina | B23: =Alt_Pairwise_Pendapatan!B23/Alt_Pairwise_Pendapatan!B44 -> #REF! | C23: =Alt_Pairwise_Pendapatan!C23/Alt_Pairwise_Pendapatan!C44 -> #REF! | D23: =Alt_Pairwise_Pendapatan!D23/Alt_Pairwise_Pendapatan!D44 -> #REF! | E23: =Alt_Pairwise_Pendapatan!E23/Alt_Pairwise_Pendapatan!E44 -> #REF! | F23: =Alt_Pairwise_Pendapatan!F23/Alt_Pairwise_Pendapatan!F44 -> #REF! | G23: =Alt_Pairwise_Pendapatan!G23/Alt_Pairwise_Pendapatan!G44 -> #REF! | H23: =Alt_Pairwise_Pendapatan!H23/Alt_Pairwise_Pendapatan!H44 -> #REF! | I23: =Alt_Pairwise_Pendapatan!I23/Alt_Pairwise_Pendapatan!I44 -> #REF! | ... AQ23: =Alt_Pairwise_Pendapatan!AQ23/Alt_Pairwise_Pendapatan!AQ44 -> #REF! | AS23: =AVERAGE(B23:AQ23) -> #REF!
A24: Wahyu | B24: =Alt_Pairwise_Pendapatan!B24/Alt_Pairwise_Pendapatan!B44 -> #REF! | C24: =Alt_Pairwise_Pendapatan!C24/Alt_Pairwise_Pendapatan!C44 -> #REF! | D24: =Alt_Pairwise_Pendapatan!D24/Alt_Pairwise_Pendapatan!D44 -> #REF! | E24: =Alt_Pairwise_Pendapatan!E24/Alt_Pairwise_Pendapatan!E44 -> #REF! | F24: =Alt_Pairwise_Pendapatan!F24/Alt_Pairwise_Pendapatan!F44 -> #REF! | G24: =Alt_Pairwise_Pendapatan!G24/Alt_Pairwise_Pendapatan!G44 -> #REF! | H24: =Alt_Pairwise_Pendapatan!H24/Alt_Pairwise_Pendapatan!H44 -> #REF! | I24: =Alt_Pairwise_Pendapatan!I24/Alt_Pairwise_Pendapatan!I44 -> #REF! | ... AQ24: =Alt_Pairwise_Pendapatan!AQ24/Alt_Pairwise_Pendapatan!AQ44 -> #REF! | AS24: =AVERAGE(B24:AQ24) -> #REF!
A25: Xena | B25: =Alt_Pairwise_Pendapatan!B25/Alt_Pairwise_Pendapatan!B44 -> #REF! | C25: =Alt_Pairwise_Pendapatan!C25/Alt_Pairwise_Pendapatan!C44 -> #REF! | D25: =Alt_Pairwise_Pendapatan!D25/Alt_Pairwise_Pendapatan!D44 -> #REF! | E25: =Alt_Pairwise_Pendapatan!E25/Alt_Pairwise_Pendapatan!E44 -> #REF! | F25: =Alt_Pairwise_Pendapatan!F25/Alt_Pairwise_Pendapatan!F44 -> #REF! | G25: =Alt_Pairwise_Pendapatan!G25/Alt_Pairwise_Pendapatan!G44 -> #REF! | H25: =Alt_Pairwise_Pendapatan!H25/Alt_Pairwise_Pendapatan!H44 -> #REF! | I25: =Alt_Pairwise_Pendapatan!I25/Alt_Pairwise_Pendapatan!I44 -> #REF! | ... AQ25: =Alt_Pairwise_Pendapatan!AQ25/Alt_Pairwise_Pendapatan!AQ44 -> #REF! | AS25: =AVERAGE(B25:AQ25) -> #REF!
A26: Yoga | B26: =Alt_Pairwise_Pendapatan!B26/Alt_Pairwise_Pendapatan!B44 -> #REF! | C26: =Alt_Pairwise_Pendapatan!C26/Alt_Pairwise_Pendapatan!C44 -> #REF! | D26: =Alt_Pairwise_Pendapatan!D26/Alt_Pairwise_Pendapatan!D44 -> #REF! | E26: =Alt_Pairwise_Pendapatan!E26/Alt_Pairwise_Pendapatan!E44 -> #REF! | F26: =Alt_Pairwise_Pendapatan!F26/Alt_Pairwise_Pendapatan!F44 -> #REF! | G26: =Alt_Pairwise_Pendapatan!G26/Alt_Pairwise_Pendapatan!G44 -> #REF! | H26: =Alt_Pairwise_Pendapatan!H26/Alt_Pairwise_Pendapatan!H44 -> #REF! | I26: =Alt_Pairwise_Pendapatan!I26/Alt_Pairwise_Pendapatan!I44 -> #REF! | ... AQ26: =Alt_Pairwise_Pendapatan!AQ26/Alt_Pairwise_Pendapatan!AQ44 -> #REF! | AS26: =AVERAGE(B26:AQ26) -> #REF!
A27: Zaki | B27: =Alt_Pairwise_Pendapatan!B27/Alt_Pairwise_Pendapatan!B44 -> #REF! | C27: =Alt_Pairwise_Pendapatan!C27/Alt_Pairwise_Pendapatan!C44 -> #REF! | D27: =Alt_Pairwise_Pendapatan!D27/Alt_Pairwise_Pendapatan!D44 -> #REF! | E27: =Alt_Pairwise_Pendapatan!E27/Alt_Pairwise_Pendapatan!E44 -> #REF! | F27: =Alt_Pairwise_Pendapatan!F27/Alt_Pairwise_Pendapatan!F44 -> #REF! | G27: =Alt_Pairwise_Pendapatan!G27/Alt_Pairwise_Pendapatan!G44 -> #REF! | H27: =Alt_Pairwise_Pendapatan!H27/Alt_Pairwise_Pendapatan!H44 -> #REF! | I27: =Alt_Pairwise_Pendapatan!I27/Alt_Pairwise_Pendapatan!I44 -> #REF! | ... AQ27: =Alt_Pairwise_Pendapatan!AQ27/Alt_Pairwise_Pendapatan!AQ44 -> #REF! | AS27: =AVERAGE(B27:AQ27) -> #REF!
A28: Amanda | B28: =Alt_Pairwise_Pendapatan!B28/Alt_Pairwise_Pendapatan!B44 -> #REF! | C28: =Alt_Pairwise_Pendapatan!C28/Alt_Pairwise_Pendapatan!C44 -> #REF! | D28: =Alt_Pairwise_Pendapatan!D28/Alt_Pairwise_Pendapatan!D44 -> #REF! | E28: =Alt_Pairwise_Pendapatan!E28/Alt_Pairwise_Pendapatan!E44 -> #REF! | F28: =Alt_Pairwise_Pendapatan!F28/Alt_Pairwise_Pendapatan!F44 -> #REF! | G28: =Alt_Pairwise_Pendapatan!G28/Alt_Pairwise_Pendapatan!G44 -> #REF! | H28: =Alt_Pairwise_Pendapatan!H28/Alt_Pairwise_Pendapatan!H44 -> #REF! | I28: =Alt_Pairwise_Pendapatan!I28/Alt_Pairwise_Pendapatan!I44 -> #REF! | ... AQ28: =Alt_Pairwise_Pendapatan!AQ28/Alt_Pairwise_Pendapatan!AQ44 -> #REF! | AS28: =AVERAGE(B28:AQ28) -> #REF!
A29: Bayu | B29: =Alt_Pairwise_Pendapatan!B29/Alt_Pairwise_Pendapatan!B44 -> #REF! | C29: =Alt_Pairwise_Pendapatan!C29/Alt_Pairwise_Pendapatan!C44 -> #REF! | D29: =Alt_Pairwise_Pendapatan!D29/Alt_Pairwise_Pendapatan!D44 -> #REF! | E29: =Alt_Pairwise_Pendapatan!E29/Alt_Pairwise_Pendapatan!E44 -> #REF! | F29: =Alt_Pairwise_Pendapatan!F29/Alt_Pairwise_Pendapatan!F44 -> #REF! | G29: =Alt_Pairwise_Pendapatan!G29/Alt_Pairwise_Pendapatan!G44 -> #REF! | H29: =Alt_Pairwise_Pendapatan!H29/Alt_Pairwise_Pendapatan!H44 -> #REF! | I29: =Alt_Pairwise_Pendapatan!I29/Alt_Pairwise_Pendapatan!I44 -> #REF! | ... AQ29: =Alt_Pairwise_Pendapatan!AQ29/Alt_Pairwise_Pendapatan!AQ44 -> #REF! | AS29: =AVERAGE(B29:AQ29) -> #REF!
A30: Clara | B30: =Alt_Pairwise_Pendapatan!B30/Alt_Pairwise_Pendapatan!B44 -> #REF! | C30: =Alt_Pairwise_Pendapatan!C30/Alt_Pairwise_Pendapatan!C44 -> #REF! | D30: =Alt_Pairwise_Pendapatan!D30/Alt_Pairwise_Pendapatan!D44 -> #REF! | E30: =Alt_Pairwise_Pendapatan!E30/Alt_Pairwise_Pendapatan!E44 -> #REF! | F30: =Alt_Pairwise_Pendapatan!F30/Alt_Pairwise_Pendapatan!F44 -> #REF! | G30: =Alt_Pairwise_Pendapatan!G30/Alt_Pairwise_Pendapatan!G44 -> #REF! | H30: =Alt_Pairwise_Pendapatan!H30/Alt_Pairwise_Pendapatan!H44 -> #REF! | I30: =Alt_Pairwise_Pendapatan!I30/Alt_Pairwise_Pendapatan!I44 -> #REF! | ... AQ30: =Alt_Pairwise_Pendapatan!AQ30/Alt_Pairwise_Pendapatan!AQ44 -> #REF! | AS30: =AVERAGE(B30:AQ30) -> #REF!
A31: Dani | B31: =Alt_Pairwise_Pendapatan!B31/Alt_Pairwise_Pendapatan!B44 -> #REF! | C31: =Alt_Pairwise_Pendapatan!C31/Alt_Pairwise_Pendapatan!C44 -> #REF! | D31: =Alt_Pairwise_Pendapatan!D31/Alt_Pairwise_Pendapatan!D44 -> #REF! | E31: =Alt_Pairwise_Pendapatan!E31/Alt_Pairwise_Pendapatan!E44 -> #REF! | F31: =Alt_Pairwise_Pendapatan!F31/Alt_Pairwise_Pendapatan!F44 -> #REF! | G31: =Alt_Pairwise_Pendapatan!G31/Alt_Pairwise_Pendapatan!G44 -> #REF! | H31: =Alt_Pairwise_Pendapatan!H31/Alt_Pairwise_Pendapatan!H44 -> #REF! | I31: =Alt_Pairwise_Pendapatan!I31/Alt_Pairwise_Pendapatan!I44 -> #REF! | ... AQ31: =Alt_Pairwise_Pendapatan!AQ31/Alt_Pairwise_Pendapatan!AQ44 -> #REF! | AS31: =AVERAGE(B31:AQ31) -> #REF!
A32: Alif Adji | B32: =Alt_Pairwise_Pendapatan!B32/Alt_Pairwise_Pendapatan!B44 -> #REF! | C32: =Alt_Pairwise_Pendapatan!C32/Alt_Pairwise_Pendapatan!C44 -> #REF! | D32: =Alt_Pairwise_Pendapatan!D32/Alt_Pairwise_Pendapatan!D44 -> #REF! | E32: =Alt_Pairwise_Pendapatan!E32/Alt_Pairwise_Pendapatan!E44 -> #REF! | F32: =Alt_Pairwise_Pendapatan!F32/Alt_Pairwise_Pendapatan!F44 -> #REF! | G32: =Alt_Pairwise_Pendapatan!G32/Alt_Pairwise_Pendapatan!G44 -> #REF! | H32: =Alt_Pairwise_Pendapatan!H32/Alt_Pairwise_Pendapatan!H44 -> #REF! | I32: =Alt_Pairwise_Pendapatan!I32/Alt_Pairwise_Pendapatan!I44 -> #REF! | ... AQ32: =Alt_Pairwise_Pendapatan!AQ32/Alt_Pairwise_Pendapatan!AQ44 -> #REF! | AS32: =AVERAGE(B32:AQ32) -> #REF!
A33: Danu | B33: =Alt_Pairwise_Pendapatan!B33/Alt_Pairwise_Pendapatan!B44 -> #REF! | C33: =Alt_Pairwise_Pendapatan!C33/Alt_Pairwise_Pendapatan!C44 -> #REF! | D33: =Alt_Pairwise_Pendapatan!D33/Alt_Pairwise_Pendapatan!D44 -> #REF! | E33: =Alt_Pairwise_Pendapatan!E33/Alt_Pairwise_Pendapatan!E44 -> #REF! | F33: =Alt_Pairwise_Pendapatan!F33/Alt_Pairwise_Pendapatan!F44 -> #REF! | G33: =Alt_Pairwise_Pendapatan!G33/Alt_Pairwise_Pendapatan!G44 -> #REF! | H33: =Alt_Pairwise_Pendapatan!H33/Alt_Pairwise_Pendapatan!H44 -> #REF! | I33: =Alt_Pairwise_Pendapatan!I33/Alt_Pairwise_Pendapatan!I44 -> #REF! | ... AQ33: =Alt_Pairwise_Pendapatan!AQ33/Alt_Pairwise_Pendapatan!AQ44 -> #REF! | AS33: =AVERAGE(B33:AQ33) -> #REF!
A34: Qori Halim | B34: =Alt_Pairwise_Pendapatan!B34/Alt_Pairwise_Pendapatan!B44 -> #REF! | C34: =Alt_Pairwise_Pendapatan!C34/Alt_Pairwise_Pendapatan!C44 -> #REF! | D34: =Alt_Pairwise_Pendapatan!D34/Alt_Pairwise_Pendapatan!D44 -> #REF! | E34: =Alt_Pairwise_Pendapatan!E34/Alt_Pairwise_Pendapatan!E44 -> #REF! | F34: =Alt_Pairwise_Pendapatan!F34/Alt_Pairwise_Pendapatan!F44 -> #REF! | G34: =Alt_Pairwise_Pendapatan!G34/Alt_Pairwise_Pendapatan!G44 -> #REF! | H34: =Alt_Pairwise_Pendapatan!H34/Alt_Pairwise_Pendapatan!H44 -> #REF! | I34: =Alt_Pairwise_Pendapatan!I34/Alt_Pairwise_Pendapatan!I44 -> #REF! | ... AQ34: =Alt_Pairwise_Pendapatan!AQ34/Alt_Pairwise_Pendapatan!AQ44 -> #REF! | AS34: =AVERAGE(B34:AQ34) -> #REF!
A35: Dani Wijaya | B35: =Alt_Pairwise_Pendapatan!B35/Alt_Pairwise_Pendapatan!B44 -> #REF! | C35: =Alt_Pairwise_Pendapatan!C35/Alt_Pairwise_Pendapatan!C44 -> #REF! | D35: =Alt_Pairwise_Pendapatan!D35/Alt_Pairwise_Pendapatan!D44 -> #REF! | E35: =Alt_Pairwise_Pendapatan!E35/Alt_Pairwise_Pendapatan!E44 -> #REF! | F35: =Alt_Pairwise_Pendapatan!F35/Alt_Pairwise_Pendapatan!F44 -> #REF! | G35: =Alt_Pairwise_Pendapatan!G35/Alt_Pairwise_Pendapatan!G44 -> #REF! | H35: =Alt_Pairwise_Pendapatan!H35/Alt_Pairwise_Pendapatan!H44 -> #REF! | I35: =Alt_Pairwise_Pendapatan!I35/Alt_Pairwise_Pendapatan!I44 -> #REF! | ... AQ35: =Alt_Pairwise_Pendapatan!AQ35/Alt_Pairwise_Pendapatan!AQ44 -> #REF! | AS35: =AVERAGE(B35:AQ35) -> #REF!
A36: Kiki Suryanto | B36: =Alt_Pairwise_Pendapatan!B36/Alt_Pairwise_Pendapatan!B44 -> #REF! | C36: =Alt_Pairwise_Pendapatan!C36/Alt_Pairwise_Pendapatan!C44 -> #REF! | D36: =Alt_Pairwise_Pendapatan!D36/Alt_Pairwise_Pendapatan!D44 -> #REF! | E36: =Alt_Pairwise_Pendapatan!E36/Alt_Pairwise_Pendapatan!E44 -> #REF! | F36: =Alt_Pairwise_Pendapatan!F36/Alt_Pairwise_Pendapatan!F44 -> #REF! | G36: =Alt_Pairwise_Pendapatan!G36/Alt_Pairwise_Pendapatan!G44 -> #REF! | H36: =Alt_Pairwise_Pendapatan!H36/Alt_Pairwise_Pendapatan!H44 -> #REF! | I36: =Alt_Pairwise_Pendapatan!I36/Alt_Pairwise_Pendapatan!I44 -> #REF! | ... AQ36: =Alt_Pairwise_Pendapatan!AQ36/Alt_Pairwise_Pendapatan!AQ44 -> #REF! | AS36: =AVERAGE(B36:AQ36) -> #REF!
A37: Nisa Putri | B37: =Alt_Pairwise_Pendapatan!B37/Alt_Pairwise_Pendapatan!B44 -> #REF! | C37: =Alt_Pairwise_Pendapatan!C37/Alt_Pairwise_Pendapatan!C44 -> #REF! | D37: =Alt_Pairwise_Pendapatan!D37/Alt_Pairwise_Pendapatan!D44 -> #REF! | E37: =Alt_Pairwise_Pendapatan!E37/Alt_Pairwise_Pendapatan!E44 -> #REF! | F37: =Alt_Pairwise_Pendapatan!F37/Alt_Pairwise_Pendapatan!F44 -> #REF! | G37: =Alt_Pairwise_Pendapatan!G37/Alt_Pairwise_Pendapatan!G44 -> #REF! | H37: =Alt_Pairwise_Pendapatan!H37/Alt_Pairwise_Pendapatan!H44 -> #REF! | I37: =Alt_Pairwise_Pendapatan!I37/Alt_Pairwise_Pendapatan!I44 -> #REF! | ... AQ37: =Alt_Pairwise_Pendapatan!AQ37/Alt_Pairwise_Pendapatan!AQ44 -> #REF! | AS37: =AVERAGE(B37:AQ37) -> #REF!
A38: Amanda Rahma | B38: =Alt_Pairwise_Pendapatan!B38/Alt_Pairwise_Pendapatan!B44 -> #REF! | C38: =Alt_Pairwise_Pendapatan!C38/Alt_Pairwise_Pendapatan!C44 -> #REF! | D38: =Alt_Pairwise_Pendapatan!D38/Alt_Pairwise_Pendapatan!D44 -> #REF! | E38: =Alt_Pairwise_Pendapatan!E38/Alt_Pairwise_Pendapatan!E44 -> #REF! | F38: =Alt_Pairwise_Pendapatan!F38/Alt_Pairwise_Pendapatan!F44 -> #REF! | G38: =Alt_Pairwise_Pendapatan!G38/Alt_Pairwise_Pendapatan!G44 -> #REF! | H38: =Alt_Pairwise_Pendapatan!H38/Alt_Pairwise_Pendapatan!H44 -> #REF! | I38: =Alt_Pairwise_Pendapatan!I38/Alt_Pairwise_Pendapatan!I44 -> #REF! | ... AQ38: =Alt_Pairwise_Pendapatan!AQ38/Alt_Pairwise_Pendapatan!AQ44 -> #REF! | AS38: =AVERAGE(B38:AQ38) -> #REF!
A39: Tono Pratama | B39: =Alt_Pairwise_Pendapatan!B39/Alt_Pairwise_Pendapatan!B44 -> #REF! | C39: =Alt_Pairwise_Pendapatan!C39/Alt_Pairwise_Pendapatan!C44 -> #REF! | D39: =Alt_Pairwise_Pendapatan!D39/Alt_Pairwise_Pendapatan!D44 -> #REF! | E39: =Alt_Pairwise_Pendapatan!E39/Alt_Pairwise_Pendapatan!E44 -> #REF! | F39: =Alt_Pairwise_Pendapatan!F39/Alt_Pairwise_Pendapatan!F44 -> #REF! | G39: =Alt_Pairwise_Pendapatan!G39/Alt_Pairwise_Pendapatan!G44 -> #REF! | H39: =Alt_Pairwise_Pendapatan!H39/Alt_Pairwise_Pendapatan!H44 -> #REF! | I39: =Alt_Pairwise_Pendapatan!I39/Alt_Pairwise_Pendapatan!I44 -> #REF! | ... AQ39: =Alt_Pairwise_Pendapatan!AQ39/Alt_Pairwise_Pendapatan!AQ44 -> #REF! | AS39: =AVERAGE(B39:AQ39) -> #REF!
A40: Kiki Putri | B40: =Alt_Pairwise_Pendapatan!B40/Alt_Pairwise_Pendapatan!B44 -> #REF! | C40: =Alt_Pairwise_Pendapatan!C40/Alt_Pairwise_Pendapatan!C44 -> #REF! | D40: =Alt_Pairwise_Pendapatan!D40/Alt_Pairwise_Pendapatan!D44 -> #REF! | E40: =Alt_Pairwise_Pendapatan!E40/Alt_Pairwise_Pendapatan!E44 -> #REF! | F40: =Alt_Pairwise_Pendapatan!F40/Alt_Pairwise_Pendapatan!F44 -> #REF! | G40: =Alt_Pairwise_Pendapatan!G40/Alt_Pairwise_Pendapatan!G44 -> #REF! | H40: =Alt_Pairwise_Pendapatan!H40/Alt_Pairwise_Pendapatan!H44 -> #REF! | I40: =Alt_Pairwise_Pendapatan!I40/Alt_Pairwise_Pendapatan!I44 -> #REF! | ... AQ40: =Alt_Pairwise_Pendapatan!AQ40/Alt_Pairwise_Pendapatan!AQ44 -> #REF! | AS40: =AVERAGE(B40:AQ40) -> #REF!
A41: Bayu Irawan | B41: =Alt_Pairwise_Pendapatan!B41/Alt_Pairwise_Pendapatan!B44 -> #REF! | C41: =Alt_Pairwise_Pendapatan!C41/Alt_Pairwise_Pendapatan!C44 -> #REF! | D41: =Alt_Pairwise_Pendapatan!D41/Alt_Pairwise_Pendapatan!D44 -> #REF! | E41: =Alt_Pairwise_Pendapatan!E41/Alt_Pairwise_Pendapatan!E44 -> #REF! | F41: =Alt_Pairwise_Pendapatan!F41/Alt_Pairwise_Pendapatan!F44 -> #REF! | G41: =Alt_Pairwise_Pendapatan!G41/Alt_Pairwise_Pendapatan!G44 -> #REF! | H41: =Alt_Pairwise_Pendapatan!H41/Alt_Pairwise_Pendapatan!H44 -> #REF! | I41: =Alt_Pairwise_Pendapatan!I41/Alt_Pairwise_Pendapatan!I44 -> #REF! | ... AQ41: =Alt_Pairwise_Pendapatan!AQ41/Alt_Pairwise_Pendapatan!AQ44 -> #REF! | AS41: =AVERAGE(B41:AQ41) -> #REF!
A42: Qori Putri | B42: =Alt_Pairwise_Pendapatan!B42/Alt_Pairwise_Pendapatan!B44 -> #REF! | C42: =Alt_Pairwise_Pendapatan!C42/Alt_Pairwise_Pendapatan!C44 -> #REF! | D42: =Alt_Pairwise_Pendapatan!D42/Alt_Pairwise_Pendapatan!D44 -> #REF! | E42: =Alt_Pairwise_Pendapatan!E42/Alt_Pairwise_Pendapatan!E44 -> #REF! | F42: =Alt_Pairwise_Pendapatan!F42/Alt_Pairwise_Pendapatan!F44 -> #REF! | G42: =Alt_Pairwise_Pendapatan!G42/Alt_Pairwise_Pendapatan!G44 -> #REF! | H42: =Alt_Pairwise_Pendapatan!H42/Alt_Pairwise_Pendapatan!H44 -> #REF! | I42: =Alt_Pairwise_Pendapatan!I42/Alt_Pairwise_Pendapatan!I44 -> #REF! | ... AQ42: =Alt_Pairwise_Pendapatan!AQ42/Alt_Pairwise_Pendapatan!AQ44 -> #REF! | AS42: =AVERAGE(B42:AQ42) -> #REF!
A43: Gita Irawan | B43: =Alt_Pairwise_Pendapatan!B43/Alt_Pairwise_Pendapatan!B44 -> #REF! | C43: =Alt_Pairwise_Pendapatan!C43/Alt_Pairwise_Pendapatan!C44 -> #REF! | D43: =Alt_Pairwise_Pendapatan!D43/Alt_Pairwise_Pendapatan!D44 -> #REF! | E43: =Alt_Pairwise_Pendapatan!E43/Alt_Pairwise_Pendapatan!E44 -> #REF! | F43: =Alt_Pairwise_Pendapatan!F43/Alt_Pairwise_Pendapatan!F44 -> #REF! | G43: =Alt_Pairwise_Pendapatan!G43/Alt_Pairwise_Pendapatan!G44 -> #REF! | H43: =Alt_Pairwise_Pendapatan!H43/Alt_Pairwise_Pendapatan!H44 -> #REF! | I43: =Alt_Pairwise_Pendapatan!I43/Alt_Pairwise_Pendapatan!I44 -> #REF! | ... AQ43: =Alt_Pairwise_Pendapatan!AQ43/Alt_Pairwise_Pendapatan!AQ44 -> #REF! | AS43: =AVERAGE(B43:AQ43) -> #REF!

Sheet Alt_Pairwise_Jaminan
B1: Andi | C1: Budi | D1: Citra | E1: Dewi | F1: Eko | G1: Fajar | H1: Gita | I1: Hendra | J1: Intan | K1: Joko | L1: Kiki | M1: Lina | N1: Made | O1: Nisa | P1: Oka | Q1: Putra | R1: Qori | S1: Rian | T1: Sinta | U1: Tono | V1: Uli | W1: Vina | X1: Wahyu | Y1: Xena | Z1: Yoga | AA1: Zaki | AB1: Amanda | AC1: Bayu | AD1: Clara | AE1: Dani | AF1: Alif Adji | AG1: Danu | AH1: Qori Halim | AI1: Dani Wijaya | AJ1: Kiki Suryanto | AK1: Nisa Putri | AL1: Amanda Rahma | AM1: Tono Pratama | AN1: Kiki Putri | AO1: Bayu Irawan | AP1: Qori Putri | AQ1: Gita Irawan
A2: Andi | B2: =Alternatives_Data!D2/Alternatives_Data!D2 -> 1 | C2: =Alternatives_Data!D2/Alternatives_Data!D3 -> 0.5 | D2: =Alternatives_Data!D2/Alternatives_Data!D4 -> 0.66666667 | E2: =Alternatives_Data!D2/Alternatives_Data!D5 -> 2 | F2: =Alternatives_Data!D2/Alternatives_Data!D6 -> 1 | G2: =Alternatives_Data!D2/Alternatives_Data!D7 -> 0.66666667 | H2: =Alternatives_Data!D2/Alternatives_Data!D8 -> 0.5 | I2: =Alternatives_Data!D2/Alternatives_Data!D9 -> 0.66666667 | J2: =Alternatives_Data!D2/Alternatives_Data!D10 -> 2 | K2: =Alternatives_Data!D2/Alternatives_Data!#REF! -> #REF! | L2: =Alternatives_Data!D2/Alternatives_Data!#REF! -> #REF! | M2: =Alternatives_Data!D2/Alternatives_Data!#REF! -> #REF! | N2: =Alternatives_Data!D2/Alternatives_Data!#REF! -> #REF! | O2: =Alternatives_Data!D2/Alternatives_Data!#REF! -> #REF! | P2: =Alternatives_Data!D2/Alternatives_Data!#REF! -> #REF! | Q2: =Alternatives_Data!D2/Alternatives_Data!#REF! -> #REF! | R2: =Alternatives_Data!D2/Alternatives_Data!#REF! -> #REF! | S2: =Alternatives_Data!D2/Alternatives_Data!#REF! -> #REF! | T2: =Alternatives_Data!D2/Alternatives_Data!#REF! -> #REF! | U2: =Alternatives_Data!D2/Alternatives_Data!#REF! -> #REF! | V2: =Alternatives_Data!D2/Alternatives_Data!#REF! -> #REF! | W2: =Alternatives_Data!D2/Alternatives_Data!#REF! -> #REF! | X2: =Alternatives_Data!D2/Alternatives_Data!#REF! -> #REF! | Y2: =Alternatives_Data!D2/Alternatives_Data!#REF! -> #REF! | Z2: =Alternatives_Data!D2/Alternatives_Data!#REF! -> #REF! | AA2: =Alternatives_Data!D2/Alternatives_Data!#REF! -> #REF! | AB2: =Alternatives_Data!D2/Alternatives_Data!#REF! -> #REF! | AC2: =Alternatives_Data!D2/Alternatives_Data!#REF! -> #REF! | AD2: =Alternatives_Data!D2/Alternatives_Data!#REF! -> #REF! | AE2: =Alternatives_Data!D2/Alternatives_Data!#REF! -> #REF! | AF2: =Alternatives_Data!D2/Alternatives_Data!#REF! -> #REF! | AG2: =Alternatives_Data!D2/Alternatives_Data!#REF! -> #REF! | AH2: =Alternatives_Data!D2/Alternatives_Data!#REF! -> #REF! | AI2: =Alternatives_Data!D2/Alternatives_Data!#REF! -> #REF! | AJ2: =Alternatives_Data!D2/Alternatives_Data!#REF! -> #REF! | AK2: =Alternatives_Data!D2/Alternatives_Data!#REF! -> #REF! | AL2: =Alternatives_Data!D2/Alternatives_Data!#REF! -> #REF! | AM2: =Alternatives_Data!D2/Alternatives_Data!#REF! -> #REF! | AN2: =Alternatives_Data!D2/Alternatives_Data!#REF! -> #REF! | AO2: =Alternatives_Data!D2/Alternatives_Data!#REF! -> #REF! | AP2: =Alternatives_Data!D2/Alternatives_Data!#REF! -> #REF! | AQ2: =Alternatives_Data!D2/Alternatives_Data!#REF! -> #REF!
A3: Budi | B3: =Alternatives_Data!D3/Alternatives_Data!D2 -> 2 | C3: =Alternatives_Data!D3/Alternatives_Data!D3 -> 1 | D3: =Alternatives_Data!D3/Alternatives_Data!D4 -> 1.3333333 | E3: =Alternatives_Data!D3/Alternatives_Data!D5 -> 4 | F3: =Alternatives_Data!D3/Alternatives_Data!D6 -> 2 | G3: =Alternatives_Data!D3/Alternatives_Data!D7 -> 1.3333333 | H3: =Alternatives_Data!D3/Alternatives_Data!D8 -> 1 | I3: =Alternatives_Data!D3/Alternatives_Data!D9 -> 1.3333333 | J3: =Alternatives_Data!D3/Alternatives_Data!D10 -> 4 | K3: =Alternatives_Data!D3/Alternatives_Data!#REF! -> #REF! | L3: =Alternatives_Data!D3/Alternatives_Data!#REF! -> #REF! | M3: =Alternatives_Data!D3/Alternatives_Data!#REF! -> #REF! | N3: =Alternatives_Data!D3/Alternatives_Data!#REF! -> #REF! | O3: =Alternatives_Data!D3/Alternatives_Data!#REF! -> #REF! | P3: =Alternatives_Data!D3/Alternatives_Data!#REF! -> #REF! | Q3: =Alternatives_Data!D3/Alternatives_Data!#REF! -> #REF! | R3: =Alternatives_Data!D3/Alternatives_Data!#REF! -> #REF! | S3: =Alternatives_Data!D3/Alternatives_Data!#REF! -> #REF! | T3: =Alternatives_Data!D3/Alternatives_Data!#REF! -> #REF! | U3: =Alternatives_Data!D3/Alternatives_Data!#REF! -> #REF! | V3: =Alternatives_Data!D3/Alternatives_Data!#REF! -> #REF! | W3: =Alternatives_Data!D3/Alternatives_Data!#REF! -> #REF! | X3: =Alternatives_Data!D3/Alternatives_Data!#REF! -> #REF! | Y3: =Alternatives_Data!D3/Alternatives_Data!#REF! -> #REF! | Z3: =Alternatives_Data!D3/Alternatives_Data!#REF! -> #REF! | AA3: =Alternatives_Data!D3/Alternatives_Data!#REF! -> #REF! | AB3: =Alternatives_Data!D3/Alternatives_Data!#REF! -> #REF! | AC3: =Alternatives_Data!D3/Alternatives_Data!#REF! -> #REF! | AD3: =Alternatives_Data!D3/Alternatives_Data!#REF! -> #REF! | AE3: =Alternatives_Data!D3/Alternatives_Data!#REF! -> #REF! | AF3: =Alternatives_Data!D3/Alternatives_Data!#REF! -> #REF! | AG3: =Alternatives_Data!D3/Alternatives_Data!#REF! -> #REF! | AH3: =Alternatives_Data!D3/Alternatives_Data!#REF! -> #REF! | AI3: =Alternatives_Data!D3/Alternatives_Data!#REF! -> #REF! | AJ3: =Alternatives_Data!D3/Alternatives_Data!#REF! -> #REF! | AK3: =Alternatives_Data!D3/Alternatives_Data!#REF! -> #REF! | AL3: =Alternatives_Data!D3/Alternatives_Data!#REF! -> #REF! | AM3: =Alternatives_Data!D3/Alternatives_Data!#REF! -> #REF! | AN3: =Alternatives_Data!D3/Alternatives_Data!#REF! -> #REF! | AO3: =Alternatives_Data!D3/Alternatives_Data!#REF! -> #REF! | AP3: =Alternatives_Data!D3/Alternatives_Data!#REF! -> #REF! | AQ3: =Alternatives_Data!D3/Alternatives_Data!#REF! -> #REF!
A4: Citra | B4: =Alternatives_Data!D4/Alternatives_Data!D2 -> 1.5 | C4: =Alternatives_Data!D4/Alternatives_Data!D3 -> 0.75 | D4: =Alternatives_Data!D4/Alternatives_Data!D4 -> 1 | E4: =Alternatives_Data!D4/Alternatives_Data!D5 -> 3 | F4: =Alternatives_Data!D4/Alternatives_Data!D6 -> 1.5 | G4: =Alternatives_Data!D4/Alternatives_Data!D7 -> 1 | H4: =Alternatives_Data!D4/Alternatives_Data!D8 -> 0.75 | I4: =Alternatives_Data!D4/Alternatives_Data!D9 -> 1 | J4: =Alternatives_Data!D4/Alternatives_Data!D10 -> 3 | K4: =Alternatives_Data!D4/Alternatives_Data!#REF! -> #REF! | L4: =Alternatives_Data!D4/Alternatives_Data!#REF! -> #REF! | M4: =Alternatives_Data!D4/Alternatives_Data!#REF! -> #REF! | N4: =Alternatives_Data!D4/Alternatives_Data!#REF! -> #REF! | O4: =Alternatives_Data!D4/Alternatives_Data!#REF! -> #REF! | P4: =Alternatives_Data!D4/Alternatives_Data!#REF! -> #REF! | Q4: =Alternatives_Data!D4/Alternatives_Data!#REF! -> #REF! | R4: =Alternatives_Data!D4/Alternatives_Data!#REF! -> #REF! | S4: =Alternatives_Data!D4/Alternatives_Data!#REF! -> #REF! | T4: =Alternatives_Data!D4/Alternatives_Data!#REF! -> #REF! | U4: =Alternatives_Data!D4/Alternatives_Data!#REF! -> #REF! | V4: =Alternatives_Data!D4/Alternatives_Data!#REF! -> #REF! | W4: =Alternatives_Data!D4/Alternatives_Data!#REF! -> #REF! | X4: =Alternatives_Data!D4/Alternatives_Data!#REF! -> #REF! | Y4: =Alternatives_Data!D4/Alternatives_Data!#REF! -> #REF! | Z4: =Alternatives_Data!D4/Alternatives_Data!#REF! -> #REF! | AA4: =Alternatives_Data!D4/Alternatives_Data!#REF! -> #REF! | AB4: =Alternatives_Data!D4/Alternatives_Data!#REF! -> #REF! | AC4: =Alternatives_Data!D4/Alternatives_Data!#REF! -> #REF! | AD4: =Alternatives_Data!D4/Alternatives_Data!#REF! -> #REF! | AE4: =Alternatives_Data!D4/Alternatives_Data!#REF! -> #REF! | AF4: =Alternatives_Data!D4/Alternatives_Data!#REF! -> #REF! | AG4: =Alternatives_Data!D4/Alternatives_Data!#REF! -> #REF! | AH4: =Alternatives_Data!D4/Alternatives_Data!#REF! -> #REF! | AI4: =Alternatives_Data!D4/Alternatives_Data!#REF! -> #REF! | AJ4: =Alternatives_Data!D4/Alternatives_Data!#REF! -> #REF! | AK4: =Alternatives_Data!D4/Alternatives_Data!#REF! -> #REF! | AL4: =Alternatives_Data!D4/Alternatives_Data!#REF! -> #REF! | AM4: =Alternatives_Data!D4/Alternatives_Data!#REF! -> #REF! | AN4: =Alternatives_Data!D4/Alternatives_Data!#REF! -> #REF! | AO4: =Alternatives_Data!D4/Alternatives_Data!#REF! -> #REF! | AP4: =Alternatives_Data!D4/Alternatives_Data!#REF! -> #REF! | AQ4: =Alternatives_Data!D4/Alternatives_Data!#REF! -> #REF!
A5: Dewi | B5: =Alternatives_Data!D5/Alternatives_Data!D2 -> 0.5 | C5: =Alternatives_Data!D5/Alternatives_Data!D3 -> 0.25 | D5: =Alternatives_Data!D5/Alternatives_Data!D4 -> 0.33333333 | E5: =Alternatives_Data!D5/Alternatives_Data!D5 -> 1 | F5: =Alternatives_Data!D5/Alternatives_Data!D6 -> 0.5 | G5: =Alternatives_Data!D5/Alternatives_Data!D7 -> 0.33333333 | H5: =Alternatives_Data!D5/Alternatives_Data!D8 -> 0.25 | I5: =Alternatives_Data!D5/Alternatives_Data!D9 -> 0.33333333 | J5: =Alternatives_Data!D5/Alternatives_Data!D10 -> 1 | K5: =Alternatives_Data!D5/Alternatives_Data!#REF! -> #REF! | L5: =Alternatives_Data!D5/Alternatives_Data!#REF! -> #REF! | M5: =Alternatives_Data!D5/Alternatives_Data!#REF! -> #REF! | N5: =Alternatives_Data!D5/Alternatives_Data!#REF! -> #REF! | O5: =Alternatives_Data!D5/Alternatives_Data!#REF! -> #REF! | P5: =Alternatives_Data!D5/Alternatives_Data!#REF! -> #REF! | Q5: =Alternatives_Data!D5/Alternatives_Data!#REF! -> #REF! | R5: =Alternatives_Data!D5/Alternatives_Data!#REF! -> #REF! | S5: =Alternatives_Data!D5/Alternatives_Data!#REF! -> #REF! | T5: =Alternatives_Data!D5/Alternatives_Data!#REF! -> #REF! | U5: =Alternatives_Data!D5/Alternatives_Data!#REF! -> #REF! | V5: =Alternatives_Data!D5/Alternatives_Data!#REF! -> #REF! | W5: =Alternatives_Data!D5/Alternatives_Data!#REF! -> #REF! | X5: =Alternatives_Data!D5/Alternatives_Data!#REF! -> #REF! | Y5: =Alternatives_Data!D5/Alternatives_Data!#REF! -> #REF! | Z5: =Alternatives_Data!D5/Alternatives_Data!#REF! -> #REF! | AA5: =Alternatives_Data!D5/Alternatives_Data!#REF! -> #REF! | AB5: =Alternatives_Data!D5/Alternatives_Data!#REF! -> #REF! | AC5: =Alternatives_Data!D5/Alternatives_Data!#REF! -> #REF! | AD5: =Alternatives_Data!D5/Alternatives_Data!#REF! -> #REF! | AE5: =Alternatives_Data!D5/Alternatives_Data!#REF! -> #REF! | AF5: =Alternatives_Data!D5/Alternatives_Data!#REF! -> #REF! | AG5: =Alternatives_Data!D5/Alternatives_Data!#REF! -> #REF! | AH5: =Alternatives_Data!D5/Alternatives_Data!#REF! -> #REF! | AI5: =Alternatives_Data!D5/Alternatives_Data!#REF! -> #REF! | AJ5: =Alternatives_Data!D5/Alternatives_Data!#REF! -> #REF! | AK5: =Alternatives_Data!D5/Alternatives_Data!#REF! -> #REF! | AL5: =Alternatives_Data!D5/Alternatives_Data!#REF! -> #REF! | AM5: =Alternatives_Data!D5/Alternatives_Data!#REF! -> #REF! | AN5: =Alternatives_Data!D5/Alternatives_Data!#REF! -> #REF! | AO5: =Alternatives_Data!D5/Alternatives_Data!#REF! -> #REF! | AP5: =Alternatives_Data!D5/Alternatives_Data!#REF! -> #REF! | AQ5: =Alternatives_Data!D5/Alternatives_Data!#REF! -> #REF!
A6: Eko | B6: =Alternatives_Data!D6/Alternatives_Data!D2 -> 1 | C6: =Alternatives_Data!D6/Alternatives_Data!D3 -> 0.5 | D6: =Alternatives_Data!D6/Alternatives_Data!D4 -> 0.66666667 | E6: =Alternatives_Data!D6/Alternatives_Data!D5 -> 2 | F6: =Alternatives_Data!D6/Alternatives_Data!D6 -> 1 | G6: =Alternatives_Data!D6/Alternatives_Data!D7 -> 0.66666667 | H6: =Alternatives_Data!D6/Alternatives_Data!D8 -> 0.5 | I6: =Alternatives_Data!D6/Alternatives_Data!D9 -> 0.66666667 | J6: =Alternatives_Data!D6/Alternatives_Data!D10 -> 2 | K6: =Alternatives_Data!D6/Alternatives_Data!#REF! -> #REF! | L6: =Alternatives_Data!D6/Alternatives_Data!#REF! -> #REF! | M6: =Alternatives_Data!D6/Alternatives_Data!#REF! -> #REF! | N6: =Alternatives_Data!D6/Alternatives_Data!#REF! -> #REF! | O6: =Alternatives_Data!D6/Alternatives_Data!#REF! -> #REF! | P6: =Alternatives_Data!D6/Alternatives_Data!#REF! -> #REF! | Q6: =Alternatives_Data!D6/Alternatives_Data!#REF! -> #REF! | R6: =Alternatives_Data!D6/Alternatives_Data!#REF! -> #REF! | S6: =Alternatives_Data!D6/Alternatives_Data!#REF! -> #REF! | T6: =Alternatives_Data!D6/Alternatives_Data!#REF! -> #REF! | U6: =Alternatives_Data!D6/Alternatives_Data!#REF! -> #REF! | V6: =Alternatives_Data!D6/Alternatives_Data!#REF! -> #REF! | W6: =Alternatives_Data!D6/Alternatives_Data!#REF! -> #REF! | X6: =Alternatives_Data!D6/Alternatives_Data!#REF! -> #REF! | Y6: =Alternatives_Data!D6/Alternatives_Data!#REF! -> #REF! | Z6: =Alternatives_Data!D6/Alternatives_Data!#REF! -> #REF! | AA6: =Alternatives_Data!D6/Alternatives_Data!#REF! -> #REF! | AB6: =Alternatives_Data!D6/Alternatives_Data!#REF! -> #REF! | AC6: =Alternatives_Data!D6/Alternatives_Data!#REF! -> #REF! | AD6: =Alternatives_Data!D6/Alternatives_Data!#REF! -> #REF! | AE6: =Alternatives_Data!D6/Alternatives_Data!#REF! -> #REF! | AF6: =Alternatives_Data!D6/Alternatives_Data!#REF! -> #REF! | AG6: =Alternatives_Data!D6/Alternatives_Data!#REF! -> #REF! | AH6: =Alternatives_Data!D6/Alternatives_Data!#REF! -> #REF! | AI6: =Alternatives_Data!D6/Alternatives_Data!#REF! -> #REF! | AJ6: =Alternatives_Data!D6/Alternatives_Data!#REF! -> #REF! | AK6: =Alternatives_Data!D6/Alternatives_Data!#REF! -> #REF! | AL6: =Alternatives_Data!D6/Alternatives_Data!#REF! -> #REF! | AM6: =Alternatives_Data!D6/Alternatives_Data!#REF! -> #REF! | AN6: =Alternatives_Data!D6/Alternatives_Data!#REF! -> #REF! | AO6: =Alternatives_Data!D6/Alternatives_Data!#REF! -> #REF! | AP6: =Alternatives_Data!D6/Alternatives_Data!#REF! -> #REF! | AQ6: =Alternatives_Data!D6/Alternatives_Data!#REF! -> #REF!
A7: Fajar | B7: =Alternatives_Data!D7/Alternatives_Data!D2 -> 1.5 | C7: =Alternatives_Data!D7/Alternatives_Data!D3 -> 0.75 | D7: =Alternatives_Data!D7/Alternatives_Data!D4 -> 1 | E7: =Alternatives_Data!D7/Alternatives_Data!D5 -> 3 | F7: =Alternatives_Data!D7/Alternatives_Data!D6 -> 1.5 | G7: =Alternatives_Data!D7/Alternatives_Data!D7 -> 1 | H7: =Alternatives_Data!D7/Alternatives_Data!D8 -> 0.75 | I7: =Alternatives_Data!D7/Alternatives_Data!D9 -> 1 | J7: =Alternatives_Data!D7/Alternatives_Data!D10 -> 3 | K7: =Alternatives_Data!D7/Alternatives_Data!#REF! -> #REF! | L7: =Alternatives_Data!D7/Alternatives_Data!#REF! -> #REF! | M7: =Alternatives_Data!D7/Alternatives_Data!#REF! -> #REF! | N7: =Alternatives_Data!D7/Alternatives_Data!#REF! -> #REF! | O7: =Alternatives_Data!D7/Alternatives_Data!#REF! -> #REF! | P7: =Alternatives_Data!D7/Alternatives_Data!#REF! -> #REF! | Q7: =Alternatives_Data!D7/Alternatives_Data!#REF! -> #REF! | R7: =Alternatives_Data!D7/Alternatives_Data!#REF! -> #REF! | S7: =Alternatives_Data!D7/Alternatives_Data!#REF! -> #REF! | T7: =Alternatives_Data!D7/Alternatives_Data!#REF! -> #REF! | U7: =Alternatives_Data!D7/Alternatives_Data!#REF! -> #REF! | V7: =Alternatives_Data!D7/Alternatives_Data!#REF! -> #REF! | W7: =Alternatives_Data!D7/Alternatives_Data!#REF! -> #REF! | X7: =Alternatives_Data!D7/Alternatives_Data!#REF! -> #REF! | Y7: =Alternatives_Data!D7/Alternatives_Data!#REF! -> #REF! | Z7: =Alternatives_Data!D7/Alternatives_Data!#REF! -> #REF! | AA7: =Alternatives_Data!D7/Alternatives_Data!#REF! -> #REF! | AB7: =Alternatives_Data!D7/Alternatives_Data!#REF! -> #REF! | AC7: =Alternatives_Data!D7/Alternatives_Data!#REF! -> #REF! | AD7: =Alternatives_Data!D7/Alternatives_Data!#REF! -> #REF! | AE7: =Alternatives_Data!D7/Alternatives_Data!#REF! -> #REF! | AF7: =Alternatives_Data!D7/Alternatives_Data!#REF! -> #REF! | AG7: =Alternatives_Data!D7/Alternatives_Data!#REF! -> #REF! | AH7: =Alternatives_Data!D7/Alternatives_Data!#REF! -> #REF! | AI7: =Alternatives_Data!D7/Alternatives_Data!#REF! -> #REF! | AJ7: =Alternatives_Data!D7/Alternatives_Data!#REF! -> #REF! | AK7: =Alternatives_Data!D7/Alternatives_Data!#REF! -> #REF! | AL7: =Alternatives_Data!D7/Alternatives_Data!#REF! -> #REF! | AM7: =Alternatives_Data!D7/Alternatives_Data!#REF! -> #REF! | AN7: =Alternatives_Data!D7/Alternatives_Data!#REF! -> #REF! | AO7: =Alternatives_Data!D7/Alternatives_Data!#REF! -> #REF! | AP7: =Alternatives_Data!D7/Alternatives_Data!#REF! -> #REF! | AQ7: =Alternatives_Data!D7/Alternatives_Data!#REF! -> #REF!
A8: Gita | B8: =Alternatives_Data!D8/Alternatives_Data!D2 -> 2 | C8: =Alternatives_Data!D8/Alternatives_Data!D3 -> 1 | D8: =Alternatives_Data!D8/Alternatives_Data!D4 -> 1.3333333 | E8: =Alternatives_Data!D8/Alternatives_Data!D5 -> 4 | F8: =Alternatives_Data!D8/Alternatives_Data!D6 -> 2 | G8: =Alternatives_Data!D8/Alternatives_Data!D7 -> 1.3333333 | H8: =Alternatives_Data!D8/Alternatives_Data!D8 -> 1 | I8: =Alternatives_Data!D8/Alternatives_Data!D9 -> 1.3333333 | J8: =Alternatives_Data!D8/Alternatives_Data!D10 -> 4 | K8: =Alternatives_Data!D8/Alternatives_Data!#REF! -> #REF! | L8: =Alternatives_Data!D8/Alternatives_Data!#REF! -> #REF! | M8: =Alternatives_Data!D8/Alternatives_Data!#REF! -> #REF! | N8: =Alternatives_Data!D8/Alternatives_Data!#REF! -> #REF! | O8: =Alternatives_Data!D8/Alternatives_Data!#REF! -> #REF! | P8: =Alternatives_Data!D8/Alternatives_Data!#REF! -> #REF! | Q8: =Alternatives_Data!D8/Alternatives_Data!#REF! -> #REF! | R8: =Alternatives_Data!D8/Alternatives_Data!#REF! -> #REF! | S8: =Alternatives_Data!D8/Alternatives_Data!#REF! -> #REF! | T8: =Alternatives_Data!D8/Alternatives_Data!#REF! -> #REF! | U8: =Alternatives_Data!D8/Alternatives_Data!#REF! -> #REF! | V8: =Alternatives_Data!D8/Alternatives_Data!#REF! -> #REF! | W8: =Alternatives_Data!D8/Alternatives_Data!#REF! -> #REF! | X8: =Alternatives_Data!D8/Alternatives_Data!#REF! -> #REF! | Y8: =Alternatives_Data!D8/Alternatives_Data!#REF! -> #REF! | Z8: =Alternatives_Data!D8/Alternatives_Data!#REF! -> #REF! | AA8: =Alternatives_Data!D8/Alternatives_Data!#REF! -> #REF! | AB8: =Alternatives_Data!D8/Alternatives_Data!#REF! -> #REF! | AC8: =Alternatives_Data!D8/Alternatives_Data!#REF! -> #REF! | AD8: =Alternatives_Data!D8/Alternatives_Data!#REF! -> #REF! | AE8: =Alternatives_Data!D8/Alternatives_Data!#REF! -> #REF! | AF8: =Alternatives_Data!D8/Alternatives_Data!#REF! -> #REF! | AG8: =Alternatives_Data!D8/Alternatives_Data!#REF! -> #REF! | AH8: =Alternatives_Data!D8/Alternatives_Data!#REF! -> #REF! | AI8: =Alternatives_Data!D8/Alternatives_Data!#REF! -> #REF! | AJ8: =Alternatives_Data!D8/Alternatives_Data!#REF! -> #REF! | AK8: =Alternatives_Data!D8/Alternatives_Data!#REF! -> #REF! | AL8: =Alternatives_Data!D8/Alternatives_Data!#REF! -> #REF! | AM8: =Alternatives_Data!D8/Alternatives_Data!#REF! -> #REF! | AN8: =Alternatives_Data!D8/Alternatives_Data!#REF! -> #REF! | AO8: =Alternatives_Data!D8/Alternatives_Data!#REF! -> #REF! | AP8: =Alternatives_Data!D8/Alternatives_Data!#REF! -> #REF! | AQ8: =Alternatives_Data!D8/Alternatives_Data!#REF! -> #REF!
A9: Hendra | B9: =Alternatives_Data!D9/Alternatives_Data!D2 -> 1.5 | C9: =Alternatives_Data!D9/Alternatives_Data!D3 -> 0.75 | D9: =Alternatives_Data!D9/Alternatives_Data!D4 -> 1 | E9: =Alternatives_Data!D9/Alternatives_Data!D5 -> 3 | F9: =Alternatives_Data!D9/Alternatives_Data!D6 -> 1.5 | G9: =Alternatives_Data!D9/Alternatives_Data!D7 -> 1 | H9: =Alternatives_Data!D9/Alternatives_Data!D8 -> 0.75 | I9: =Alternatives_Data!D9/Alternatives_Data!D9 -> 1 | J9: =Alternatives_Data!D9/Alternatives_Data!D10 -> 3 | K9: =Alternatives_Data!D9/Alternatives_Data!#REF! -> #REF! | L9: =Alternatives_Data!D9/Alternatives_Data!#REF! -> #REF! | M9: =Alternatives_Data!D9/Alternatives_Data!#REF! -> #REF! | N9: =Alternatives_Data!D9/Alternatives_Data!#REF! -> #REF! | O9: =Alternatives_Data!D9/Alternatives_Data!#REF! -> #REF! | P9: =Alternatives_Data!D9/Alternatives_Data!#REF! -> #REF! | Q9: =Alternatives_Data!D9/Alternatives_Data!#REF! -> #REF! | R9: =Alternatives_Data!D9/Alternatives_Data!#REF! -> #REF! | S9: =Alternatives_Data!D9/Alternatives_Data!#REF! -> #REF! | T9: =Alternatives_Data!D9/Alternatives_Data!#REF! -> #REF! | U9: =Alternatives_Data!D9/Alternatives_Data!#REF! -> #REF! | V9: =Alternatives_Data!D9/Alternatives_Data!#REF! -> #REF! | W9: =Alternatives_Data!D9/Alternatives_Data!#REF! -> #REF! | X9: =Alternatives_Data!D9/Alternatives_Data!#REF! -> #REF! | Y9: =Alternatives_Data!D9/Alternatives_Data!#REF! -> #REF! | Z9: =Alternatives_Data!D9/Alternatives_Data!#REF! -> #REF! | AA9: =Alternatives_Data!D9/Alternatives_Data!#REF! -> #REF! | AB9: =Alternatives_Data!D9/Alternatives_Data!#REF! -> #REF! | AC9: =Alternatives_Data!D9/Alternatives_Data!#REF! -> #REF! | AD9: =Alternatives_Data!D9/Alternatives_Data!#REF! -> #REF! | AE9: =Alternatives_Data!D9/Alternatives_Data!#REF! -> #REF! | AF9: =Alternatives_Data!D9/Alternatives_Data!#REF! -> #REF! | AG9: =Alternatives_Data!D9/Alternatives_Data!#REF! -> #REF! | AH9: =Alternatives_Data!D9/Alternatives_Data!#REF! -> #REF! | AI9: =Alternatives_Data!D9/Alternatives_Data!#REF! -> #REF! | AJ9: =Alternatives_Data!D9/Alternatives_Data!#REF! -> #REF! | AK9: =Alternatives_Data!D9/Alternatives_Data!#REF! -> #REF! | AL9: =Alternatives_Data!D9/Alternatives_Data!#REF! -> #REF! | AM9: =Alternatives_Data!D9/Alternatives_Data!#REF! -> #REF! | AN9: =Alternatives_Data!D9/Alternatives_Data!#REF! -> #REF! | AO9: =Alternatives_Data!D9/Alternatives_Data!#REF! -> #REF! | AP9: =Alternatives_Data!D9/Alternatives_Data!#REF! -> #REF! | AQ9: =Alternatives_Data!D9/Alternatives_Data!#REF! -> #REF!
A10: Intan | B10: =Alternatives_Data!D10/Alternatives_Data!D2 -> 0.5 | C10: =Alternatives_Data!D10/Alternatives_Data!D3 -> 0.25 | D10: =Alternatives_Data!D10/Alternatives_Data!D4 -> 0.33333333 | E10: =Alternatives_Data!D10/Alternatives_Data!D5 -> 1 | F10: =Alternatives_Data!D10/Alternatives_Data!D6 -> 0.5 | G10: =Alternatives_Data!D10/Alternatives_Data!D7 -> 0.33333333 | H10: =Alternatives_Data!D10/Alternatives_Data!D8 -> 0.25 | I10: =Alternatives_Data!D10/Alternatives_Data!D9 -> 0.33333333 | J10: =Alternatives_Data!D10/Alternatives_Data!D10 -> 1 | K10: =Alternatives_Data!D10/Alternatives_Data!#REF! -> #REF! | L10: =Alternatives_Data!D10/Alternatives_Data!#REF! -> #REF! | M10: =Alternatives_Data!D10/Alternatives_Data!#REF! -> #REF! | N10: =Alternatives_Data!D10/Alternatives_Data!#REF! -> #REF! | O10: =Alternatives_Data!D10/Alternatives_Data!#REF! -> #REF! | P10: =Alternatives_Data!D10/Alternatives_Data!#REF! -> #REF! | Q10: =Alternatives_Data!D10/Alternatives_Data!#REF! -> #REF! | R10: =Alternatives_Data!D10/Alternatives_Data!#REF! -> #REF! | S10: =Alternatives_Data!D10/Alternatives_Data!#REF! -> #REF! | T10: =Alternatives_Data!D10/Alternatives_Data!#REF! -> #REF! | U10: =Alternatives_Data!D10/Alternatives_Data!#REF! -> #REF! | V10: =Alternatives_Data!D10/Alternatives_Data!#REF! -> #REF! | W10: =Alternatives_Data!D10/Alternatives_Data!#REF! -> #REF! | X10: =Alternatives_Data!D10/Alternatives_Data!#REF! -> #REF! | Y10: =Alternatives_Data!D10/Alternatives_Data!#REF! -> #REF! | Z10: =Alternatives_Data!D10/Alternatives_Data!#REF! -> #REF! | AA10: =Alternatives_Data!D10/Alternatives_Data!#REF! -> #REF! | AB10: =Alternatives_Data!D10/Alternatives_Data!#REF! -> #REF! | AC10: =Alternatives_Data!D10/Alternatives_Data!#REF! -> #REF! | AD10: =Alternatives_Data!D10/Alternatives_Data!#REF! -> #REF! | AE10: =Alternatives_Data!D10/Alternatives_Data!#REF! -> #REF! | AF10: =Alternatives_Data!D10/Alternatives_Data!#REF! -> #REF! | AG10: =Alternatives_Data!D10/Alternatives_Data!#REF! -> #REF! | AH10: =Alternatives_Data!D10/Alternatives_Data!#REF! -> #REF! | AI10: =Alternatives_Data!D10/Alternatives_Data!#REF! -> #REF! | AJ10: =Alternatives_Data!D10/Alternatives_Data!#REF! -> #REF! | AK10: =Alternatives_Data!D10/Alternatives_Data!#REF! -> #REF! | AL10: =Alternatives_Data!D10/Alternatives_Data!#REF! -> #REF! | AM10: =Alternatives_Data!D10/Alternatives_Data!#REF! -> #REF! | AN10: =Alternatives_Data!D10/Alternatives_Data!#REF! -> #REF! | AO10: =Alternatives_Data!D10/Alternatives_Data!#REF! -> #REF! | AP10: =Alternatives_Data!D10/Alternatives_Data!#REF! -> #REF! | AQ10: =Alternatives_Data!D10/Alternatives_Data!#REF! -> #REF!
A11: Joko | B11: =Alternatives_Data!#REF!/Alternatives_Data!D2 -> #REF! | C11: =Alternatives_Data!#REF!/Alternatives_Data!D3 -> #REF! | D11: =Alternatives_Data!#REF!/Alternatives_Data!D4 -> #REF! | E11: =Alternatives_Data!#REF!/Alternatives_Data!D5 -> #REF! | F11: =Alternatives_Data!#REF!/Alternatives_Data!D6 -> #REF! | G11: =Alternatives_Data!#REF!/Alternatives_Data!D7 -> #REF! | H11: =Alternatives_Data!#REF!/Alternatives_Data!D8 -> #REF! | I11: =Alternatives_Data!#REF!/Alternatives_Data!D9 -> #REF! | J11: =Alternatives_Data!#REF!/Alternatives_Data!D10 -> #REF! | K11: =Alternatives_Data!#REF!/Alternatives_Data!#REF! -> #REF! | L11: =Alternatives_Data!#REF!/Alternatives_Data!#REF! -> #REF! | M11: =Alternatives_Data!#REF!/Alternatives_Data!#REF! -> #REF! | N11: =Alternatives_Data!#REF!/Alternatives_Data!#REF! -> #REF! | O11: =Alternatives_Data!#REF!/Alternatives_Data!#REF! -> #REF! | P11: =Alternatives_Data!#REF!/Alternatives_Data!#REF! -> #REF! | Q11: =Alternatives_Data!#REF!/Alternatives_Data!#REF! -> #REF! | R11: =Alternatives_Data!#REF!/Alternatives_Data!#REF! -> #REF! | ... AQ11: =Alternatives_Data!#REF!/Alternatives_Data!#REF! -> #REF!
A12: Kiki | B12: =Alternatives_Data!#REF!/Alternatives_Data!D2 -> #REF! | C12: =Alternatives_Data!#REF!/Alternatives_Data!D3 -> #REF! | D12: =Alternatives_Data!#REF!/Alternatives_Data!D4 -> #REF! | E12: =Alternatives_Data!#REF!/Alternatives_Data!D5 -> #REF! | F12: =Alternatives_Data!#REF!/Alternatives_Data!D6 -> #REF! | G12: =Alternatives_Data!#REF!/Alternatives_Data!D7 -> #REF! | H12: =Alternatives_Data!#REF!/Alternatives_Data!D8 -> #REF! | I12: =Alternatives_Data!#REF!/Alternatives_Data!D9 -> #REF! | J12: =Alternatives_Data!#REF!/Alternatives_Data!D10 -> #REF! | K12: =Alternatives_Data!#REF!/Alternatives_Data!#REF! -> #REF! | L12: =Alternatives_Data!#REF!/Alternatives_Data!#REF! -> #REF! | M12: =Alternatives_Data!#REF!/Alternatives_Data!#REF! -> #REF! | N12: =Alternatives_Data!#REF!/Alternatives_Data!#REF! -> #REF! | O12: =Alternatives_Data!#REF!/Alternatives_Data!#REF! -> #REF! | P12: =Alternatives_Data!#REF!/Alternatives_Data!#REF! -> #REF! | Q12: =Alternatives_Data!#REF!/Alternatives_Data!#REF! -> #REF! | R12: =Alternatives_Data!#REF!/Alternatives_Data!#REF! -> #REF! | ... AQ12: =Alternatives_Data!#REF!/Alternatives_Data!#REF! -> #REF!
A13: Lina | B13: =Alternatives_Data!#REF!/Alternatives_Data!D2 -> #REF! | C13: =Alternatives_Data!#REF!/Alternatives_Data!D3 -> #REF! | D13: =Alternatives_Data!#REF!/Alternatives_Data!D4 -> #REF! | E13: =Alternatives_Data!#REF!/Alternatives_Data!D5 -> #REF! | F13: =Alternatives_Data!#REF!/Alternatives_Data!D6 -> #REF! | G13: =Alternatives_Data!#REF!/Alternatives_Data!D7 -> #REF! | H13: =Alternatives_Data!#REF!/Alternatives_Data!D8 -> #REF! | I13: =Alternatives_Data!#REF!/Alternatives_Data!D9 -> #REF! | J13: =Alternatives_Data!#REF!/Alternatives_Data!D10 -> #REF! | K13: =Alternatives_Data!#REF!/Alternatives_Data!#REF! -> #REF! | L13: =Alternatives_Data!#REF!/Alternatives_Data!#REF! -> #REF! | M13: =Alternatives_Data!#REF!/Alternatives_Data!#REF! -> #REF! | N13: =Alternatives_Data!#REF!/Alternatives_Data!#REF! -> #REF! | O13: =Alternatives_Data!#REF!/Alternatives_Data!#REF! -> #REF! | P13: =Alternatives_Data!#REF!/Alternatives_Data!#REF! -> #REF! | Q13: =Alternatives_Data!#REF!/Alternatives_Data!#REF! -> #REF! | R13: =Alternatives_Data!#REF!/Alternatives_Data!#REF! -> #REF! | ... AQ13: =Alternatives_Data!#REF!/Alternatives_Data!#REF! -> #REF!
A14: Made | B14: =Alternatives_Data!#REF!/Alternatives_Data!D2 -> #REF! | C14: =Alternatives_Data!#REF!/Alternatives_Data!D3 -> #REF! | D14: =Alternatives_Data!#REF!/Alternatives_Data!D4 -> #REF! | E14: =Alternatives_Data!#REF!/Alternatives_Data!D5 -> #REF! | F14: =Alternatives_Data!#REF!/Alternatives_Data!D6 -> #REF! | G14: =Alternatives_Data!#REF!/Alternatives_Data!D7 -> #REF! | H14: =Alternatives_Data!#REF!/Alternatives_Data!D8 -> #REF! | I14: =Alternatives_Data!#REF!/Alternatives_Data!D9 -> #REF! | J14: =Alternatives_Data!#REF!/Alternatives_Data!D10 -> #REF! | K14: =Alternatives_Data!#REF!/Alternatives_Data!#REF! -> #REF! | L14: =Alternatives_Data!#REF!/Alternatives_Data!#REF! -> #REF! | M14: =Alternatives_Data!#REF!/Alternatives_Data!#REF! -> #REF! | N14: =Alternatives_Data!#REF!/Alternatives_Data!#REF! -> #REF! | O14: =Alternatives_Data!#REF!/Alternatives_Data!#REF! -> #REF! | P14: =Alternatives_Data!#REF!/Alternatives_Data!#REF! -> #REF! | Q14: =Alternatives_Data!#REF!/Alternatives_Data!#REF! -> #REF! | R14: =Alternatives_Data!#REF!/Alternatives_Data!#REF! -> #REF! | ... AQ14: =Alternatives_Data!#REF!/Alternatives_Data!#REF! -> #REF!
A15: Nisa | B15: =Alternatives_Data!#REF!/Alternatives_Data!D2 -> #REF! | C15: =Alternatives_Data!#REF!/Alternatives_Data!D3 -> #REF! | D15: =Alternatives_Data!#REF!/Alternatives_Data!D4 -> #REF! | E15: =Alternatives_Data!#REF!/Alternatives_Data!D5 -> #REF! | F15: =Alternatives_Data!#REF!/Alternatives_Data!D6 -> #REF! | G15: =Alternatives_Data!#REF!/Alternatives_Data!D7 -> #REF! | H15: =Alternatives_Data!#REF!/Alternatives_Data!D8 -> #REF! | I15: =Alternatives_Data!#REF!/Alternatives_Data!D9 -> #REF! | J15: =Alternatives_Data!#REF!/Alternatives_Data!D10 -> #REF! | K15: =Alternatives_Data!#REF!/Alternatives_Data!#REF! -> #REF! | L15: =Alternatives_Data!#REF!/Alternatives_Data!#REF! -> #REF! | M15: =Alternatives_Data!#REF!/Alternatives_Data!#REF! -> #REF! | N15: =Alternatives_Data!#REF!/Alternatives_Data!#REF! -> #REF! | O15: =Alternatives_Data!#REF!/Alternatives_Data!#REF! -> #REF! | P15: =Alternatives_Data!#REF!/Alternatives_Data!#REF! -> #REF! | Q15: =Alternatives_Data!#REF!/Alternatives_Data!#REF! -> #REF! | R15: =Alternatives_Data!#REF!/Alternatives_Data!#REF! -> #REF! | ... AQ15: =Alternatives_Data!#REF!/Alternatives_Data!#REF! -> #REF!
A16: Oka | B16: =Alternatives_Data!#REF!/Alternatives_Data!D2 -> #REF! | C16: =Alternatives_Data!#REF!/Alternatives_Data!D3 -> #REF! | D16: =Alternatives_Data!#REF!/Alternatives_Data!D4 -> #REF! | E16: =Alternatives_Data!#REF!/Alternatives_Data!D5 -> #REF! | F16: =Alternatives_Data!#REF!/Alternatives_Data!D6 -> #REF! | G16: =Alternatives_Data!#REF!/Alternatives_Data!D7 -> #REF! | H16: =Alternatives_Data!#REF!/Alternatives_Data!D8 -> #REF! | I16: =Alternatives_Data!#REF!/Alternatives_Data!D9 -> #REF! | J16: =Alternatives_Data!#REF!/Alternatives_Data!D10 -> #REF! | K16: =Alternatives_Data!#REF!/Alternatives_Data!#REF! -> #REF! | L16: =Alternatives_Data!#REF!/Alternatives_Data!#REF! -> #REF! | M16: =Alternatives_Data!#REF!/Alternatives_Data!#REF! -> #REF! | N16: =Alternatives_Data!#REF!/Alternatives_Data!#REF! -> #REF! | O16: =Alternatives_Data!#REF!/Alternatives_Data!#REF! -> #REF! | P16: =Alternatives_Data!#REF!/Alternatives_Data!#REF! -> #REF! | Q16: =Alternatives_Data!#REF!/Alternatives_Data!#REF! -> #REF! | R16: =Alternatives_Data!#REF!/Alternatives_Data!#REF! -> #REF! | ... AQ16: =Alternatives_Data!#REF!/Alternatives_Data!#REF! -> #REF!
A17: Putra | B17: =Alternatives_Data!#REF!/Alternatives_Data!D2 -> #REF! | C17: =Alternatives_Data!#REF!/Alternatives_Data!D3 -> #REF! | D17: =Alternatives_Data!#REF!/Alternatives_Data!D4 -> #REF! | E17: =Alternatives_Data!#REF!/Alternatives_Data!D5 -> #REF! | F17: =Alternatives_Data!#REF!/Alternatives_Data!D6 -> #REF! | G17: =Alternatives_Data!#REF!/Alternatives_Data!D7 -> #REF! | H17: =Alternatives_Data!#REF!/Alternatives_Data!D8 -> #REF! | I17: =Alternatives_Data!#REF!/Alternatives_Data!D9 -> #REF! | J17: =Alternatives_Data!#REF!/Alternatives_Data!D10 -> #REF! | K17: =Alternatives_Data!#REF!/Alternatives_Data!#REF! -> #REF! | L17: =Alternatives_Data!#REF!/Alternatives_Data!#REF! -> #REF! | M17: =Alternatives_Data!#REF!/Alternatives_Data!#REF! -> #REF! | N17: =Alternatives_Data!#REF!/Alternatives_Data!#REF! -> #REF! | O17: =Alternatives_Data!#REF!/Alternatives_Data!#REF! -> #REF! | P17: =Alternatives_Data!#REF!/Alternatives_Data!#REF! -> #REF! | Q17: =Alternatives_Data!#REF!/Alternatives_Data!#REF! -> #REF! | R17: =Alternatives_Data!#REF!/Alternatives_Data!#REF! -> #REF! | ... AQ17: =Alternatives_Data!#REF!/Alternatives_Data!#REF! -> #REF!
A18: Qori | B18: =Alternatives_Data!#REF!/Alternatives_Data!D2 -> #REF! | C18: =Alternatives_Data!#REF!/Alternatives_Data!D3 -> #REF! | D18: =Alternatives_Data!#REF!/Alternatives_Data!D4 -> #REF! | E18: =Alternatives_Data!#REF!/Alternatives_Data!D5 -> #REF! | F18: =Alternatives_Data!#REF!/Alternatives_Data!D6 -> #REF! | G18: =Alternatives_Data!#REF!/Alternatives_Data!D7 -> #REF! | H18: =Alternatives_Data!#REF!/Alternatives_Data!D8 -> #REF! | I18: =Alternatives_Data!#REF!/Alternatives_Data!D9 -> #REF! | J18: =Alternatives_Data!#REF!/Alternatives_Data!D10 -> #REF! | K18: =Alternatives_Data!#REF!/Alternatives_Data!#REF! -> #REF! | L18: =Alternatives_Data!#REF!/Alternatives_Data!#REF! -> #REF! | M18: =Alternatives_Data!#REF!/Alternatives_Data!#REF! -> #REF! | N18: =Alternatives_Data!#REF!/Alternatives_Data!#REF! -> #REF! | O18: =Alternatives_Data!#REF!/Alternatives_Data!#REF! -> #REF! | P18: =Alternatives_Data!#REF!/Alternatives_Data!#REF! -> #REF! | Q18: =Alternatives_Data!#REF!/Alternatives_Data!#REF! -> #REF! | R18: =Alternatives_Data!#REF!/Alternatives_Data!#REF! -> #REF! | ... AQ18: =Alternatives_Data!#REF!/Alternatives_Data!#REF! -> #REF!
A19: Rian | B19: =Alternatives_Data!#REF!/Alternatives_Data!D2 -> #REF! | C19: =Alternatives_Data!#REF!/Alternatives_Data!D3 -> #REF! | D19: =Alternatives_Data!#REF!/Alternatives_Data!D4 -> #REF! | E19: =Alternatives_Data!#REF!/Alternatives_Data!D5 -> #REF! | F19: =Alternatives_Data!#REF!/Alternatives_Data!D6 -> #REF! | G19: =Alternatives_Data!#REF!/Alternatives_Data!D7 -> #REF! | H19: =Alternatives_Data!#REF!/Alternatives_Data!D8 -> #REF! | I19: =Alternatives_Data!#REF!/Alternatives_Data!D9 -> #REF! | J19: =Alternatives_Data!#REF!/Alternatives_Data!D10 -> #REF! | K19: =Alternatives_Data!#REF!/Alternatives_Data!#REF! -> #REF! | L19: =Alternatives_Data!#REF!/Alternatives_Data!#REF! -> #REF! | M19: =Alternatives_Data!#REF!/Alternatives_Data!#REF! -> #REF! | N19: =Alternatives_Data!#REF!/Alternatives_Data!#REF! -> #REF! | O19: =Alternatives_Data!#REF!/Alternatives_Data!#REF! -> #REF! | P19: =Alternatives_Data!#REF!/Alternatives_Data!#REF! -> #REF! | Q19: =Alternatives_Data!#REF!/Alternatives_Data!#REF! -> #REF! | R19: =Alternatives_Data!#REF!/Alternatives_Data!#REF! -> #REF! | ... AQ19: =Alternatives_Data!#REF!/Alternatives_Data!#REF! -> #REF!
A20: Sinta | B20: =Alternatives_Data!#REF!/Alternatives_Data!D2 -> #REF! | C20: =Alternatives_Data!#REF!/Alternatives_Data!D3 -> #REF! | D20: =Alternatives_Data!#REF!/Alternatives_Data!D4 -> #REF! | E20: =Alternatives_Data!#REF!/Alternatives_Data!D5 -> #REF! | F20: =Alternatives_Data!#REF!/Alternatives_Data!D6 -> #REF! | G20: =Alternatives_Data!#REF!/Alternatives_Data!D7 -> #REF! | H20: =Alternatives_Data!#REF!/Alternatives_Data!D8 -> #REF! | I20: =Alternatives_Data!#REF!/Alternatives_Data!D9 -> #REF! | J20: =Alternatives_Data!#REF!/Alternatives_Data!D10 -> #REF! | K20: =Alternatives_Data!#REF!/Alternatives_Data!#REF! -> #REF! | L20: =Alternatives_Data!#REF!/Alternatives_Data!#REF! -> #REF! | M20: =Alternatives_Data!#REF!/Alternatives_Data!#REF! -> #REF! | N20: =Alternatives_Data!#REF!/Alternatives_Data!#REF! -> #REF! | O20: =Alternatives_Data!#REF!/Alternatives_Data!#REF! -> #REF! | P20: =Alternatives_Data!#REF!/Alternatives_Data!#REF! -> #REF! | Q20: =Alternatives_Data!#REF!/Alternatives_Data!#REF! -> #REF! | R20: =Alternatives_Data!#REF!/Alternatives_Data!#REF! -> #REF! | ... AQ20: =Alternatives_Data!#REF!/Alternatives_Data!#REF! -> #REF!
A21: Tono | B21: =Alternatives_Data!#REF!/Alternatives_Data!D2 -> #REF! | C21: =Alternatives_Data!#REF!/Alternatives_Data!D3 -> #REF! | D21: =Alternatives_Data!#REF!/Alternatives_Data!D4 -> #REF! | E21: =Alternatives_Data!#REF!/Alternatives_Data!D5 -> #REF! | F21: =Alternatives_Data!#REF!/Alternatives_Data!D6 -> #REF! | G21: =Alternatives_Data!#REF!/Alternatives_Data!D7 -> #REF! | H21: =Alternatives_Data!#REF!/Alternatives_Data!D8 -> #REF! | I21: =Alternatives_Data!#REF!/Alternatives_Data!D9 -> #REF! | J21: =Alternatives_Data!#REF!/Alternatives_Data!D10 -> #REF! | K21: =Alternatives_Data!#REF!/Alternatives_Data!#REF! -> #REF! | L21: =Alternatives_Data!#REF!/Alternatives_Data!#REF! -> #REF! | M21: =Alternatives_Data!#REF!/Alternatives_Data!#REF! -> #REF! | N21: =Alternatives_Data!#REF!/Alternatives_Data!#REF! -> #REF! | O21: =Alternatives_Data!#REF!/Alternatives_Data!#REF! -> #REF! | P21: =Alternatives_Data!#REF!/Alternatives_Data!#REF! -> #REF! | Q21: =Alternatives_Data!#REF!/Alternatives_Data!#REF! -> #REF! | R21: =Alternatives_Data!#REF!/Alternatives_Data!#REF! -> #REF! | ... AQ21: =Alternatives_Data!#REF!/Alternatives_Data!#REF! -> #REF!
A22: Uli | B22: =Alternatives_Data!#REF!/Alternatives_Data!D2 -> #REF! | C22: =Alternatives_Data!#REF!/Alternatives_Data!D3 -> #REF! | D22: =Alternatives_Data!#REF!/Alternatives_Data!D4 -> #REF! | E22: =Alternatives_Data!#REF!/Alternatives_Data!D5 -> #REF! | F22: =Alternatives_Data!#REF!/Alternatives_Data!D6 -> #REF! | G22: =Alternatives_Data!#REF!/Alternatives_Data!D7 -> #REF! | H22: =Alternatives_Data!#REF!/Alternatives_Data!D8 -> #REF! | I22: =Alternatives_Data!#REF!/Alternatives_Data!D9 -> #REF! | J22: =Alternatives_Data!#REF!/Alternatives_Data!D10 -> #REF! | K22: =Alternatives_Data!#REF!/Alternatives_Data!#REF! -> #REF! | L22: =Alternatives_Data!#REF!/Alternatives_Data!#REF! -> #REF! | M22: =Alternatives_Data!#REF!/Alternatives_Data!#REF! -> #REF! | N22: =Alternatives_Data!#REF!/Alternatives_Data!#REF! -> #REF! | O22: =Alternatives_Data!#REF!/Alternatives_Data!#REF! -> #REF! | P22: =Alternatives_Data!#REF!/Alternatives_Data!#REF! -> #REF! | Q22: =Alternatives_Data!#REF!/Alternatives_Data!#REF! -> #REF! | R22: =Alternatives_Data!#REF!/Alternatives_Data!#REF! -> #REF! | ... AQ22: =Alternatives_Data!#REF!/Alternatives_Data!#REF! -> #REF!
A23: Vina | B23: =Alternatives_Data!#REF!/Alternatives_Data!D2 -> #REF! | C23: =Alternatives_Data!#REF!/Alternatives_Data!D3 -> #REF! | D23: =Alternatives_Data!#REF!/Alternatives_Data!D4 -> #REF! | E23: =Alternatives_Data!#REF!/Alternatives_Data!D5 -> #REF! | F23: =Alternatives_Data!#REF!/Alternatives_Data!D6 -> #REF! | G23: =Alternatives_Data!#REF!/Alternatives_Data!D7 -> #REF! | H23: =Alternatives_Data!#REF!/Alternatives_Data!D8 -> #REF! | I23: =Alternatives_Data!#REF!/Alternatives_Data!D9 -> #REF! | J23: =Alternatives_Data!#REF!/Alternatives_Data!D10 -> #REF! | K23: =Alternatives_Data!#REF!/Alternatives_Data!#REF! -> #REF! | L23: =Alternatives_Data!#REF!/Alternatives_Data!#REF! -> #REF! | M23: =Alternatives_Data!#REF!/Alternatives_Data!#REF! -> #REF! | N23: =Alternatives_Data!#REF!/Alternatives_Data!#REF! -> #REF! | O23: =Alternatives_Data!#REF!/Alternatives_Data!#REF! -> #REF! | P23: =Alternatives_Data!#REF!/Alternatives_Data!#REF! -> #REF! | Q23: =Alternatives_Data!#REF!/Alternatives_Data!#REF! -> #REF! | R23: =Alternatives_Data!#REF!/Alternatives_Data!#REF! -> #REF! | ... AQ23: =Alternatives_Data!#REF!/Alternatives_Data!#REF! -> #REF!
A24: Wahyu | B24: =Alternatives_Data!#REF!/Alternatives_Data!D2 -> #REF! | C24: =Alternatives_Data!#REF!/Alternatives_Data!D3 -> #REF! | D24: =Alternatives_Data!#REF!/Alternatives_Data!D4 -> #REF! | E24: =Alternatives_Data!#REF!/Alternatives_Data!D5 -> #REF! | F24: =Alternatives_Data!#REF!/Alternatives_Data!D6 -> #REF! | G24: =Alternatives_Data!#REF!/Alternatives_Data!D7 -> #REF! | H24: =Alternatives_Data!#REF!/Alternatives_Data!D8 -> #REF! | I24: =Alternatives_Data!#REF!/Alternatives_Data!D9 -> #REF! | J24: =Alternatives_Data!#REF!/Alternatives_Data!D10 -> #REF! | K24: =Alternatives_Data!#REF!/Alternatives_Data!#REF! -> #REF! | L24: =Alternatives_Data!#REF!/Alternatives_Data!#REF! -> #REF! | M24: =Alternatives_Data!#REF!/Alternatives_Data!#REF! -> #REF! | N24: =Alternatives_Data!#REF!/Alternatives_Data!#REF! -> #REF! | O24: =Alternatives_Data!#REF!/Alternatives_Data!#REF! -> #REF! | P24: =Alternatives_Data!#REF!/Alternatives_Data!#REF! -> #REF! | Q24: =Alternatives_Data!#REF!/Alternatives_Data!#REF! -> #REF! | R24: =Alternatives_Data!#REF!/Alternatives_Data!#REF! -> #REF! | ... AQ24: =Alternatives_Data!#REF!/Alternatives_Data!#REF! -> #REF!
A25: Xena | B25: =Alternatives_Data!#REF!/Alternatives_Data!D2 -> #REF! | C25: =Alternatives_Data!#REF!/Alternatives_Data!D3 -> #REF! | D25: =Alternatives_Data!#REF!/Alternatives_Data!D4 -> #REF! | E25: =Alternatives_Data!#REF!/Alternatives_Data!D5 -> #REF! | F25: =Alternatives_Data!#REF!/Alternatives_Data!D6 -> #REF! | G25: =Alternatives_Data!#REF!/Alternatives_Data!D7 -> #REF! | H25: =Alternatives_Data!#REF!/Alternatives_Data!D8 -> #REF! | I25: =Alternatives_Data!#REF!/Alternatives_Data!D9 -> #REF! | J25: =Alternatives_Data!#REF!/Alternatives_Data!D10 -> #REF! | K25: =Alternatives_Data!#REF!/Alternatives_Data!#REF! -> #REF! | L25: =Alternatives_Data!#REF!/Alternatives_Data!#REF! -> #REF! | M25: =Alternatives_Data!#REF!/Alternatives_Data!#REF! -> #REF! | N25: =Alternatives_Data!#REF!/Alternatives_Data!#REF! -> #REF! | O25: =Alternatives_Data!#REF!/Alternatives_Data!#REF! -> #REF! | P25: =Alternatives_Data!#REF!/Alternatives_Data!#REF! -> #REF! | Q25: =Alternatives_Data!#REF!/Alternatives_Data!#REF! -> #REF! | R25: =Alternatives_Data!#REF!/Alternatives_Data!#REF! -> #REF! | ... AQ25: =Alternatives_Data!#REF!/Alternatives_Data!#REF! -> #REF!
A26: Yoga | B26: =Alternatives_Data!#REF!/Alternatives_Data!D2 -> #REF! | C26: =Alternatives_Data!#REF!/Alternatives_Data!D3 -> #REF! | D26: =Alternatives_Data!#REF!/Alternatives_Data!D4 -> #REF! | E26: =Alternatives_Data!#REF!/Alternatives_Data!D5 -> #REF! | F26: =Alternatives_Data!#REF!/Alternatives_Data!D6 -> #REF! | G26: =Alternatives_Data!#REF!/Alternatives_Data!D7 -> #REF! | H26: =Alternatives_Data!#REF!/Alternatives_Data!D8 -> #REF! | I26: =Alternatives_Data!#REF!/Alternatives_Data!D9 -> #REF! | J26: =Alternatives_Data!#REF!/Alternatives_Data!D10 -> #REF! | K26: =Alternatives_Data!#REF!/Alternatives_Data!#REF! -> #REF! | L26: =Alternatives_Data!#REF!/Alternatives_Data!#REF! -> #REF! | M26: =Alternatives_Data!#REF!/Alternatives_Data!#REF! -> #REF! | N26: =Alternatives_Data!#REF!/Alternatives_Data!#REF! -> #REF! | O26: =Alternatives_Data!#REF!/Alternatives_Data!#REF! -> #REF! | P26: =Alternatives_Data!#REF!/Alternatives_Data!#REF! -> #REF! | Q26: =Alternatives_Data!#REF!/Alternatives_Data!#REF! -> #REF! | R26: =Alternatives_Data!#REF!/Alternatives_Data!#REF! -> #REF! | ... AQ26: =Alternatives_Data!#REF!/Alternatives_Data!#REF! -> #REF!
A27: Zaki | B27: =Alternatives_Data!#REF!/Alternatives_Data!D2 -> #REF! | C27: =Alternatives_Data!#REF!/Alternatives_Data!D3 -> #REF! | D27: =Alternatives_Data!#REF!/Alternatives_Data!D4 -> #REF! | E27: =Alternatives_Data!#REF!/Alternatives_Data!D5 -> #REF! | F27: =Alternatives_Data!#REF!/Alternatives_Data!D6 -> #REF! | G27: =Alternatives_Data!#REF!/Alternatives_Data!D7 -> #REF! | H27: =Alternatives_Data!#REF!/Alternatives_Data!D8 -> #REF! | I27: =Alternatives_Data!#REF!/Alternatives_Data!D9 -> #REF! | J27: =Alternatives_Data!#REF!/Alternatives_Data!D10 -> #REF! | K27: =Alternatives_Data!#REF!/Alternatives_Data!#REF! -> #REF! | L27: =Alternatives_Data!#REF!/Alternatives_Data!#REF! -> #REF! | M27: =Alternatives_Data!#REF!/Alternatives_Data!#REF! -> #REF! | N27: =Alternatives_Data!#REF!/Alternatives_Data!#REF! -> #REF! | O27: =Alternatives_Data!#REF!/Alternatives_Data!#REF! -> #REF! | P27: =Alternatives_Data!#REF!/Alternatives_Data!#REF! -> #REF! | Q27: =Alternatives_Data!#REF!/Alternatives_Data!#REF! -> #REF! | R27: =Alternatives_Data!#REF!/Alternatives_Data!#REF! -> #REF! | ... AQ27: =Alternatives_Data!#REF!/Alternatives_Data!#REF! -> #REF!
A28: Amanda | B28: =Alternatives_Data!#REF!/Alternatives_Data!D2 -> #REF! | C28: =Alternatives_Data!#REF!/Alternatives_Data!D3 -> #REF! | D28: =Alternatives_Data!#REF!/Alternatives_Data!D4 -> #REF! | E28: =Alternatives_Data!#REF!/Alternatives_Data!D5 -> #REF! | F28: =Alternatives_Data!#REF!/Alternatives_Data!D6 -> #REF! | G28: =Alternatives_Data!#REF!/Alternatives_Data!D7 -> #REF! | H28: =Alternatives_Data!#REF!/Alternatives_Data!D8 -> #REF! | I28: =Alternatives_Data!#REF!/Alternatives_Data!D9 -> #REF! | J28: =Alternatives_Data!#REF!/Alternatives_Data!D10 -> #REF! | K28: =Alternatives_Data!#REF!/Alternatives_Data!#REF! -> #REF! | L28: =Alternatives_Data!#REF!/Alternatives_Data!#REF! -> #REF! | M28: =Alternatives_Data!#REF!/Alternatives_Data!#REF! -> #REF! | N28: =Alternatives_Data!#REF!/Alternatives_Data!#REF! -> #REF! | O28: =Alternatives_Data!#REF!/Alternatives_Data!#REF! -> #REF! | P28: =Alternatives_Data!#REF!/Alternatives_Data!#REF! -> #REF! | Q28: =Alternatives_Data!#REF!/Alternatives_Data!#REF! -> #REF! | R28: =Alternatives_Data!#REF!/Alternatives_Data!#REF! -> #REF! | ... AQ28: =Alternatives_Data!#REF!/Alternatives_Data!#REF! -> #REF!
A29: Bayu | B29: =Alternatives_Data!#REF!/Alternatives_Data!D2 -> #REF! | C29: =Alternatives_Data!#REF!/Alternatives_Data!D3 -> #REF! | D29: =Alternatives_Data!#REF!/Alternatives_Data!D4 -> #REF! | E29: =Alternatives_Data!#REF!/Alternatives_Data!D5 -> #REF! | F29: =Alternatives_Data!#REF!/Alternatives_Data!D6 -> #REF! | G29: =Alternatives_Data!#REF!/Alternatives_Data!D7 -> #REF! | H29: =Alternatives_Data!#REF!/Alternatives_Data!D8 -> #REF! | I29: =Alternatives_Data!#REF!/Alternatives_Data!D9 -> #REF! | J29: =Alternatives_Data!#REF!/Alternatives_Data!D10 -> #REF! | K29: =Alternatives_Data!#REF!/Alternatives_Data!#REF! -> #REF! | L29: =Alternatives_Data!#REF!/Alternatives_Data!#REF! -> #REF! | M29: =Alternatives_Data!#REF!/Alternatives_Data!#REF! -> #REF! | N29: =Alternatives_Data!#REF!/Alternatives_Data!#REF! -> #REF! | O29: =Alternatives_Data!#REF!/Alternatives_Data!#REF! -> #REF! | P29: =Alternatives_Data!#REF!/Alternatives_Data!#REF! -> #REF! | Q29: =Alternatives_Data!#REF!/Alternatives_Data!#REF! -> #REF! | R29: =Alternatives_Data!#REF!/Alternatives_Data!#REF! -> #REF! | ... AQ29: =Alternatives_Data!#REF!/Alternatives_Data!#REF! -> #REF!
A30: Clara | B30: =Alternatives_Data!#REF!/Alternatives_Data!D2 -> #REF! | C30: =Alternatives_Data!#REF!/Alternatives_Data!D3 -> #REF! | D30: =Alternatives_Data!#REF!/Alternatives_Data!D4 -> #REF! | E30: =Alternatives_Data!#REF!/Alternatives_Data!D5 -> #REF! | F30: =Alternatives_Data!#REF!/Alternatives_Data!D6 -> #REF! | G30: =Alternatives_Data!#REF!/Alternatives_Data!D7 -> #REF! | H30: =Alternatives_Data!#REF!/Alternatives_Data!D8 -> #REF! | I30: =Alternatives_Data!#REF!/Alternatives_Data!D9 -> #REF! | J30: =Alternatives_Data!#REF!/Alternatives_Data!D10 -> #REF! | K30: =Alternatives_Data!#REF!/Alternatives_Data!#REF! -> #REF! | L30: =Alternatives_Data!#REF!/Alternatives_Data!#REF! -> #REF! | M30: =Alternatives_Data!#REF!/Alternatives_Data!#REF! -> #REF! | N30: =Alternatives_Data!#REF!/Alternatives_Data!#REF! -> #REF! | O30: =Alternatives_Data!#REF!/Alternatives_Data!#REF! -> #REF! | P30: =Alternatives_Data!#REF!/Alternatives_Data!#REF! -> #REF! | Q30: =Alternatives_Data!#REF!/Alternatives_Data!#REF! -> #REF! | R30: =Alternatives_Data!#REF!/Alternatives_Data!#REF! -> #REF! | ... AQ30: =Alternatives_Data!#REF!/Alternatives_Data!#REF! -> #REF!
A31: Dani | B31: =Alternatives_Data!#REF!/Alternatives_Data!D2 -> #REF! | C31: =Alternatives_Data!#REF!/Alternatives_Data!D3 -> #REF! | D31: =Alternatives_Data!#REF!/Alternatives_Data!D4 -> #REF! | E31: =Alternatives_Data!#REF!/Alternatives_Data!D5 -> #REF! | F31: =Alternatives_Data!#REF!/Alternatives_Data!D6 -> #REF! | G31: =Alternatives_Data!#REF!/Alternatives_Data!D7 -> #REF! | H31: =Alternatives_Data!#REF!/Alternatives_Data!D8 -> #REF! | I31: =Alternatives_Data!#REF!/Alternatives_Data!D9 -> #REF! | J31: =Alternatives_Data!#REF!/Alternatives_Data!D10 -> #REF! | K31: =Alternatives_Data!#REF!/Alternatives_Data!#REF! -> #REF! | L31: =Alternatives_Data!#REF!/Alternatives_Data!#REF! -> #REF! | M31: =Alternatives_Data!#REF!/Alternatives_Data!#REF! -> #REF! | N31: =Alternatives_Data!#REF!/Alternatives_Data!#REF! -> #REF! | O31: =Alternatives_Data!#REF!/Alternatives_Data!#REF! -> #REF! | P31: =Alternatives_Data!#REF!/Alternatives_Data!#REF! -> #REF! | Q31: =Alternatives_Data!#REF!/Alternatives_Data!#REF! -> #REF! | R31: =Alternatives_Data!#REF!/Alternatives_Data!#REF! -> #REF! | ... AQ31: =Alternatives_Data!#REF!/Alternatives_Data!#REF! -> #REF!
A32: Alif Adji | B32: =Alternatives_Data!#REF!/Alternatives_Data!D2 -> #REF! | C32: =Alternatives_Data!#REF!/Alternatives_Data!D3 -> #REF! | D32: =Alternatives_Data!#REF!/Alternatives_Data!D4 -> #REF! | E32: =Alternatives_Data!#REF!/Alternatives_Data!D5 -> #REF! | F32: =Alternatives_Data!#REF!/Alternatives_Data!D6 -> #REF! | G32: =Alternatives_Data!#REF!/Alternatives_Data!D7 -> #REF! | H32: =Alternatives_Data!#REF!/Alternatives_Data!D8 -> #REF! | I32: =Alternatives_Data!#REF!/Alternatives_Data!D9 -> #REF! | J32: =Alternatives_Data!#REF!/Alternatives_Data!D10 -> #REF! | K32: =Alternatives_Data!#REF!/Alternatives_Data!#REF! -> #REF! | L32: =Alternatives_Data!#REF!/Alternatives_Data!#REF! -> #REF! | M32: =Alternatives_Data!#REF!/Alternatives_Data!#REF! -> #REF! | N32: =Alternatives_Data!#REF!/Alternatives_Data!#REF! -> #REF! | O32: =Alternatives_Data!#REF!/Alternatives_Data!#REF! -> #REF! | P32: =Alternatives_Data!#REF!/Alternatives_Data!#REF! -> #REF! | Q32: =Alternatives_Data!#REF!/Alternatives_Data!#REF! -> #REF! | R32: =Alternatives_Data!#REF!/Alternatives_Data!#REF! -> #REF! | ... AQ32: =Alternatives_Data!#REF!/Alternatives_Data!#REF! -> #REF!
A33: Danu | B33: =Alternatives_Data!#REF!/Alternatives_Data!D2 -> #REF! | C33: =Alternatives_Data!#REF!/Alternatives_Data!D3 -> #REF! | D33: =Alternatives_Data!#REF!/Alternatives_Data!D4 -> #REF! | E33: =Alternatives_Data!#REF!/Alternatives_Data!D5 -> #REF! | F33: =Alternatives_Data!#REF!/Alternatives_Data!D6 -> #REF! | G33: =Alternatives_Data!#REF!/Alternatives_Data!D7 -> #REF! | H33: =Alternatives_Data!#REF!/Alternatives_Data!D8 -> #REF! | I33: =Alternatives_Data!#REF!/Alternatives_Data!D9 -> #REF! | J33: =Alternatives_Data!#REF!/Alternatives_Data!D10 -> #REF! | K33: =Alternatives_Data!#REF!/Alternatives_Data!#REF! -> #REF! | L33: =Alternatives_Data!#REF!/Alternatives_Data!#REF! -> #REF! | M33: =Alternatives_Data!#REF!/Alternatives_Data!#REF! -> #REF! | N33: =Alternatives_Data!#REF!/Alternatives_Data!#REF! -> #REF! | O33: =Alternatives_Data!#REF!/Alternatives_Data!#REF! -> #REF! | P33: =Alternatives_Data!#REF!/Alternatives_Data!#REF! -> #REF! | Q33: =Alternatives_Data!#REF!/Alternatives_Data!#REF! -> #REF! | R33: =Alternatives_Data!#REF!/Alternatives_Data!#REF! -> #REF! | ... AQ33: =Alternatives_Data!#REF!/Alternatives_Data!#REF! -> #REF!
A34: Qori Halim | B34: =Alternatives_Data!#REF!/Alternatives_Data!D2 -> #REF! | C34: =Alternatives_Data!#REF!/Alternatives_Data!D3 -> #REF! | D34: =Alternatives_Data!#REF!/Alternatives_Data!D4 -> #REF! | E34: =Alternatives_Data!#REF!/Alternatives_Data!D5 -> #REF! | F34: =Alternatives_Data!#REF!/Alternatives_Data!D6 -> #REF! | G34: =Alternatives_Data!#REF!/Alternatives_Data!D7 -> #REF! | H34: =Alternatives_Data!#REF!/Alternatives_Data!D8 -> #REF! | I34: =Alternatives_Data!#REF!/Alternatives_Data!D9 -> #REF! | J34: =Alternatives_Data!#REF!/Alternatives_Data!D10 -> #REF! | K34: =Alternatives_Data!#REF!/Alternatives_Data!#REF! -> #REF! | L34: =Alternatives_Data!#REF!/Alternatives_Data!#REF! -> #REF! | M34: =Alternatives_Data!#REF!/Alternatives_Data!#REF! -> #REF! | N34: =Alternatives_Data!#REF!/Alternatives_Data!#REF! -> #REF! | O34: =Alternatives_Data!#REF!/Alternatives_Data!#REF! -> #REF! | P34: =Alternatives_Data!#REF!/Alternatives_Data!#REF! -> #REF! | Q34: =Alternatives_Data!#REF!/Alternatives_Data!#REF! -> #REF! | R34: =Alternatives_Data!#REF!/Alternatives_Data!#REF! -> #REF! | ... AQ34: =Alternatives_Data!#REF!/Alternatives_Data!#REF! -> #REF!
A35: Dani Wijaya | B35: =Alternatives_Data!#REF!/Alternatives_Data!D2 -> #REF! | C35: =Alternatives_Data!#REF!/Alternatives_Data!D3 -> #REF! | D35: =Alternatives_Data!#REF!/Alternatives_Data!D4 -> #REF! | E35: =Alternatives_Data!#REF!/Alternatives_Data!D5 -> #REF! | F35: =Alternatives_Data!#REF!/Alternatives_Data!D6 -> #REF! | G35: =Alternatives_Data!#REF!/Alternatives_Data!D7 -> #REF! | H35: =Alternatives_Data!#REF!/Alternatives_Data!D8 -> #REF! | I35: =Alternatives_Data!#REF!/Alternatives_Data!D9 -> #REF! | J35: =Alternatives_Data!#REF!/Alternatives_Data!D10 -> #REF! | K35: =Alternatives_Data!#REF!/Alternatives_Data!#REF! -> #REF! | L35: =Alternatives_Data!#REF!/Alternatives_Data!#REF! -> #REF! | M35: =Alternatives_Data!#REF!/Alternatives_Data!#REF! -> #REF! | N35: =Alternatives_Data!#REF!/Alternatives_Data!#REF! -> #REF! | O35: =Alternatives_Data!#REF!/Alternatives_Data!#REF! -> #REF! | P35: =Alternatives_Data!#REF!/Alternatives_Data!#REF! -> #REF! | Q35: =Alternatives_Data!#REF!/Alternatives_Data!#REF! -> #REF! | R35: =Alternatives_Data!#REF!/Alternatives_Data!#REF! -> #REF! | ... AQ35: =Alternatives_Data!#REF!/Alternatives_Data!#REF! -> #REF!
A36: Kiki Suryanto | B36: =Alternatives_Data!#REF!/Alternatives_Data!D2 -> #REF! | C36: =Alternatives_Data!#REF!/Alternatives_Data!D3 -> #REF! | D36: =Alternatives_Data!#REF!/Alternatives_Data!D4 -> #REF! | E36: =Alternatives_Data!#REF!/Alternatives_Data!D5 -> #REF! | F36: =Alternatives_Data!#REF!/Alternatives_Data!D6 -> #REF! | G36: =Alternatives_Data!#REF!/Alternatives_Data!D7 -> #REF! | H36: =Alternatives_Data!#REF!/Alternatives_Data!D8 -> #REF! | I36: =Alternatives_Data!#REF!/Alternatives_Data!D9 -> #REF! | J36: =Alternatives_Data!#REF!/Alternatives_Data!D10 -> #REF! | K36: =Alternatives_Data!#REF!/Alternatives_Data!#REF! -> #REF! | L36: =Alternatives_Data!#REF!/Alternatives_Data!#REF! -> #REF! | M36: =Alternatives_Data!#REF!/Alternatives_Data!#REF! -> #REF! | N36: =Alternatives_Data!#REF!/Alternatives_Data!#REF! -> #REF! | O36: =Alternatives_Data!#REF!/Alternatives_Data!#REF! -> #REF! | P36: =Alternatives_Data!#REF!/Alternatives_Data!#REF! -> #REF! | Q36: =Alternatives_Data!#REF!/Alternatives_Data!#REF! -> #REF! | R36: =Alternatives_Data!#REF!/Alternatives_Data!#REF! -> #REF! | ... AQ36: =Alternatives_Data!#REF!/Alternatives_Data!#REF! -> #REF!
A37: Nisa Putri | B37: =Alternatives_Data!#REF!/Alternatives_Data!D2 -> #REF! | C37: =Alternatives_Data!#REF!/Alternatives_Data!D3 -> #REF! | D37: =Alternatives_Data!#REF!/Alternatives_Data!D4 -> #REF! | E37: =Alternatives_Data!#REF!/Alternatives_Data!D5 -> #REF! | F37: =Alternatives_Data!#REF!/Alternatives_Data!D6 -> #REF! | G37: =Alternatives_Data!#REF!/Alternatives_Data!D7 -> #REF! | H37: =Alternatives_Data!#REF!/Alternatives_Data!D8 -> #REF! | I37: =Alternatives_Data!#REF!/Alternatives_Data!D9 -> #REF! | J37: =Alternatives_Data!#REF!/Alternatives_Data!D10 -> #REF! | K37: =Alternatives_Data!#REF!/Alternatives_Data!#REF! -> #REF! | L37: =Alternatives_Data!#REF!/Alternatives_Data!#REF! -> #REF! | M37: =Alternatives_Data!#REF!/Alternatives_Data!#REF! -> #REF! | N37: =Alternatives_Data!#REF!/Alternatives_Data!#REF! -> #REF! | O37: =Alternatives_Data!#REF!/Alternatives_Data!#REF! -> #REF! | P37: =Alternatives_Data!#REF!/Alternatives_Data!#REF! -> #REF! | Q37: =Alternatives_Data!#REF!/Alternatives_Data!#REF! -> #REF! | R37: =Alternatives_Data!#REF!/Alternatives_Data!#REF! -> #REF! | ... AQ37: =Alternatives_Data!#REF!/Alternatives_Data!#REF! -> #REF!
A38: Amanda Rahma | B38: =Alternatives_Data!#REF!/Alternatives_Data!D2 -> #REF! | C38: =Alternatives_Data!#REF!/Alternatives_Data!D3 -> #REF! | D38: =Alternatives_Data!#REF!/Alternatives_Data!D4 -> #REF! | E38: =Alternatives_Data!#REF!/Alternatives_Data!D5 -> #REF! | F38: =Alternatives_Data!#REF!/Alternatives_Data!D6 -> #REF! | G38: =Alternatives_Data!#REF!/Alternatives_Data!D7 -> #REF! | H38: =Alternatives_Data!#REF!/Alternatives_Data!D8 -> #REF! | I38: =Alternatives_Data!#REF!/Alternatives_Data!D9 -> #REF! | J38: =Alternatives_Data!#REF!/Alternatives_Data!D10 -> #REF! | K38: =Alternatives_Data!#REF!/Alternatives_Data!#REF! -> #REF! | L38: =Alternatives_Data!#REF!/Alternatives_Data!#REF! -> #REF! | M38: =Alternatives_Data!#REF!/Alternatives_Data!#REF! -> #REF! | N38: =Alternatives_Data!#REF!/Alternatives_Data!#REF! -> #REF! | O38: =Alternatives_Data!#REF!/Alternatives_Data!#REF! -> #REF! | P38: =Alternatives_Data!#REF!/Alternatives_Data!#REF! -> #REF! | Q38: =Alternatives_Data!#REF!/Alternatives_Data!#REF! -> #REF! | R38: =Alternatives_Data!#REF!/Alternatives_Data!#REF! -> #REF! | ... AQ38: =Alternatives_Data!#REF!/Alternatives_Data!#REF! -> #REF!
A39: Tono Pratama | B39: =Alternatives_Data!#REF!/Alternatives_Data!D2 -> #REF! | C39: =Alternatives_Data!#REF!/Alternatives_Data!D3 -> #REF! | D39: =Alternatives_Data!#REF!/Alternatives_Data!D4 -> #REF! | E39: =Alternatives_Data!#REF!/Alternatives_Data!D5 -> #REF! | F39: =Alternatives_Data!#REF!/Alternatives_Data!D6 -> #REF! | G39: =Alternatives_Data!#REF!/Alternatives_Data!D7 -> #REF! | H39: =Alternatives_Data!#REF!/Alternatives_Data!D8 -> #REF! | I39: =Alternatives_Data!#REF!/Alternatives_Data!D9 -> #REF! | J39: =Alternatives_Data!#REF!/Alternatives_Data!D10 -> #REF! | K39: =Alternatives_Data!#REF!/Alternatives_Data!#REF! -> #REF! | L39: =Alternatives_Data!#REF!/Alternatives_Data!#REF! -> #REF! | M39: =Alternatives_Data!#REF!/Alternatives_Data!#REF! -> #REF! | N39: =Alternatives_Data!#REF!/Alternatives_Data!#REF! -> #REF! | O39: =Alternatives_Data!#REF!/Alternatives_Data!#REF! -> #REF! | P39: =Alternatives_Data!#REF!/Alternatives_Data!#REF! -> #REF! | Q39: =Alternatives_Data!#REF!/Alternatives_Data!#REF! -> #REF! | R39: =Alternatives_Data!#REF!/Alternatives_Data!#REF! -> #REF! | ... AQ39: =Alternatives_Data!#REF!/Alternatives_Data!#REF! -> #REF!
A40: Kiki Putri | B40: =Alternatives_Data!#REF!/Alternatives_Data!D2 -> #REF! | C40: =Alternatives_Data!#REF!/Alternatives_Data!D3 -> #REF! | D40: =Alternatives_Data!#REF!/Alternatives_Data!D4 -> #REF! | E40: =Alternatives_Data!#REF!/Alternatives_Data!D5 -> #REF! | F40: =Alternatives_Data!#REF!/Alternatives_Data!D6 -> #REF! | G40: =Alternatives_Data!#REF!/Alternatives_Data!D7 -> #REF! | H40: =Alternatives_Data!#REF!/Alternatives_Data!D8 -> #REF! | I40: =Alternatives_Data!#REF!/Alternatives_Data!D9 -> #REF! | J40: =Alternatives_Data!#REF!/Alternatives_Data!D10 -> #REF! | K40: =Alternatives_Data!#REF!/Alternatives_Data!#REF! -> #REF! | L40: =Alternatives_Data!#REF!/Alternatives_Data!#REF! -> #REF! | M40: =Alternatives_Data!#REF!/Alternatives_Data!#REF! -> #REF! | N40: =Alternatives_Data!#REF!/Alternatives_Data!#REF! -> #REF! | O40: =Alternatives_Data!#REF!/Alternatives_Data!#REF! -> #REF! | P40: =Alternatives_Data!#REF!/Alternatives_Data!#REF! -> #REF! | Q40: =Alternatives_Data!#REF!/Alternatives_Data!#REF! -> #REF! | R40: =Alternatives_Data!#REF!/Alternatives_Data!#REF! -> #REF! | ... AQ40: =Alternatives_Data!#REF!/Alternatives_Data!#REF! -> #REF!
A41: Bayu Irawan | B41: =Alternatives_Data!#REF!/Alternatives_Data!D2 -> #REF! | C41: =Alternatives_Data!#REF!/Alternatives_Data!D3 -> #REF! | D41: =Alternatives_Data!#REF!/Alternatives_Data!D4 -> #REF! | E41: =Alternatives_Data!#REF!/Alternatives_Data!D5 -> #REF! | F41: =Alternatives_Data!#REF!/Alternatives_Data!D6 -> #REF! | G41: =Alternatives_Data!#REF!/Alternatives_Data!D7 -> #REF! | H41: =Alternatives_Data!#REF!/Alternatives_Data!D8 -> #REF! | I41: =Alternatives_Data!#REF!/Alternatives_Data!D9 -> #REF! | J41: =Alternatives_Data!#REF!/Alternatives_Data!D10 -> #REF! | K41: =Alternatives_Data!#REF!/Alternatives_Data!#REF! -> #REF! | L41: =Alternatives_Data!#REF!/Alternatives_Data!#REF! -> #REF! | M41: =Alternatives_Data!#REF!/Alternatives_Data!#REF! -> #REF! | N41: =Alternatives_Data!#REF!/Alternatives_Data!#REF! -> #REF! | O41: =Alternatives_Data!#REF!/Alternatives_Data!#REF! -> #REF! | P41: =Alternatives_Data!#REF!/Alternatives_Data!#REF! -> #REF! | Q41: =Alternatives_Data!#REF!/Alternatives_Data!#REF! -> #REF! | R41: =Alternatives_Data!#REF!/Alternatives_Data!#REF! -> #REF! | ... AQ41: =Alternatives_Data!#REF!/Alternatives_Data!#REF! -> #REF!
A42: Qori Putri | B42: =Alternatives_Data!#REF!/Alternatives_Data!D2 -> #REF! | C42: =Alternatives_Data!#REF!/Alternatives_Data!D3 -> #REF! | D42: =Alternatives_Data!#REF!/Alternatives_Data!D4 -> #REF! | E42: =Alternatives_Data!#REF!/Alternatives_Data!D5 -> #REF! | F42: =Alternatives_Data!#REF!/Alternatives_Data!D6 -> #REF! | G42: =Alternatives_Data!#REF!/Alternatives_Data!D7 -> #REF! | H42: =Alternatives_Data!#REF!/Alternatives_Data!D8 -> #REF! | I42: =Alternatives_Data!#REF!/Alternatives_Data!D9 -> #REF! | J42: =Alternatives_Data!#REF!/Alternatives_Data!D10 -> #REF! | K42: =Alternatives_Data!#REF!/Alternatives_Data!#REF! -> #REF! | L42: =Alternatives_Data!#REF!/Alternatives_Data!#REF! -> #REF! | M42: =Alternatives_Data!#REF!/Alternatives_Data!#REF! -> #REF! | N42: =Alternatives_Data!#REF!/Alternatives_Data!#REF! -> #REF! | O42: =Alternatives_Data!#REF!/Alternatives_Data!#REF! -> #REF! | P42: =Alternatives_Data!#REF!/Alternatives_Data!#REF! -> #REF! | Q42: =Alternatives_Data!#REF!/Alternatives_Data!#REF! -> #REF! | R42: =Alternatives_Data!#REF!/Alternatives_Data!#REF! -> #REF! | ... AQ42: =Alternatives_Data!#REF!/Alternatives_Data!#REF! -> #REF!
A43: Gita Irawan | B43: =Alternatives_Data!#REF!/Alternatives_Data!D2 -> #REF! | C43: =Alternatives_Data!#REF!/Alternatives_Data!D3 -> #REF! | D43: =Alternatives_Data!#REF!/Alternatives_Data!D4 -> #REF! | E43: =Alternatives_Data!#REF!/Alternatives_Data!D5 -> #REF! | F43: =Alternatives_Data!#REF!/Alternatives_Data!D6 -> #REF! | G43: =Alternatives_Data!#REF!/Alternatives_Data!D7 -> #REF! | H43: =Alternatives_Data!#REF!/Alternatives_Data!D8 -> #REF! | I43: =Alternatives_Data!#REF!/Alternatives_Data!D9 -> #REF! | J43: =Alternatives_Data!#REF!/Alternatives_Data!D10 -> #REF! | K43: =Alternatives_Data!#REF!/Alternatives_Data!#REF! -> #REF! | L43: =Alternatives_Data!#REF!/Alternatives_Data!#REF! -> #REF! | M43: =Alternatives_Data!#REF!/Alternatives_Data!#REF! -> #REF! | N43: =Alternatives_Data!#REF!/Alternatives_Data!#REF! -> #REF! | O43: =Alternatives_Data!#REF!/Alternatives_Data!#REF! -> #REF! | P43: =Alternatives_Data!#REF!/Alternatives_Data!#REF! -> #REF! | Q43: =Alternatives_Data!#REF!/Alternatives_Data!#REF! -> #REF! | R43: =Alternatives_Data!#REF!/Alternatives_Data!#REF! -> #REF! | ... AQ43: =Alternatives_Data!#REF!/Alternatives_Data!#REF! -> #REF!
A44: Column Sum | B44: =SUM(B2:B43) -> #REF! | C44: =SUM(C2:C43) -> #REF! | D44: =SUM(D2:D43) -> #REF! | E44: =SUM(E2:E43) -> #REF! | F44: =SUM(F2:F43) -> #REF! | G44: =SUM(G2:G43) -> #REF! | H44: =SUM(H2:H43) -> #REF! | I44: =SUM(I2:I43) -> #REF! | ... AQ44: =SUM(AQ2:AQ43) -> #REF!

Sheet Alt_Normalized_Jaminan
B1: Andi | C1: Budi | D1: Citra | E1: Dewi | F1: Eko | G1: Fajar | H1: Gita | I1: Hendra | J1: Intan | K1: Joko | L1: Kiki | M1: Lina | N1: Made | O1: Nisa | P1: Oka | Q1: Putra | R1: Qori | S1: Rian | T1: Sinta | U1: Tono | V1: Uli | W1: Vina | X1: Wahyu | Y1: Xena | Z1: Yoga | AA1: Zaki | AB1: Amanda | AC1: Bayu | AD1: Clara | AE1: Dani | AF1: Alif Adji | AG1: Danu | AH1: Qori Halim | AI1: Dani Wijaya | AJ1: Kiki Suryanto | AK1: Nisa Putri | AL1: Amanda Rahma | AM1: Tono Pratama | AN1: Kiki Putri | AO1: Bayu Irawan | AP1: Qori Putri | AQ1: Gita Irawan | AS1: Local Priority
A2: Andi | B2: =Alt_Pairwise_Jaminan!B2/Alt_Pairwise_Jaminan!B44 -> #REF! | C2: =Alt_Pairwise_Jaminan!C2/Alt_Pairwise_Jaminan!C44 -> #REF! | D2: =Alt_Pairwise_Jaminan!D2/Alt_Pairwise_Jaminan!D44 -> #REF! | E2: =Alt_Pairwise_Jaminan!E2/Alt_Pairwise_Jaminan!E44 -> #REF! | F2: =Alt_Pairwise_Jaminan!F2/Alt_Pairwise_Jaminan!F44 -> #REF! | G2: =Alt_Pairwise_Jaminan!G2/Alt_Pairwise_Jaminan!G44 -> #REF! | H2: =Alt_Pairwise_Jaminan!H2/Alt_Pairwise_Jaminan!H44 -> #REF! | I2: =Alt_Pairwise_Jaminan!I2/Alt_Pairwise_Jaminan!I44 -> #REF! | ... AQ2: =Alt_Pairwise_Jaminan!AQ2/Alt_Pairwise_Jaminan!AQ44 -> #REF! | AS2: =AVERAGE(B2:AQ2) -> #REF!
A3: Budi | B3: =Alt_Pairwise_Jaminan!B3/Alt_Pairwise_Jaminan!B44 -> #REF! | C3: =Alt_Pairwise_Jaminan!C3/Alt_Pairwise_Jaminan!C44 -> #REF! | D3: =Alt_Pairwise_Jaminan!D3/Alt_Pairwise_Jaminan!D44 -> #REF! | E3: =Alt_Pairwise_Jaminan!E3/Alt_Pairwise_Jaminan!E44 -> #REF! | F3: =Alt_Pairwise_Jaminan!F3/Alt_Pairwise_Jaminan!F44 -> #REF! | G3: =Alt_Pairwise_Jaminan!G3/Alt_Pairwise_Jaminan!G44 -> #REF! | H3: =Alt_Pairwise_Jaminan!H3/Alt_Pairwise_Jaminan!H44 -> #REF! | I3: =Alt_Pairwise_Jaminan!I3/Alt_Pairwise_Jaminan!I44 -> #REF! | ... AQ3: =Alt_Pairwise_Jaminan!AQ3/Alt_Pairwise_Jaminan!AQ44 -> #REF! | AS3: =AVERAGE(B3:AQ3) -> #REF!
A4: Citra | B4: =Alt_Pairwise_Jaminan!B4/Alt_Pairwise_Jaminan!B44 -> #REF! | C4: =Alt_Pairwise_Jaminan!C4/Alt_Pairwise_Jaminan!C44 -> #REF! | D4: =Alt_Pairwise_Jaminan!D4/Alt_Pairwise_Jaminan!D44 -> #REF! | E4: =Alt_Pairwise_Jaminan!E4/Alt_Pairwise_Jaminan!E44 -> #REF! | F4: =Alt_Pairwise_Jaminan!F4/Alt_Pairwise_Jaminan!F44 -> #REF! | G4: =Alt_Pairwise_Jaminan!G4/Alt_Pairwise_Jaminan!G44 -> #REF! | H4: =Alt_Pairwise_Jaminan!H4/Alt_Pairwise_Jaminan!H44 -> #REF! | I4: =Alt_Pairwise_Jaminan!I4/Alt_Pairwise_Jaminan!I44 -> #REF! | ... AQ4: =Alt_Pairwise_Jaminan!AQ4/Alt_Pairwise_Jaminan!AQ44 -> #REF! | AS4: =AVERAGE(B4:AQ4) -> #REF!
A5: Dewi | B5: =Alt_Pairwise_Jaminan!B5/Alt_Pairwise_Jaminan!B44 -> #REF! | C5: =Alt_Pairwise_Jaminan!C5/Alt_Pairwise_Jaminan!C44 -> #REF! | D5: =Alt_Pairwise_Jaminan!D5/Alt_Pairwise_Jaminan!D44 -> #REF! | E5: =Alt_Pairwise_Jaminan!E5/Alt_Pairwise_Jaminan!E44 -> #REF! | F5: =Alt_Pairwise_Jaminan!F5/Alt_Pairwise_Jaminan!F44 -> #REF! | G5: =Alt_Pairwise_Jaminan!G5/Alt_Pairwise_Jaminan!G44 -> #REF! | H5: =Alt_Pairwise_Jaminan!H5/Alt_Pairwise_Jaminan!H44 -> #REF! | I5: =Alt_Pairwise_Jaminan!I5/Alt_Pairwise_Jaminan!I44 -> #REF! | ... AQ5: =Alt_Pairwise_Jaminan!AQ5/Alt_Pairwise_Jaminan!AQ44 -> #REF! | AS5: =AVERAGE(B5:AQ5) -> #REF!
A6: Eko | B6: =Alt_Pairwise_Jaminan!B6/Alt_Pairwise_Jaminan!B44 -> #REF! | C6: =Alt_Pairwise_Jaminan!C6/Alt_Pairwise_Jaminan!C44 -> #REF! | D6: =Alt_Pairwise_Jaminan!D6/Alt_Pairwise_Jaminan!D44 -> #REF! | E6: =Alt_Pairwise_Jaminan!E6/Alt_Pairwise_Jaminan!E44 -> #REF! | F6: =Alt_Pairwise_Jaminan!F6/Alt_Pairwise_Jaminan!F44 -> #REF! | G6: =Alt_Pairwise_Jaminan!G6/Alt_Pairwise_Jaminan!G44 -> #REF! | H6: =Alt_Pairwise_Jaminan!H6/Alt_Pairwise_Jaminan!H44 -> #REF! | I6: =Alt_Pairwise_Jaminan!I6/Alt_Pairwise_Jaminan!I44 -> #REF! | ... AQ6: =Alt_Pairwise_Jaminan!AQ6/Alt_Pairwise_Jaminan!AQ44 -> #REF! | AS6: =AVERAGE(B6:AQ6) -> #REF!
A7: Fajar | B7: =Alt_Pairwise_Jaminan!B7/Alt_Pairwise_Jaminan!B44 -> #REF! | C7: =Alt_Pairwise_Jaminan!C7/Alt_Pairwise_Jaminan!C44 -> #REF! | D7: =Alt_Pairwise_Jaminan!D7/Alt_Pairwise_Jaminan!D44 -> #REF! | E7: =Alt_Pairwise_Jaminan!E7/Alt_Pairwise_Jaminan!E44 -> #REF! | F7: =Alt_Pairwise_Jaminan!F7/Alt_Pairwise_Jaminan!F44 -> #REF! | G7: =Alt_Pairwise_Jaminan!G7/Alt_Pairwise_Jaminan!G44 -> #REF! | H7: =Alt_Pairwise_Jaminan!H7/Alt_Pairwise_Jaminan!H44 -> #REF! | I7: =Alt_Pairwise_Jaminan!I7/Alt_Pairwise_Jaminan!I44 -> #REF! | ... AQ7: =Alt_Pairwise_Jaminan!AQ7/Alt_Pairwise_Jaminan!AQ44 -> #REF! | AS7: =AVERAGE(B7:AQ7) -> #REF!
A8: Gita | B8: =Alt_Pairwise_Jaminan!B8/Alt_Pairwise_Jaminan!B44 -> #REF! | C8: =Alt_Pairwise_Jaminan!C8/Alt_Pairwise_Jaminan!C44 -> #REF! | D8: =Alt_Pairwise_Jaminan!D8/Alt_Pairwise_Jaminan!D44 -> #REF! | E8: =Alt_Pairwise_Jaminan!E8/Alt_Pairwise_Jaminan!E44 -> #REF! | F8: =Alt_Pairwise_Jaminan!F8/Alt_Pairwise_Jaminan!F44 -> #REF! | G8: =Alt_Pairwise_Jaminan!G8/Alt_Pairwise_Jaminan!G44 -> #REF! | H8: =Alt_Pairwise_Jaminan!H8/Alt_Pairwise_Jaminan!H44 -> #REF! | I8: =Alt_Pairwise_Jaminan!I8/Alt_Pairwise_Jaminan!I44 -> #REF! | ... AQ8: =Alt_Pairwise_Jaminan!AQ8/Alt_Pairwise_Jaminan!AQ44 -> #REF! | AS8: =AVERAGE(B8:AQ8) -> #REF!
A9: Hendra | B9: =Alt_Pairwise_Jaminan!B9/Alt_Pairwise_Jaminan!B44 -> #REF! | C9: =Alt_Pairwise_Jaminan!C9/Alt_Pairwise_Jaminan!C44 -> #REF! | D9: =Alt_Pairwise_Jaminan!D9/Alt_Pairwise_Jaminan!D44 -> #REF! | E9: =Alt_Pairwise_Jaminan!E9/Alt_Pairwise_Jaminan!E44 -> #REF! | F9: =Alt_Pairwise_Jaminan!F9/Alt_Pairwise_Jaminan!F44 -> #REF! | G9: =Alt_Pairwise_Jaminan!G9/Alt_Pairwise_Jaminan!G44 -> #REF! | H9: =Alt_Pairwise_Jaminan!H9/Alt_Pairwise_Jaminan!H44 -> #REF! | I9: =Alt_Pairwise_Jaminan!I9/Alt_Pairwise_Jaminan!I44 -> #REF! | ... AQ9: =Alt_Pairwise_Jaminan!AQ9/Alt_Pairwise_Jaminan!AQ44 -> #REF! | AS9: =AVERAGE(B9:AQ9) -> #REF!
A10: Intan | B10: =Alt_Pairwise_Jaminan!B10/Alt_Pairwise_Jaminan!B44 -> #REF! | C10: =Alt_Pairwise_Jaminan!C10/Alt_Pairwise_Jaminan!C44 -> #REF! | D10: =Alt_Pairwise_Jaminan!D10/Alt_Pairwise_Jaminan!D44 -> #REF! | E10: =Alt_Pairwise_Jaminan!E10/Alt_Pairwise_Jaminan!E44 -> #REF! | F10: =Alt_Pairwise_Jaminan!F10/Alt_Pairwise_Jaminan!F44 -> #REF! | G10: =Alt_Pairwise_Jaminan!G10/Alt_Pairwise_Jaminan!G44 -> #REF! | H10: =Alt_Pairwise_Jaminan!H10/Alt_Pairwise_Jaminan!H44 -> #REF! | I10: =Alt_Pairwise_Jaminan!I10/Alt_Pairwise_Jaminan!I44 -> #REF! | ... AQ10: =Alt_Pairwise_Jaminan!AQ10/Alt_Pairwise_Jaminan!AQ44 -> #REF! | AS10: =AVERAGE(B10:AQ10) -> #REF!
A11: Joko | B11: =Alt_Pairwise_Jaminan!B11/Alt_Pairwise_Jaminan!B44 -> #REF! | C11: =Alt_Pairwise_Jaminan!C11/Alt_Pairwise_Jaminan!C44 -> #REF! | D11: =Alt_Pairwise_Jaminan!D11/Alt_Pairwise_Jaminan!D44 -> #REF! | E11: =Alt_Pairwise_Jaminan!E11/Alt_Pairwise_Jaminan!E44 -> #REF! | F11: =Alt_Pairwise_Jaminan!F11/Alt_Pairwise_Jaminan!F44 -> #REF! | G11: =Alt_Pairwise_Jaminan!G11/Alt_Pairwise_Jaminan!G44 -> #REF! | H11: =Alt_Pairwise_Jaminan!H11/Alt_Pairwise_Jaminan!H44 -> #REF! | I11: =Alt_Pairwise_Jaminan!I11/Alt_Pairwise_Jaminan!I44 -> #REF! | ... AQ11: =Alt_Pairwise_Jaminan!AQ11/Alt_Pairwise_Jaminan!AQ44 -> #REF! | AS11: =AVERAGE(B11:AQ11) -> #REF!
A12: Kiki | B12: =Alt_Pairwise_Jaminan!B12/Alt_Pairwise_Jaminan!B44 -> #REF! | C12: =Alt_Pairwise_Jaminan!C12/Alt_Pairwise_Jaminan!C44 -> #REF! | D12: =Alt_Pairwise_Jaminan!D12/Alt_Pairwise_Jaminan!D44 -> #REF! | E12: =Alt_Pairwise_Jaminan!E12/Alt_Pairwise_Jaminan!E44 -> #REF! | F12: =Alt_Pairwise_Jaminan!F12/Alt_Pairwise_Jaminan!F44 -> #REF! | G12: =Alt_Pairwise_Jaminan!G12/Alt_Pairwise_Jaminan!G44 -> #REF! | H12: =Alt_Pairwise_Jaminan!H12/Alt_Pairwise_Jaminan!H44 -> #REF! | I12: =Alt_Pairwise_Jaminan!I12/Alt_Pairwise_Jaminan!I44 -> #REF! | ... AQ12: =Alt_Pairwise_Jaminan!AQ12/Alt_Pairwise_Jaminan!AQ44 -> #REF! | AS12: =AVERAGE(B12:AQ12) -> #REF!
A13: Lina | B13: =Alt_Pairwise_Jaminan!B13/Alt_Pairwise_Jaminan!B44 -> #REF! | C13: =Alt_Pairwise_Jaminan!C13/Alt_Pairwise_Jaminan!C44 -> #REF! | D13: =Alt_Pairwise_Jaminan!D13/Alt_Pairwise_Jaminan!D44 -> #REF! | E13: =Alt_Pairwise_Jaminan!E13/Alt_Pairwise_Jaminan!E44 -> #REF! | F13: =Alt_Pairwise_Jaminan!F13/Alt_Pairwise_Jaminan!F44 -> #REF! | G13: =Alt_Pairwise_Jaminan!G13/Alt_Pairwise_Jaminan!G44 -> #REF! | H13: =Alt_Pairwise_Jaminan!H13/Alt_Pairwise_Jaminan!H44 -> #REF! | I13: =Alt_Pairwise_Jaminan!I13/Alt_Pairwise_Jaminan!I44 -> #REF! | ... AQ13: =Alt_Pairwise_Jaminan!AQ13/Alt_Pairwise_Jaminan!AQ44 -> #REF! | AS13: =AVERAGE(B13:AQ13) -> #REF!
A14: Made | B14: =Alt_Pairwise_Jaminan!B14/Alt_Pairwise_Jaminan!B44 -> #REF! | C14: =Alt_Pairwise_Jaminan!C14/Alt_Pairwise_Jaminan!C44 -> #REF! | D14: =Alt_Pairwise_Jaminan!D14/Alt_Pairwise_Jaminan!D44 -> #REF! | E14: =Alt_Pairwise_Jaminan!E14/Alt_Pairwise_Jaminan!E44 -> #REF! | F14: =Alt_Pairwise_Jaminan!F14/Alt_Pairwise_Jaminan!F44 -> #REF! | G14: =Alt_Pairwise_Jaminan!G14/Alt_Pairwise_Jaminan!G44 -> #REF! | H14: =Alt_Pairwise_Jaminan!H14/Alt_Pairwise_Jaminan!H44 -> #REF! | I14: =Alt_Pairwise_Jaminan!I14/Alt_Pairwise_Jaminan!I44 -> #REF! | ... AQ14: =Alt_Pairwise_Jaminan!AQ14/Alt_Pairwise_Jaminan!AQ44 -> #REF! | AS14: =AVERAGE(B14:AQ14) -> #REF!
A15: Nisa | B15: =Alt_Pairwise_Jaminan!B15/Alt_Pairwise_Jaminan!B44 -> #REF! | C15: =Alt_Pairwise_Jaminan!C15/Alt_Pairwise_Jaminan!C44 -> #REF! | D15: =Alt_Pairwise_Jaminan!D15/Alt_Pairwise_Jaminan!D44 -> #REF! | E15: =Alt_Pairwise_Jaminan!E15/Alt_Pairwise_Jaminan!E44 -> #REF! | F15: =Alt_Pairwise_Jaminan!F15/Alt_Pairwise_Jaminan!F44 -> #REF! | G15: =Alt_Pairwise_Jaminan!G15/Alt_Pairwise_Jaminan!G44 -> #REF! | H15: =Alt_Pairwise_Jaminan!H15/Alt_Pairwise_Jaminan!H44 -> #REF! | I15: =Alt_Pairwise_Jaminan!I15/Alt_Pairwise_Jaminan!I44 -> #REF! | ... AQ15: =Alt_Pairwise_Jaminan!AQ15/Alt_Pairwise_Jaminan!AQ44 -> #REF! | AS15: =AVERAGE(B15:AQ15) -> #REF!
A16: Oka | B16: =Alt_Pairwise_Jaminan!B16/Alt_Pairwise_Jaminan!B44 -> #REF! | C16: =Alt_Pairwise_Jaminan!C16/Alt_Pairwise_Jaminan!C44 -> #REF! | D16: =Alt_Pairwise_Jaminan!D16/Alt_Pairwise_Jaminan!D44 -> #REF! | E16: =Alt_Pairwise_Jaminan!E16/Alt_Pairwise_Jaminan!E44 -> #REF! | F16: =Alt_Pairwise_Jaminan!F16/Alt_Pairwise_Jaminan!F44 -> #REF! | G16: =Alt_Pairwise_Jaminan!G16/Alt_Pairwise_Jaminan!G44 -> #REF! | H16: =Alt_Pairwise_Jaminan!H16/Alt_Pairwise_Jaminan!H44 -> #REF! | I16: =Alt_Pairwise_Jaminan!I16/Alt_Pairwise_Jaminan!I44 -> #REF! | ... AQ16: =Alt_Pairwise_Jaminan!AQ16/Alt_Pairwise_Jaminan!AQ44 -> #REF! | AS16: =AVERAGE(B16:AQ16) -> #REF!
A17: Putra | B17: =Alt_Pairwise_Jaminan!B17/Alt_Pairwise_Jaminan!B44 -> #REF! | C17: =Alt_Pairwise_Jaminan!C17/Alt_Pairwise_Jaminan!C44 -> #REF! | D17: =Alt_Pairwise_Jaminan!D17/Alt_Pairwise_Jaminan!D44 -> #REF! | E17: =Alt_Pairwise_Jaminan!E17/Alt_Pairwise_Jaminan!E44 -> #REF! | F17: =Alt_Pairwise_Jaminan!F17/Alt_Pairwise_Jaminan!F44 -> #REF! | G17: =Alt_Pairwise_Jaminan!G17/Alt_Pairwise_Jaminan!G44 -> #REF! | H17: =Alt_Pairwise_Jaminan!H17/Alt_Pairwise_Jaminan!H44 -> #REF! | I17: =Alt_Pairwise_Jaminan!I17/Alt_Pairwise_Jaminan!I44 -> #REF! | ... AQ17: =Alt_Pairwise_Jaminan!AQ17/Alt_Pairwise_Jaminan!AQ44 -> #REF! | AS17: =AVERAGE(B17:AQ17) -> #REF!
A18: Qori | B18: =Alt_Pairwise_Jaminan!B18/Alt_Pairwise_Jaminan!B44 -> #REF! | C18: =Alt_Pairwise_Jaminan!C18/Alt_Pairwise_Jaminan!C44 -> #REF! | D18: =Alt_Pairwise_Jaminan!D18/Alt_Pairwise_Jaminan!D44 -> #REF! | E18: =Alt_Pairwise_Jaminan!E18/Alt_Pairwise_Jaminan!E44 -> #REF! | F18: =Alt_Pairwise_Jaminan!F18/Alt_Pairwise_Jaminan!F44 -> #REF! | G18: =Alt_Pairwise_Jaminan!G18/Alt_Pairwise_Jaminan!G44 -> #REF! | H18: =Alt_Pairwise_Jaminan!H18/Alt_Pairwise_Jaminan!H44 -> #REF! | I18: =Alt_Pairwise_Jaminan!I18/Alt_Pairwise_Jaminan!I44 -> #REF! | ... AQ18: =Alt_Pairwise_Jaminan!AQ18/Alt_Pairwise_Jaminan!AQ44 -> #REF! | AS18: =AVERAGE(B18:AQ18) -> #REF!
A19: Rian | B19: =Alt_Pairwise_Jaminan!B19/Alt_Pairwise_Jaminan!B44 -> #REF! | C19: =Alt_Pairwise_Jaminan!C19/Alt_Pairwise_Jaminan!C44 -> #REF! | D19: =Alt_Pairwise_Jaminan!D19/Alt_Pairwise_Jaminan!D44 -> #REF! | E19: =Alt_Pairwise_Jaminan!E19/Alt_Pairwise_Jaminan!E44 -> #REF! | F19: =Alt_Pairwise_Jaminan!F19/Alt_Pairwise_Jaminan!F44 -> #REF! | G19: =Alt_Pairwise_Jaminan!G19/Alt_Pairwise_Jaminan!G44 -> #REF! | H19: =Alt_Pairwise_Jaminan!H19/Alt_Pairwise_Jaminan!H44 -> #REF! | I19: =Alt_Pairwise_Jaminan!I19/Alt_Pairwise_Jaminan!I44 -> #REF! | ... AQ19: =Alt_Pairwise_Jaminan!AQ19/Alt_Pairwise_Jaminan!AQ44 -> #REF! | AS19: =AVERAGE(B19:AQ19) -> #REF!
A20: Sinta | B20: =Alt_Pairwise_Jaminan!B20/Alt_Pairwise_Jaminan!B44 -> #REF! | C20: =Alt_Pairwise_Jaminan!C20/Alt_Pairwise_Jaminan!C44 -> #REF! | D20: =Alt_Pairwise_Jaminan!D20/Alt_Pairwise_Jaminan!D44 -> #REF! | E20: =Alt_Pairwise_Jaminan!E20/Alt_Pairwise_Jaminan!E44 -> #REF! | F20: =Alt_Pairwise_Jaminan!F20/Alt_Pairwise_Jaminan!F44 -> #REF! | G20: =Alt_Pairwise_Jaminan!G20/Alt_Pairwise_Jaminan!G44 -> #REF! | H20: =Alt_Pairwise_Jaminan!H20/Alt_Pairwise_Jaminan!H44 -> #REF! | I20: =Alt_Pairwise_Jaminan!I20/Alt_Pairwise_Jaminan!I44 -> #REF! | ... AQ20: =Alt_Pairwise_Jaminan!AQ20/Alt_Pairwise_Jaminan!AQ44 -> #REF! | AS20: =AVERAGE(B20:AQ20) -> #REF!
A21: Tono | B21: =Alt_Pairwise_Jaminan!B21/Alt_Pairwise_Jaminan!B44 -> #REF! | C21: =Alt_Pairwise_Jaminan!C21/Alt_Pairwise_Jaminan!C44 -> #REF! | D21: =Alt_Pairwise_Jaminan!D21/Alt_Pairwise_Jaminan!D44 -> #REF! | E21: =Alt_Pairwise_Jaminan!E21/Alt_Pairwise_Jaminan!E44 -> #REF! | F21: =Alt_Pairwise_Jaminan!F21/Alt_Pairwise_Jaminan!F44 -> #REF! | G21: =Alt_Pairwise_Jaminan!G21/Alt_Pairwise_Jaminan!G44 -> #REF! | H21: =Alt_Pairwise_Jaminan!H21/Alt_Pairwise_Jaminan!H44 -> #REF! | I21: =Alt_Pairwise_Jaminan!I21/Alt_Pairwise_Jaminan!I44 -> #REF! | ... AQ21: =Alt_Pairwise_Jaminan!AQ21/Alt_Pairwise_Jaminan!AQ44 -> #REF! | AS21: =AVERAGE(B21:AQ21) -> #REF!
A22: Uli | B22: =Alt_Pairwise_Jaminan!B22/Alt_Pairwise_Jaminan!B44 -> #REF! | C22: =Alt_Pairwise_Jaminan!C22/Alt_Pairwise_Jaminan!C44 -> #REF! | D22: =Alt_Pairwise_Jaminan!D22/Alt_Pairwise_Jaminan!D44 -> #REF! | E22: =Alt_Pairwise_Jaminan!E22/Alt_Pairwise_Jaminan!E44 -> #REF! | F22: =Alt_Pairwise_Jaminan!F22/Alt_Pairwise_Jaminan!F44 -> #REF! | G22: =Alt_Pairwise_Jaminan!G22/Alt_Pairwise_Jaminan!G44 -> #REF! | H22: =Alt_Pairwise_Jaminan!H22/Alt_Pairwise_Jaminan!H44 -> #REF! | I22: =Alt_Pairwise_Jaminan!I22/Alt_Pairwise_Jaminan!I44 -> #REF! | ... AQ22: =Alt_Pairwise_Jaminan!AQ22/Alt_Pairwise_Jaminan!AQ44 -> #REF! | AS22: =AVERAGE(B22:AQ22) -> #REF!
A23: Vina | B23: =Alt_Pairwise_Jaminan!B23/Alt_Pairwise_Jaminan!B44 -> #REF! | C23: =Alt_Pairwise_Jaminan!C23/Alt_Pairwise_Jaminan!C44 -> #REF! | D23: =Alt_Pairwise_Jaminan!D23/Alt_Pairwise_Jaminan!D44 -> #REF! | E23: =Alt_Pairwise_Jaminan!E23/Alt_Pairwise_Jaminan!E44 -> #REF! | F23: =Alt_Pairwise_Jaminan!F23/Alt_Pairwise_Jaminan!F44 -> #REF! | G23: =Alt_Pairwise_Jaminan!G23/Alt_Pairwise_Jaminan!G44 -> #REF! | H23: =Alt_Pairwise_Jaminan!H23/Alt_Pairwise_Jaminan!H44 -> #REF! | I23: =Alt_Pairwise_Jaminan!I23/Alt_Pairwise_Jaminan!I44 -> #REF! | ... AQ23: =Alt_Pairwise_Jaminan!AQ23/Alt_Pairwise_Jaminan!AQ44 -> #REF! | AS23: =AVERAGE(B23:AQ23) -> #REF!
A24: Wahyu | B24: =Alt_Pairwise_Jaminan!B24/Alt_Pairwise_Jaminan!B44 -> #REF! | C24: =Alt_Pairwise_Jaminan!C24/Alt_Pairwise_Jaminan!C44 -> #REF! | D24: =Alt_Pairwise_Jaminan!D24/Alt_Pairwise_Jaminan!D44 -> #REF! | E24: =Alt_Pairwise_Jaminan!E24/Alt_Pairwise_Jaminan!E44 -> #REF! | F24: =Alt_Pairwise_Jaminan!F24/Alt_Pairwise_Jaminan!F44 -> #REF! | G24: =Alt_Pairwise_Jaminan!G24/Alt_Pairwise_Jaminan!G44 -> #REF! | H24: =Alt_Pairwise_Jaminan!H24/Alt_Pairwise_Jaminan!H44 -> #REF! | I24: =Alt_Pairwise_Jaminan!I24/Alt_Pairwise_Jaminan!I44 -> #REF! | ... AQ24: =Alt_Pairwise_Jaminan!AQ24/Alt_Pairwise_Jaminan!AQ44 -> #REF! | AS24: =AVERAGE(B24:AQ24) -> #REF!
A25: Xena | B25: =Alt_Pairwise_Jaminan!B25/Alt_Pairwise_Jaminan!B44 -> #REF! | C25: =Alt_Pairwise_Jaminan!C25/Alt_Pairwise_Jaminan!C44 -> #REF! | D25: =Alt_Pairwise_Jaminan!D25/Alt_Pairwise_Jaminan!D44 -> #REF! | E25: =Alt_Pairwise_Jaminan!E25/Alt_Pairwise_Jaminan!E44 -> #REF! | F25: =Alt_Pairwise_Jaminan!F25/Alt_Pairwise_Jaminan!F44 -> #REF! | G25: =Alt_Pairwise_Jaminan!G25/Alt_Pairwise_Jaminan!G44 -> #REF! | H25: =Alt_Pairwise_Jaminan!H25/Alt_Pairwise_Jaminan!H44 -> #REF! | I25: =Alt_Pairwise_Jaminan!I25/Alt_Pairwise_Jaminan!I44 -> #REF! | ... AQ25: =Alt_Pairwise_Jaminan!AQ25/Alt_Pairwise_Jaminan!AQ44 -> #REF! | AS25: =AVERAGE(B25:AQ25) -> #REF!
A26: Yoga | B26: =Alt_Pairwise_Jaminan!B26/Alt_Pairwise_Jaminan!B44 -> #REF! | C26: =Alt_Pairwise_Jaminan!C26/Alt_Pairwise_Jaminan!C44 -> #REF! | D26: =Alt_Pairwise_Jaminan!D26/Alt_Pairwise_Jaminan!D44 -> #REF! | E26: =Alt_Pairwise_Jaminan!E26/Alt_Pairwise_Jaminan!E44 -> #REF! | F26: =Alt_Pairwise_Jaminan!F26/Alt_Pairwise_Jaminan!F44 -> #REF! | G26: =Alt_Pairwise_Jaminan!G26/Alt_Pairwise_Jaminan!G44 -> #REF! | H26: =Alt_Pairwise_Jaminan!H26/Alt_Pairwise_Jaminan!H44 -> #REF! | I26: =Alt_Pairwise_Jaminan!I26/Alt_Pairwise_Jaminan!I44 -> #REF! | ... AQ26: =Alt_Pairwise_Jaminan!AQ26/Alt_Pairwise_Jaminan!AQ44 -> #REF! | AS26: =AVERAGE(B26:AQ26) -> #REF!
A27: Zaki | B27: =Alt_Pairwise_Jaminan!B27/Alt_Pairwise_Jaminan!B44 -> #REF! | C27: =Alt_Pairwise_Jaminan!C27/Alt_Pairwise_Jaminan!C44 -> #REF! | D27: =Alt_Pairwise_Jaminan!D27/Alt_Pairwise_Jaminan!D44 -> #REF! | E27: =Alt_Pairwise_Jaminan!E27/Alt_Pairwise_Jaminan!E44 -> #REF! | F27: =Alt_Pairwise_Jaminan!F27/Alt_Pairwise_Jaminan!F44 -> #REF! | G27: =Alt_Pairwise_Jaminan!G27/Alt_Pairwise_Jaminan!G44 -> #REF! | H27: =Alt_Pairwise_Jaminan!H27/Alt_Pairwise_Jaminan!H44 -> #REF! | I27: =Alt_Pairwise_Jaminan!I27/Alt_Pairwise_Jaminan!I44 -> #REF! | ... AQ27: =Alt_Pairwise_Jaminan!AQ27/Alt_Pairwise_Jaminan!AQ44 -> #REF! | AS27: =AVERAGE(B27:AQ27) -> #REF!
A28: Amanda | B28: =Alt_Pairwise_Jaminan!B28/Alt_Pairwise_Jaminan!B44 -> #REF! | C28: =Alt_Pairwise_Jaminan!C28/Alt_Pairwise_Jaminan!C44 -> #REF! | D28: =Alt_Pairwise_Jaminan!D28/Alt_Pairwise_Jaminan!D44 -> #REF! | E28: =Alt_Pairwise_Jaminan!E28/Alt_Pairwise_Jaminan!E44 -> #REF! | F28: =Alt_Pairwise_Jaminan!F28/Alt_Pairwise_Jaminan!F44 -> #REF! | G28: =Alt_Pairwise_Jaminan!G28/Alt_Pairwise_Jaminan!G44 -> #REF! | H28: =Alt_Pairwise_Jaminan!H28/Alt_Pairwise_Jaminan!H44 -> #REF! | I28: =Alt_Pairwise_Jaminan!I28/Alt_Pairwise_Jaminan!I44 -> #REF! | ... AQ28: =Alt_Pairwise_Jaminan!AQ28/Alt_Pairwise_Jaminan!AQ44 -> #REF! | AS28: =AVERAGE(B28:AQ28) -> #REF!
A29: Bayu | B29: =Alt_Pairwise_Jaminan!B29/Alt_Pairwise_Jaminan!B44 -> #REF! | C29: =Alt_Pairwise_Jaminan!C29/Alt_Pairwise_Jaminan!C44 -> #REF! | D29: =Alt_Pairwise_Jaminan!D29/Alt_Pairwise_Jaminan!D44 -> #REF! | E29: =Alt_Pairwise_Jaminan!E29/Alt_Pairwise_Jaminan!E44 -> #REF! | F29: =Alt_Pairwise_Jaminan!F29/Alt_Pairwise_Jaminan!F44 -> #REF! | G29: =Alt_Pairwise_Jaminan!G29/Alt_Pairwise_Jaminan!G44 -> #REF! | H29: =Alt_Pairwise_Jaminan!H29/Alt_Pairwise_Jaminan!H44 -> #REF! | I29: =Alt_Pairwise_Jaminan!I29/Alt_Pairwise_Jaminan!I44 -> #REF! | ... AQ29: =Alt_Pairwise_Jaminan!AQ29/Alt_Pairwise_Jaminan!AQ44 -> #REF! | AS29: =AVERAGE(B29:AQ29) -> #REF!
A30: Clara | B30: =Alt_Pairwise_Jaminan!B30/Alt_Pairwise_Jaminan!B44 -> #REF! | C30: =Alt_Pairwise_Jaminan!C30/Alt_Pairwise_Jaminan!C44 -> #REF! | D30: =Alt_Pairwise_Jaminan!D30/Alt_Pairwise_Jaminan!D44 -> #REF! | E30: =Alt_Pairwise_Jaminan!E30/Alt_Pairwise_Jaminan!E44 -> #REF! | F30: =Alt_Pairwise_Jaminan!F30/Alt_Pairwise_Jaminan!F44 -> #REF! | G30: =Alt_Pairwise_Jaminan!G30/Alt_Pairwise_Jaminan!G44 -> #REF! | H30: =Alt_Pairwise_Jaminan!H30/Alt_Pairwise_Jaminan!H44 -> #REF! | I30: =Alt_Pairwise_Jaminan!I30/Alt_Pairwise_Jaminan!I44 -> #REF! | ... AQ30: =Alt_Pairwise_Jaminan!AQ30/Alt_Pairwise_Jaminan!AQ44 -> #REF! | AS30: =AVERAGE(B30:AQ30) -> #REF!
A31: Dani | B31: =Alt_Pairwise_Jaminan!B31/Alt_Pairwise_Jaminan!B44 -> #REF! | C31: =Alt_Pairwise_Jaminan!C31/Alt_Pairwise_Jaminan!C44 -> #REF! | D31: =Alt_Pairwise_Jaminan!D31/Alt_Pairwise_Jaminan!D44 -> #REF! | E31: =Alt_Pairwise_Jaminan!E31/Alt_Pairwise_Jaminan!E44 -> #REF! | F31: =Alt_Pairwise_Jaminan!F31/Alt_Pairwise_Jaminan!F44 -> #REF! | G31: =Alt_Pairwise_Jaminan!G31/Alt_Pairwise_Jaminan!G44 -> #REF! | H31: =Alt_Pairwise_Jaminan!H31/Alt_Pairwise_Jaminan!H44 -> #REF! | I31: =Alt_Pairwise_Jaminan!I31/Alt_Pairwise_Jaminan!I44 -> #REF! | ... AQ31: =Alt_Pairwise_Jaminan!AQ31/Alt_Pairwise_Jaminan!AQ44 -> #REF! | AS31: =AVERAGE(B31:AQ31) -> #REF!
A32: Alif Adji | B32: =Alt_Pairwise_Jaminan!B32/Alt_Pairwise_Jaminan!B44 -> #REF! | C32: =Alt_Pairwise_Jaminan!C32/Alt_Pairwise_Jaminan!C44 -> #REF! | D32: =Alt_Pairwise_Jaminan!D32/Alt_Pairwise_Jaminan!D44 -> #REF! | E32: =Alt_Pairwise_Jaminan!E32/Alt_Pairwise_Jaminan!E44 -> #REF! | F32: =Alt_Pairwise_Jaminan!F32/Alt_Pairwise_Jaminan!F44 -> #REF! | G32: =Alt_Pairwise_Jaminan!G32/Alt_Pairwise_Jaminan!G44 -> #REF! | H32: =Alt_Pairwise_Jaminan!H32/Alt_Pairwise_Jaminan!H44 -> #REF! | I32: =Alt_Pairwise_Jaminan!I32/Alt_Pairwise_Jaminan!I44 -> #REF! | ... AQ32: =Alt_Pairwise_Jaminan!AQ32/Alt_Pairwise_Jaminan!AQ44 -> #REF! | AS32: =AVERAGE(B32:AQ32) -> #REF!
A33: Danu | B33: =Alt_Pairwise_Jaminan!B33/Alt_Pairwise_Jaminan!B44 -> #REF! | C33: =Alt_Pairwise_Jaminan!C33/Alt_Pairwise_Jaminan!C44 -> #REF! | D33: =Alt_Pairwise_Jaminan!D33/Alt_Pairwise_Jaminan!D44 -> #REF! | E33: =Alt_Pairwise_Jaminan!E33/Alt_Pairwise_Jaminan!E44 -> #REF! | F33: =Alt_Pairwise_Jaminan!F33/Alt_Pairwise_Jaminan!F44 -> #REF! | G33: =Alt_Pairwise_Jaminan!G33/Alt_Pairwise_Jaminan!G44 -> #REF! | H33: =Alt_Pairwise_Jaminan!H33/Alt_Pairwise_Jaminan!H44 -> #REF! | I33: =Alt_Pairwise_Jaminan!I33/Alt_Pairwise_Jaminan!I44 -> #REF! | ... AQ33: =Alt_Pairwise_Jaminan!AQ33/Alt_Pairwise_Jaminan!AQ44 -> #REF! | AS33: =AVERAGE(B33:AQ33) -> #REF!
A34: Qori Halim | B34: =Alt_Pairwise_Jaminan!B34/Alt_Pairwise_Jaminan!B44 -> #REF! | C34: =Alt_Pairwise_Jaminan!C34/Alt_Pairwise_Jaminan!C44 -> #REF! | D34: =Alt_Pairwise_Jaminan!D34/Alt_Pairwise_Jaminan!D44 -> #REF! | E34: =Alt_Pairwise_Jaminan!E34/Alt_Pairwise_Jaminan!E44 -> #REF! | F34: =Alt_Pairwise_Jaminan!F34/Alt_Pairwise_Jaminan!F44 -> #REF! | G34: =Alt_Pairwise_Jaminan!G34/Alt_Pairwise_Jaminan!G44 -> #REF! | H34: =Alt_Pairwise_Jaminan!H34/Alt_Pairwise_Jaminan!H44 -> #REF! | I34: =Alt_Pairwise_Jaminan!I34/Alt_Pairwise_Jaminan!I44 -> #REF! | ... AQ34: =Alt_Pairwise_Jaminan!AQ34/Alt_Pairwise_Jaminan!AQ44 -> #REF! | AS34: =AVERAGE(B34:AQ34) -> #REF!
A35: Dani Wijaya | B35: =Alt_Pairwise_Jaminan!B35/Alt_Pairwise_Jaminan!B44 -> #REF! | C35: =Alt_Pairwise_Jaminan!C35/Alt_Pairwise_Jaminan!C44 -> #REF! | D35: =Alt_Pairwise_Jaminan!D35/Alt_Pairwise_Jaminan!D44 -> #REF! | E35: =Alt_Pairwise_Jaminan!E35/Alt_Pairwise_Jaminan!E44 -> #REF! | F35: =Alt_Pairwise_Jaminan!F35/Alt_Pairwise_Jaminan!F44 -> #REF! | G35: =Alt_Pairwise_Jaminan!G35/Alt_Pairwise_Jaminan!G44 -> #REF! | H35: =Alt_Pairwise_Jaminan!H35/Alt_Pairwise_Jaminan!H44 -> #REF! | I35: =Alt_Pairwise_Jaminan!I35/Alt_Pairwise_Jaminan!I44 -> #REF! | ... AQ35: =Alt_Pairwise_Jaminan!AQ35/Alt_Pairwise_Jaminan!AQ44 -> #REF! | AS35: =AVERAGE(B35:AQ35) -> #REF!
A36: Kiki Suryanto | B36: =Alt_Pairwise_Jaminan!B36/Alt_Pairwise_Jaminan!B44 -> #REF! | C36: =Alt_Pairwise_Jaminan!C36/Alt_Pairwise_Jaminan!C44 -> #REF! | D36: =Alt_Pairwise_Jaminan!D36/Alt_Pairwise_Jaminan!D44 -> #REF! | E36: =Alt_Pairwise_Jaminan!E36/Alt_Pairwise_Jaminan!E44 -> #REF! | F36: =Alt_Pairwise_Jaminan!F36/Alt_Pairwise_Jaminan!F44 -> #REF! | G36: =Alt_Pairwise_Jaminan!G36/Alt_Pairwise_Jaminan!G44 -> #REF! | H36: =Alt_Pairwise_Jaminan!H36/Alt_Pairwise_Jaminan!H44 -> #REF! | I36: =Alt_Pairwise_Jaminan!I36/Alt_Pairwise_Jaminan!I44 -> #REF! | ... AQ36: =Alt_Pairwise_Jaminan!AQ36/Alt_Pairwise_Jaminan!AQ44 -> #REF! | AS36: =AVERAGE(B36:AQ36) -> #REF!
A37: Nisa Putri | B37: =Alt_Pairwise_Jaminan!B37/Alt_Pairwise_Jaminan!B44 -> #REF! | C37: =Alt_Pairwise_Jaminan!C37/Alt_Pairwise_Jaminan!C44 -> #REF! | D37: =Alt_Pairwise_Jaminan!D37/Alt_Pairwise_Jaminan!D44 -> #REF! | E37: =Alt_Pairwise_Jaminan!E37/Alt_Pairwise_Jaminan!E44 -> #REF! | F37: =Alt_Pairwise_Jaminan!F37/Alt_Pairwise_Jaminan!F44 -> #REF! | G37: =Alt_Pairwise_Jaminan!G37/Alt_Pairwise_Jaminan!G44 -> #REF! | H37: =Alt_Pairwise_Jaminan!H37/Alt_Pairwise_Jaminan!H44 -> #REF! | I37: =Alt_Pairwise_Jaminan!I37/Alt_Pairwise_Jaminan!I44 -> #REF! | ... AQ37: =Alt_Pairwise_Jaminan!AQ37/Alt_Pairwise_Jaminan!AQ44 -> #REF! | AS37: =AVERAGE(B37:AQ37) -> #REF!
A38: Amanda Rahma | B38: =Alt_Pairwise_Jaminan!B38/Alt_Pairwise_Jaminan!B44 -> #REF! | C38: =Alt_Pairwise_Jaminan!C38/Alt_Pairwise_Jaminan!C44 -> #REF! | D38: =Alt_Pairwise_Jaminan!D38/Alt_Pairwise_Jaminan!D44 -> #REF! | E38: =Alt_Pairwise_Jaminan!E38/Alt_Pairwise_Jaminan!E44 -> #REF! | F38: =Alt_Pairwise_Jaminan!F38/Alt_Pairwise_Jaminan!F44 -> #REF! | G38: =Alt_Pairwise_Jaminan!G38/Alt_Pairwise_Jaminan!G44 -> #REF! | H38: =Alt_Pairwise_Jaminan!H38/Alt_Pairwise_Jaminan!H44 -> #REF! | I38: =Alt_Pairwise_Jaminan!I38/Alt_Pairwise_Jaminan!I44 -> #REF! | ... AQ38: =Alt_Pairwise_Jaminan!AQ38/Alt_Pairwise_Jaminan!AQ44 -> #REF! | AS38: =AVERAGE(B38:AQ38) -> #REF!
A39: Tono Pratama | B39: =Alt_Pairwise_Jaminan!B39/Alt_Pairwise_Jaminan!B44 -> #REF! | C39: =Alt_Pairwise_Jaminan!C39/Alt_Pairwise_Jaminan!C44 -> #REF! | D39: =Alt_Pairwise_Jaminan!D39/Alt_Pairwise_Jaminan!D44 -> #REF! | E39: =Alt_Pairwise_Jaminan!E39/Alt_Pairwise_Jaminan!E44 -> #REF! | F39: =Alt_Pairwise_Jaminan!F39/Alt_Pairwise_Jaminan!F44 -> #REF! | G39: =Alt_Pairwise_Jaminan!G39/Alt_Pairwise_Jaminan!G44 -> #REF! | H39: =Alt_Pairwise_Jaminan!H39/Alt_Pairwise_Jaminan!H44 -> #REF! | I39: =Alt_Pairwise_Jaminan!I39/Alt_Pairwise_Jaminan!I44 -> #REF! | ... AQ39: =Alt_Pairwise_Jaminan!AQ39/Alt_Pairwise_Jaminan!AQ44 -> #REF! | AS39: =AVERAGE(B39:AQ39) -> #REF!
A40: Kiki Putri | B40: =Alt_Pairwise_Jaminan!B40/Alt_Pairwise_Jaminan!B44 -> #REF! | C40: =Alt_Pairwise_Jaminan!C40/Alt_Pairwise_Jaminan!C44 -> #REF! | D40: =Alt_Pairwise_Jaminan!D40/Alt_Pairwise_Jaminan!D44 -> #REF! | E40: =Alt_Pairwise_Jaminan!E40/Alt_Pairwise_Jaminan!E44 -> #REF! | F40: =Alt_Pairwise_Jaminan!F40/Alt_Pairwise_Jaminan!F44 -> #REF! | G40: =Alt_Pairwise_Jaminan!G40/Alt_Pairwise_Jaminan!G44 -> #REF! | H40: =Alt_Pairwise_Jaminan!H40/Alt_Pairwise_Jaminan!H44 -> #REF! | I40: =Alt_Pairwise_Jaminan!I40/Alt_Pairwise_Jaminan!I44 -> #REF! | ... AQ40: =Alt_Pairwise_Jaminan!AQ40/Alt_Pairwise_Jaminan!AQ44 -> #REF! | AS40: =AVERAGE(B40:AQ40) -> #REF!
