Workbook

Sheet Criteria_Pairwise
B1: Usia | C1: Pendapatan | D1: Jaminan | E1: Pekerjaan
A2: Usia | B2: 1 | C2: 1 | D2: 1 | E2: 1
A3: Pendapatan | B3: 1 | C3: 1 | D3: 1 | E3: 1
A4: Jaminan | B4: 1 | C4: 1 | D4: 1 | E4: 1
A5: Pekerjaan | B5: 1 | C5: 1 | D5: 1 | E5: 1
A7: Column Sum | B7: =SUM(B2:B5) | C7: =SUM(C2:C5) | D7: =SUM(D2:D5) | E7: =SUM(E2:E5)

Sheet Criteria_Normalized
B1: Usia | C1: Pendapatan | D1: Jaminan | E1: Pekerjaan | G1: Weight
A2: Usia | B2: =Criteria_Pairwise!B2/Criteria_Pairwise!B7 | C2: =Criteria_Pairwise!C2/Criteria_Pairwise!C7 | D2: =Criteria_Pairwise!D2/Criteria_Pairwise!D7 | E2: =Criteria_Pairwise!E2/Criteria_Pairwise!E7 | G2: =AVERAGE(B2:E2)
A3: Pendapatan | B3: =Criteria_Pairwise!B3/Criteria_Pairwise!B7 | C3: =Criteria_Pairwise!C3/Criteria_Pairwise!C7 | D3: =Criteria_Pairwise!D3/Criteria_Pairwise!D7 | E3: =Criteria_Pairwise!E3/Criteria_Pairwise!E7 | G3: =AVERAGE(B3:E3)
A4: Jaminan | B4: =Criteria_Pairwise!B4/Criteria_Pairwise!B7 | C4: =Criteria_Pairwise!C4/Criteria_Pairwise!C7 | D4: =Criteria_Pairwise!D4/Criteria_Pairwise!D7 | E4: =Criteria_Pairwise!E4/Criteria_Pairwise!E7 | G4: =AVERAGE(B4:E4)
A5: Pekerjaan | B5: =Criteria_Pairwise!B5/Criteria_Pairwise!B7 | C5: =Criteria_Pairwise!C5/Criteria_Pairwise!C7 | D5: =Criteria_Pairwise!D5/Criteria_Pairwise!D7 | E5: =Criteria_Pairwise!E5/Criteria_Pairwise!E7 | G5: =AVERAGE(B5:E5)
G7: =SUMPRODUCT(Criteria_Pairwise!B7:E7,G2:G5)
A8: lambda_max
A9: n | B9: 4
A10: CI | B10: =(G7-B9)/(B9-1)
A11: RI | B11: =CHOOSE(B9,0,0,0.58,0.90,1.12,1.24,1.32,1.41,1.45,1.49)
A12: CR | B12: =IF(B11=0,0,B10/B11)

Sheet Alternatives_Data
A1: Alternative | B1: Usia | C1: Pendapatan | D1: Jaminan | E1: Pekerjaan
A2: Andi | B2: 1 | C2: 1 | D2: 2 | E2: 2
A3: Budi | B3: 1 | C3: 1 | D3: 4 | E3: 4
A4: Citra | B4: 1 | C4: 1 | D4: 3 | E4: 3
A5: Dewi | B5: 1 | C5: 1 | D5: 1 | E5: 1
A6: Eko | B6: 1 | C6: 1 | D6: 2 | E6: 2
A7: Fajar | B7: 1 | C7: 1 | D7: 3 | E7: 2
A8: Gita | B8: 1 | C8: 1 | D8: 4 | E8: 4
A9: Hendra | B9: 1 | C9: 1 | D9: 3 | E9: 3
A10: Intan | B10: 1 | C10: 1 | D10: 1 | E10: 1
A11: Joko | B11: 1 | C11: 1 | D11: 2 | E11: 2
A12: Kiki | B12: 1 | C12: 1 | D12: 3 | E12: 2
A13: Lina | B13: 1 | C13: 1 | D13: 4 | E13: 3
... A43: Gita Irawan | B43: 1 | C43: 1 | D43: 3 | E43: 2

Sheet Alternatives_Raw
A1: Alternative | B1: Usia | C1: Pendapatan | D1: Jaminan | E1: Pekerjaan
A2: Andi | B2: 4 | C2: 2 | D2: 2 | E2: 2
A3: Budi | B3: 4 | C3: 4 | D3: 4 | E3: 4
A4: Citra | B4: 4 | C4: 3 | D4: 3 | E4: 3
A5: Dewi | B5: 4 | C5: 1 | D5: 1 | E5: 1
A6: Eko | B6: 4 | C6: 2 | D6: 2 | E6: 2
A7: Fajar | B7: 4 | C7: 2 | D7: 3 | E7: 2
A8: Gita | B8: 3 | C8: 4 | D8: 4 | E8: 4
A9: Hendra | B9: 3 | C9: 3 | D9: 3 | E9: 3
A10: Intan | B10: 4 | C10: 2 | D10: 1 | E10: 1
A11: Joko | B11: 4 | C11: 2 | D11: 2 | E11: 2
A12: Kiki | B12: 4 | C12: 2 | D12: 3 | E12: 2
A13: Lina | B13: 4 | C13: 3 | D13: 4 | E13: 3
... A43: Gita Irawan | B43: 4 | C43: 3 | D43: 3 | E43: 2

Sheet Alt_Pairwise_Usia
B1: Andi | C1: Budi | D1: Citra | E1: Dewi | F1: Eko | G1: Fajar | H1: Gita | I1: Hendra | J1: Intan | K1: Joko | L1: Kiki | M1: Lina | N1: Made | O1: Nisa | P1: Oka | Q1: Putra | R1: Qori | S1: Rian | T1: Sinta | U1: Tono | V1: Uli | W1: Vina | X1: Wahyu | Y1: Xena | Z1: Yoga | AA1: Zaki | AB1: Amanda | AC1: Bayu | AD1: Clara | AE1: Dani | AF1: Alif Adji | AG1: Danu | AH1: Qori Halim | AI1: Dani Wijaya | AJ1: Kiki Suryanto | AK1: Nisa Putri | AL1: Amanda Rahma | AM1: Tono Pratama | AN1: Kiki Putri | AO1: Bayu Irawan | AP1: Qori Putri | AQ1: Gita Irawan
A2: Andi | B2: =Alternatives_Data!B2/Alternatives_Data!B2 | C2: =Alternatives_Data!B2/Alternatives_Data!B3 | D2: =Alternatives_Data!B2/Alternatives_Data!B4 | E2: =Alternatives_Data!B2/Alternatives_Data!B5 | F2: =Alternatives_Data!B2/Alternatives_Data!B6 | G2: =Alternatives_Data!B2/Alternatives_Data!B7 | H2: =Alternatives_Data!B2/Alternatives_Data!B8 | I2: =Alternatives_Data!B2/Alternatives_Data!B9 | J2: =Alternatives_Data!B2/Alternatives_Data!B10 | K2: =Alternatives_Data!B2/Alternatives_Data!B11 | L2: =Alternatives_Data!B2/Alternatives_Data!B12 | M2: =Alternatives_Data!B2/Alternatives_Data!B13 | N2: =Alternatives_Data!B2/Alternatives_Data!B14 | O2: =Alternatives_Data!B2/Alternatives_Data!B15 | P2: =Alternatives_Data!B2/Alternatives_Data!B16 | Q2: =Alternatives_Data!B2/Alternatives_Data!B17 | R2: =Alternatives_Data!B2/Alternatives_Data!B18 | S2: =Alternatives_Data!B2/Alternatives_Data!B19 | T2: =Alternatives_Data!B2/Alternatives_Data!B20 | U2: =Alternatives_Data!B2/Alternatives_Data!B21 | V2: =Alternatives_Data!B2/Alternatives_Data!B22 | W2: =Alternatives_Data!B2/Alternatives_Data!B23 | X2: =Alternatives_Data!B2/Alternatives_Data!B24 | Y2: =Alternatives_Data!B2/Alternatives_Data!B25 | Z2: =Alternatives_Data!B2/Alternatives_Data!B26 | AA2: =Alternatives_Data!B2/Alternatives_Data!B27 | AB2: =Alternatives_Data!B2/Alternatives_Data!B28 | AC2: =Alternatives_Data!B2/Alternatives_Data!B29 | AD2: =Alternatives_Data!B2/Alternatives_Data!B30 | AE2: =Alternatives_Data!B2/Alternatives_Data!B31 | AF2: =Alternatives_Data!B2/Alternatives_Data!B32 | AG2: =Alternatives_Data!B2/Alternatives_Data!B33 | AH2: =Alternatives_Data!B2/Alternatives_Data!B34 | AI2: =Alternatives_Data!B2/Alternatives_Data!B35 | AJ2: =Alternatives_Data!B2/Alternatives_Data!B36 | AK2: =Alternatives_Data!B2/Alternatives_Data!B37 | AL2: =Alternatives_Data!B2/Alternatives_Data!B38 | AM2: =Alternatives_Data!B2/Alternatives_Data!B39 | AN2: =Alternatives_Data!B2/Alternatives_Data!B40 | AO2: =Alternatives_Data!B2/Alternatives_Data!B41 | AP2: =Alternatives_Data!B2/Alternatives_Data!B42 | AQ2: =Alternatives_Data!B2/Alternatives_Data!B43
A3: Budi | B3: =Alternatives_Data!B3/Alternatives_Data!B2 | C3: =Alternatives_Data!B3/Alternatives_Data!B3 | D3: =Alternatives_Data!B3/Alternatives_Data!B4 | E3: =Alternatives_Data!B3/Alternatives_Data!B5 | F3: =Alternatives_Data!B3/Alternatives_Data!B6 | G3: =Alternatives_Data!B3/Alternatives_Data!B7 | H3: =Alternatives_Data!B3/Alternatives_Data!B8 | I3: =Alternatives_Data!B3/Alternatives_Data!B9 | J3: =Alternatives_Data!B3/Alternatives_Data!B10 | K3: =Alternatives_Data!B3/Alternatives_Data!B11 | L3: =Alternatives_Data!B3/Alternatives_Data!B12 | M3: =Alternatives_Data!B3/Alternatives_Data!B13 | N3: =Alternatives_Data!B3/Alternatives_Data!B14 | O3: =Alternatives_Data!B3/Alternatives_Data!B15 | P3: =Alternatives_Data!B3/Alternatives_Data!B16 | Q3: =Alternatives_Data!B3/Alternatives_Data!B17 | R3: =Alternatives_Data!B3/Alternatives_Data!B18 | S3: =Alternatives_Data!B3/Alternatives_Data!B19 | T3: =Alternatives_Data!B3/Alternatives_Data!B20 | U3: =Alternatives_Data!B3/Alternatives_Data!B21 | V3: =Alternatives_Data!B3/Alternatives_Data!B22 | W3: =Alternatives_Data!B3/Alternatives_Data!B23 | X3: =Alternatives_Data!B3/Alternatives_Data!B24 | Y3: =Alternatives_Data!B3/Alternatives_Data!B25 | Z3: =Alternatives_Data!B3/Alternatives_Data!B26 | AA3: =Alternatives_Data!B3/Alternatives_Data!B27 | AB3: =Alternatives_Data!B3/Alternatives_Data!B28 | AC3: =Alternatives_Data!B3/Alternatives_Data!B29 | AD3: =Alternatives_Data!B3/Alternatives_Data!B30 | AE3: =Alternatives_Data!B3/Alternatives_Data!B31 | AF3: =Alternatives_Data!B3/Alternatives_Data!B32 | AG3: =Alternatives_Data!B3/Alternatives_Data!B33 | AH3: =Alternatives_Data!B3/Alternatives_Data!B34 | AI3: =Alternatives_Data!B3/Alternatives_Data!B35 | AJ3: =Alternatives_Data!B3/Alternatives_Data!B36 | AK3: =Alternatives_Data!B3/Alternatives_Data!B37 | AL3: =Alternatives_Data!B3/Alternatives_Data!B38 | AM3: =Alternatives_Data!B3/Alternatives_Data!B39 | AN3: =Alternatives_Data!B3/Alternatives_Data!B40 | AO3: =Alternatives_Data!B3/Alternatives_Data!B41 | AP3: =Alternatives_Data!B3/Alternatives_Data!B42 | AQ3: =Alternatives_Data!B3/Alternatives_Data!B43
A4: Citra | B4: =Alternatives_Data!B4/Alternatives_Data!B2 | C4: =Alternatives_Data!B4/Alternatives_Data!B3 | D4: =Alternatives_Data!B4/Alternatives_Data!B4 | E4: =Alternatives_Data!B4/Alternatives_Data!B5 | F4: =Alternatives_Data!B4/Alternatives_Data!B6 | G4: =Alternatives_Data!B4/Alternatives_Data!B7 | H4: =Alternatives_Data!B4/Alternatives_Data!B8 | I4: =Alternatives_Data!B4/Alternatives_Data!B9 | J4: =Alternatives_Data!B4/Alternatives_Data!B10 | K4: =Alternatives_Data!B4/Alternatives_Data!B11 | L4: =Alternatives_Data!B4/Alternatives_Data!B12 | M4: =Alternatives_Data!B4/Alternatives_Data!B13 | N4: =Alternatives_Data!B4/Alternatives_Data!B14 | O4: =Alternatives_Data!B4/Alternatives_Data!B15 | P4: =Alternatives_Data!B4/Alternatives_Data!B16 | Q4: =Alternatives_Data!B4/Alternatives_Data!B17 | R4: =Alternatives_Data!B4/Alternatives_Data!B18 | S4: =Alternatives_Data!B4/Alternatives_Data!B19 | T4: =Alternatives_Data!B4/Alternatives_Data!B20 | U4: =Alternatives_Data!B4/Alternatives_Data!B21 | V4: =Alternatives_Data!B4/Alternatives_Data!B22 | W4: =Alternatives_Data!B4/Alternatives_Data!B23 | X4: =Alternatives_Data!B4/Alternatives_Data!B24 | Y4: =Alternatives_Data!B4/Alternatives_Data!B25 | Z4: =Alternatives_Data!B4/Alternatives_Data!B26 | AA4: =Alternatives_Data!B4/Alternatives_Data!B27 | AB4: =Alternatives_Data!B4/Alternatives_Data!B28 | AC4: =Alternatives_Data!B4/Alternatives_Data!B29 | AD4: =Alternatives_Data!B4/Alternatives_Data!B30 | AE4: =Alternatives_Data!B4/Alternatives_Data!B31 | AF4: =Alternatives_Data!B4/Alternatives_Data!B32 | AG4: =Alternatives_Data!B4/Alternatives_Data!B33 | AH4: =Alternatives_Data!B4/Alternatives_Data!B34 | AI4: =Alternatives_Data!B4/Alternatives_Data!B35 | AJ4: =Alternatives_Data!B4/Alternatives_Data!B36 | AK4: =Alternatives_Data!B4/Alternatives_Data!B37 | AL4: =Alternatives_Data!B4/Alternatives_Data!B38 | AM4: =Alternatives_Data!B4/Alternatives_Data!B39 | AN4: =Alternatives_Data!B4/Alternatives_Data!B40 | AO4: =Alternatives_Data!B4/Alternatives_Data!B41 | AP4: =Alternatives_Data!B4/Alternatives_Data!B42 | AQ4: =Alternatives_Data!B4/Alternatives_Data!B43
A5: Dewi | B5: =Alternatives_Data!B5/Alternatives_Data!B2 | C5: =Alternatives_Data!B5/Alternatives_Data!B3 | D5: =Alternatives_Data!B5/Alternatives_Data!B4 | E5: =Alternatives_Data!B5/Alternatives_Data!B5 | F5: =Alternatives_Data!B5/Alternatives_Data!B6 | G5: =Alternatives_Data!B5/Alternatives_Data!B7 | H5: =Alternatives_Data!B5/Alternatives_Data!B8 | I5: =Alternatives_Data!B5/Alternatives_Data!B9 | J5: =Alternatives_Data!B5/Alternatives_Data!B10 | K5: =Alternatives_Data!B5/Alternatives_Data!B11 | L5: =Alternatives_Data!B5/Alternatives_Data!B12 | M5: =Alternatives_Data!B5/Alternatives_Data!B13 | N5: =Alternatives_Data!B5/Alternatives_Data!B14 | O5: =Alternatives_Data!B5/Alternatives_Data!B15 | P5: =Alternatives_Data!B5/Alternatives_Data!B16 | Q5: =Alternatives_Data!B5/Alternatives_Data!B17 | R5: =Alternatives_Data!B5/Alternatives_Data!B18 | S5: =Alternatives_Data!B5/Alternatives_Data!B19 | T5: =Alternatives_Data!B5/Alternatives_Data!B20 | U5: =Alternatives_Data!B5/Alternatives_Data!B21 | V5: =Alternatives_Data!B5/Alternatives_Data!B22 | W5: =Alternatives_Data!B5/Alternatives_Data!B23 | X5: =Alternatives_Data!B5/Alternatives_Data!B24 | Y5: =Alternatives_Data!B5/Alternatives_Data!B25 | Z5: =Alternatives_Data!B5/Alternatives_Data!B26 | AA5: =Alternatives_Data!B5/Alternatives_Data!B27 | AB5: =Alternatives_Data!B5/Alternatives_Data!B28 | AC5: =Alternatives_Data!B5/Alternatives_Data!B29 | AD5: =Alternatives_Data!B5/Alternatives_Data!B30 | AE5: =Alternatives_Data!B5/Alternatives_Data!B31 | AF5: =Alternatives_Data!B5/Alternatives_Data!B32 | AG5: =Alternatives_Data!B5/Alternatives_Data!B33 | AH5: =Alternatives_Data!B5/Alternatives_Data!B34 | AI5: =Alternatives_Data!B5/Alternatives_Data!B35 | AJ5: =Alternatives_Data!B5/Alternatives_Data!B36 | AK5: =Alternatives_Data!B5/Alternatives_Data!B37 | AL5: =Alternatives_Data!B5/Alternatives_Data!B38 | AM5: =Alternatives_Data!B5/Alternatives_Data!B39 | AN5: =Alternatives_Data!B5/Alternatives_Data!B40 | AO5: =Alternatives_Data!B5/Alternatives_Data!B41 | AP5: =Alternatives_Data!B5/Alternatives_Data!B42 | AQ5: =Alternatives_Data!B5/Alternatives_Data!B43
A6: Eko | B6: =Alternatives_Data!B6/Alternatives_Data!B2 | C6: =Alternatives_Data!B6/Alternatives_Data!B3 | D6: =Alternatives_Data!B6/Alternatives_Data!B4 | E6: =Alternatives_Data!B6/Alternatives_Data!B5 | F6: =Alternatives_Data!B6/Alternatives_Data!B6 | G6: =Alternatives_Data!B6/Alternatives_Data!B7 | H6: =Alternatives_Data!B6/Alternatives_Data!B8 | I6: =Alternatives_Data!B6/Alternatives_Data!B9 | J6: =Alternatives_Data!B6/Alternatives_Data!B10 | K6: =Alternatives_Data!B6/Alternatives_Data!B11 | L6: =Alternatives_Data!B6/Alternatives_Data!B12 | M6: =Alternatives_Data!B6/Alternatives_Data!B13 | N6: =Alternatives_Data!B6/Alternatives_Data!B14 | O6: =Alternatives_Data!B6/Alternatives_Data!B15 | P6: =Alternatives_Data!B6/Alternatives_Data!B16 | Q6: =Alternatives_Data!B6/Alternatives_Data!B17 | R6: =Alternatives_Data!B6/Alternatives_Data!B18 | S6: =Alternatives_Data!B6/Alternatives_Data!B19 | T6: =Alternatives_Data!B6/Alternatives_Data!B20 | U6: =Alternatives_Data!B6/Alternatives_Data!B21 | V6: =Alternatives_Data!B6/Alternatives_Data!B22 | W6: =Alternatives_Data!B6/Alternatives_Data!B23 | X6: =Alternatives_Data!B6/Alternatives_Data!B24 | Y6: =Alternatives_Data!B6/Alternatives_Data!B25 | Z6: =Alternatives_Data!B6/Alternatives_Data!B26 | AA6: =Alternatives_Data!B6/Alternatives_Data!B27 | AB6: =Alternatives_Data!B6/Alternatives_Data!B28 | AC6: =Alternatives_Data!B6/Alternatives_Data!B29 | AD6: =Alternatives_Data!B6/Alternatives_Data!B30 | AE6: =Alternatives_Data!B6/Alternatives_Data!B31 | AF6: =Alternatives_Data!B6/Alternatives_Data!B32 | AG6: =Alternatives_Data!B6/Alternatives_Data!B33 | AH6: =Alternatives_Data!B6/Alternatives_Data!B34 | AI6: =Alternatives_Data!B6/Alternatives_Data!B35 | AJ6: =Alternatives_Data!B6/Alternatives_Data!B36 | AK6: =Alternatives_Data!B6/Alternatives_Data!B37 | AL6: =Alternatives_Data!B6/Alternatives_Data!B38 | AM6: =Alternatives_Data!B6/Alternatives_Data!B39 | AN6: =Alternatives_Data!B6/Alternatives_Data!B40 | AO6: =Alternatives_Data!B6/Alternatives_Data!B41 | AP6: =Alternatives_Data!B6/Alternatives_Data!B42 | AQ6: =Alternatives_Data!B6/Alternatives_Data!B43
A7: Fajar | B7: =Alternatives_Data!B7/Alternatives_Data!B2 | C7: =Alternatives_Data!B7/Alternatives_Data!B3 | D7: =Alternatives_Data!B7/Alternatives_Data!B4 | E7: =Alternatives_Data!B7/Alternatives_Data!B5 | F7: =Alternatives_Data!B7/Alternatives_Data!B6 | G7: =Alternatives_Data!B7/Alternatives_Data!B7 | H7: =Alternatives_Data!B7/Alternatives_Data!B8 | I7: =Alternatives_Data!B7/Alternatives_Data!B9 | J7: =Alternatives_Data!B7/Alternatives_Data!B10 | K7: =Alternatives_Data!B7/Alternatives_Data!B11 | L7: =Alternatives_Data!B7/Alternatives_Data!B12 | M7: =Alternatives_Data!B7/Alternatives_Data!B13 | N7: =Alternatives_Data!B7/Alternatives_Data!B14 | O7: =Alternatives_Data!B7/Alternatives_Data!B15 | P7: =Alternatives_Data!B7/Alternatives_Data!B16 | Q7: =Alternatives_Data!B7/Alternatives_Data!B17 | R7: =Alternatives_Data!B7/Alternatives_Data!B18 | S7: =Alternatives_Data!B7/Alternatives_Data!B19 | T7: =Alternatives_Data!B7/Alternatives_Data!B20 | U7: =Alternatives_Data!B7/Alternatives_Data!B21 | V7: =Alternatives_Data!B7/Alternatives_Data!B22 | W7: =Alternatives_Data!B7/Alternatives_Data!B23 | X7: =Alternatives_Data!B7/Alternatives_Data!B24 | Y7: =Alternatives_Data!B7/Alternatives_Data!B25 | Z7: =Alternatives_Data!B7/Alternatives_Data!B26 | AA7: =Alternatives_Data!B7/Alternatives_Data!B27 | AB7: =Alternatives_Data!B7/Alternatives_Data!B28 | AC7: =Alternatives_Data!B7/Alternatives_Data!B29 | AD7: =Alternatives_Data!B7/Alternatives_Data!B30 | AE7: =Alternatives_Data!B7/Alternatives_Data!B31 | AF7: =Alternatives_Data!B7/Alternatives_Data!B32 | AG7: =Alternatives_Data!B7/Alternatives_Data!B33 | AH7: =Alternatives_Data!B7/Alternatives_Data!B34 | AI7: =Alternatives_Data!B7/Alternatives_Data!B35 | AJ7: =Alternatives_Data!B7/Alternatives_Data!B36 | AK7: =Alternatives_Data!B7/Alternatives_Data!B37 | AL7: =Alternatives_Data!B7/Alternatives_Data!B38 | AM7: =Alternatives_Data!B7/Alternatives_Data!B39 | AN7: =Alternatives_Data!B7/Alternatives_Data!B40 | AO7: =Alternatives_Data!B7/Alternatives_Data!B41 | AP7: =Alternatives_Data!B7/Alternatives_Data!B42 | AQ7: =Alternatives_Data!B7/Alternatives_Data!B43
A8: Gita | B8: =Alternatives_Data!B8/Alternatives_Data!B2 | C8: =Alternatives_Data!B8/Alternatives_Data!B3 | D8: =Alternatives_Data!B8/Alternatives_Data!B4 | E8: =Alternatives_Data!B8/Alternatives_Data!B5 | F8: =Alternatives_Data!B8/Alternatives_Data!B6 | G8: =Alternatives_Data!B8/Alternatives_Data!B7 | H8: =Alternatives_Data!B8/Alternatives_Data!B8 | I8: =Alternatives_Data!B8/Alternatives_Data!B9 | J8: =Alternatives_Data!B8/Alternatives_Data!B10 | K8: =Alternatives_Data!B8/Alternatives_Data!B11 | L8: =Alternatives_Data!B8/Alternatives_Data!B12 | M8: =Alternatives_Data!B8/Alternatives_Data!B13 | N8: =Alternatives_Data!B8/Alternatives_Data!B14 | O8: =Alternatives_Data!B8/Alternatives_Data!B15 | P8: =Alternatives_Data!B8/Alternatives_Data!B16 | Q8: =Alternatives_Data!B8/Alternatives_Data!B17 | R8: =Alternatives_Data!B8/Alternatives_Data!B18 | S8: =Alternatives_Data!B8/Alternatives_Data!B19 | T8: =Alternatives_Data!B8/Alternatives_Data!B20 | U8: =Alternatives_Data!B8/Alternatives_Data!B21 | V8: =Alternatives_Data!B8/Alternatives_Data!B22 | W8: =Alternatives_Data!B8/Alternatives_Data!B23 | X8: =Alternatives_Data!B8/Alternatives_Data!B24 | Y8: =Alternatives_Data!B8/Alternatives_Data!B25 | Z8: =Alternatives_Data!B8/Alternatives_Data!B26 | AA8: =Alternatives_Data!B8/Alternatives_Data!B27 | AB8: =Alternatives_Data!B8/Alternatives_Data!B28 | AC8: =Alternatives_Data!B8/Alternatives_Data!B29 | AD8: =Alternatives_Data!B8/Alternatives_Data!B30 | AE8: =Alternatives_Data!B8/Alternatives_Data!B31 | AF8: =Alternatives_Data!B8/Alternatives_Data!B32 | AG8: =Alternatives_Data!B8/Alternatives_Data!B33 | AH8: =Alternatives_Data!B8/Alternatives_Data!B34 | AI8: =Alternatives_Data!B8/Alternatives_Data!B35 | AJ8: =Alternatives_Data!B8/Alternatives_Data!B36 | AK8: =Alternatives_Data!B8/Alternatives_Data!B37 | AL8: =Alternatives_Data!B8/Alternatives_Data!B38 | AM8: =Alternatives_Data!B8/Alternatives_Data!B39 | AN8: =Alternatives_Data!B8/Alternatives_Data!B40 | AO8: =Alternatives_Data!B8/Alternatives_Data!B41 | AP8: =Alternatives_Data!B8/Alternatives_Data!B42 | AQ8: =Alternatives_Data!B8/Alternatives_Data!B43
A9: Hendra | B9: =Alternatives_Data!B9/Alternatives_Data!B2 | C9: =Alternatives_Data!B9/Alternatives_Data!B3 | D9: =Alternatives_Data!B9/Alternatives_Data!B4 | E9: =Alternatives_Data!B9/Alternatives_Data!B5 | F9: =Alternatives_Data!B9/Alternatives_Data!B6 | G9: =Alternatives_Data!B9/Alternatives_Data!B7 | H9: =Alternatives_Data!B9/Alternatives_Data!B8 | I9: =Alternatives_Data!B9/Alternatives_Data!B9 | J9: =Alternatives_Data!B9/Alternatives_Data!B10 | K9: =Alternatives_Data!B9/Alternatives_Data!B11 | L9: =Alternatives_Data!B9/Alternatives_Data!B12 | M9: =Alternatives_Data!B9/Alternatives_Data!B13 | N9: =Alternatives_Data!B9/Alternatives_Data!B14 | O9: =Alternatives_Data!B9/Alternatives_Data!B15 | P9: =Alternatives_Data!B9/Alternatives_Data!B16 | Q9: =Alternatives_Data!B9/Alternatives_Data!B17 | R9: =Alternatives_Data!B9/Alternatives_Data!B18 | S9: =Alternatives_Data!B9/Alternatives_Data!B19 | T9: =Alternatives_Data!B9/Alternatives_Data!B20 | U9: =Alternatives_Data!B9/Alternatives_Data!B21 | V9: =Alternatives_Data!B9/Alternatives_Data!B22 | W9: =Alternatives_Data!B9/Alternatives_Data!B23 | X9: =Alternatives_Data!B9/Alternatives_Data!B24 | Y9: =Alternatives_Data!B9/Alternatives_Data!B25 | Z9: =Alternatives_Data!B9/Alternatives_Data!B26 | AA9: =Alternatives_Data!B9/Alternatives_Data!B27 | AB9: =Alternatives_Data!B9/Alternatives_Data!B28 | AC9: =Alternatives_Data!B9/Alternatives_Data!B29 | AD9: =Alternatives_Data!B9/Alternatives_Data!B30 | AE9: =Alternatives_Data!B9/Alternatives_Data!B31 | AF9: =Alternatives_Data!B9/Alternatives_Data!B32 | AG9: =Alternatives_Data!B9/Alternatives_Data!B33 | AH9: =Alternatives_Data!B9/Alternatives_Data!B34 | AI9: =Alternatives_Data!B9/Alternatives_Data!B35 | AJ9: =Alternatives_Data!B9/Alternatives_Data!B36 | AK9: =Alternatives_Data!B9/Alternatives_Data!B37 | AL9: =Alternatives_Data!B9/Alternatives_Data!B38 | AM9: =Alternatives_Data!B9/Alternatives_Data!B39 | AN9: =Alternatives_Data!B9/Alternatives_Data!B40 | AO9: =Alternatives_Data!B9/Alternatives_Data!B41 | AP9: =Alternatives_Data!B9/Alternatives_Data!B42 | AQ9: =Alternatives_Data!B9/Alternatives_Data!B43
A10: Intan | B10: =Alternatives_Data!B10/Alternatives_Data!B2 | C10: =Alternatives_Data!B10/Alternatives_Data!B3 | D10: =Alternatives_Data!B10/Alternatives_Data!B4 | E10: =Alternatives_Data!B10/Alternatives_Data!B5 | F10: =Alternatives_Data!B10/Alternatives_Data!B6 | G10: =Alternatives_Data!B10/Alternatives_Data!B7 | H10: =Alternatives_Data!B10/Alternatives_Data!B8 | I10: =Alternatives_Data!B10/Alternatives_Data!B9 | J10: =Alternatives_Data!B10/Alternatives_Data!B10 | K10: =Alternatives_Data!B10/Alternatives_Data!B11 | L10: =Alternatives_Data!B10/Alternatives_Data!B12 | M10: =Alternatives_Data!B10/Alternatives_Data!B13 | N10: =Alternatives_Data!B10/Alternatives_Data!B14 | O10: =Alternatives_Data!B10/Alternatives_Data!B15 | P10: =Alternatives_Data!B10/Alternatives_Data!B16 | Q10: =Alternatives_Data!B10/Alternatives_Data!B17 | R10: =Alternatives_Data!B10/Alternatives_Data!B18 | S10: =Alternatives_Data!B10/Alternatives_Data!B19 | T10: =Alternatives_Data!B10/Alternatives_Data!B20 | U10: =Alternatives_Data!B10/Alternatives_Data!B21 | V10: =Alternatives_Data!B10/Alternatives_Data!B22 | W10: =Alternatives_Data!B10/Alternatives_Data!B23 | X10: =Alternatives_Data!B10/Alternatives_Data!B24 | Y10: =Alternatives_Data!B10/Alternatives_Data!B25 | Z10: =Alternatives_Data!B10/Alternatives_Data!B26 | AA10: =Alternatives_Data!B10/Alternatives_Data!B27 | AB10: =Alternatives_Data!B10/Alternatives_Data!B28 | AC10: =Alternatives_Data!B10/Alternatives_Data!B29 | AD10: =Alternatives_Data!B10/Alternatives_Data!B30 | AE10: =Alternatives_Data!B10/Alternatives_Data!B31 | AF10: =Alternatives_Data!B10/Alternatives_Data!B32 | AG10: =Alternatives_Data!B10/Alternatives_Data!B33 | AH10: =Alternatives_Data!B10/Alternatives_Data!B34 | AI10: =Alternatives_Data!B10/Alternatives_Data!B35 | AJ10: =Alternatives_Data!B10/Alternatives_Data!B36 | AK10: =Alternatives_Data!B10/Alternatives_Data!B37 | AL10: =Alternatives_Data!B10/Alternatives_Data!B38 | AM10: =Alternatives_Data!B10/Alternatives_Data!B39 | AN10: =Alternatives_Data!B10/Alternatives_Data!B40 | AO10: =Alternatives_Data!B10/Alternatives_Data!B41 | AP10: =Alternatives_Data!B10/Alternatives_Data!B42 | AQ10: =Alternatives_Data!B10/Alternatives_Data!B43
A11: Joko | B11: =Alternatives_Data!B11/Alternatives_Data!B2 | C11: =Alternatives_Data!B11/Alternatives_Data!B3 | D11: =Alternatives_Data!B11/Alternatives_Data!B4 | E11: =Alternatives_Data!B11/Alternatives_Data!B5 | F11: =Alternatives_Data!B11/Alternatives_Data!B6 | G11: =Alternatives_Data!B11/Alternatives_Data!B7 | H11: =Alternatives_Data!B11/Alternatives_Data!B8 | I11: =Alternatives_Data!B11/Alternatives_Data!B9 | J11: =Alternatives_Data!B11/Alternatives_Data!B10 | K11: =Alternatives_Data!B11/Alternatives_Data!B11 | L11: =Alternatives_Data!B11/Alternatives_Data!B12 | M11: =Alternatives_Data!B11/Alternatives_Data!B13 | N11: =Alternatives_Data!B11/Alternatives_Data!B14 | O11: =Alternatives_Data!B11/Alternatives_Data!B15 | P11: =Alternatives_Data!B11/Alternatives_Data!B16 | Q11: =Alternatives_Data!B11/Alternatives_Data!B17 | R11: =Alternatives_Data!B11/Alternatives_Data!B18 | S11: =Alternatives_Data!B11/Alternatives_Data!B19 | T11: =Alternatives_Data!B11/Alternatives_Data!B20 | U11: =Alternatives_Data!B11/Alternatives_Data!B21 | V11: =Alternatives_Data!B11/Alternatives_Data!B22 | W11: =Alternatives_Data!B11/Alternatives_Data!B23 | X11: =Alternatives_Data!B11/Alternatives_Data!B24 | Y11: =Alternatives_Data!B11/Alternatives_Data!B25 | Z11: =Alternatives_Data!B11/Alternatives_Data!B26 | AA11: =Alternatives_Data!B11/Alternatives_Data!B27 | AB11: =Alternatives_Data!B11/Alternatives_Data!B28 | AC11: =Alternatives_Data!B11/Alternatives_Data!B29 | AD11: =Alternatives_Data!B11/Alternatives_Data!B30 | AE11: =Alternatives_Data!B11/Alternatives_Data!B31 | AF11: =Alternatives_Data!B11/Alternatives_Data!B32 | AG11: =Alternatives_Data!B11/Alternatives_Data!B33 | AH11: =Alternatives_Data!B11/Alternatives_Data!B34 | AI11: =Alternatives_Data!B11/Alternatives_Data!B35 | AJ11: =Alternatives_Data!B11/Alternatives_Data!B36 | AK11: =Alternatives_Data!B11/Alternatives_Data!B37 | AL11: =Alternatives_Data!B11/Alternatives_Data!B38 | AM11: =Alternatives_Data!B11/Alternatives_Data!B39 | AN11: =Alternatives_Data!B11/Alternatives_Data!B40 | AO11: =Alternatives_Data!B11/Alternatives_Data!B41 | AP11: =Alternatives_Data!B11/Alternatives_Data!B42 | AQ11: =Alternatives_Data!B11/Alternatives_Data!B43
A12: Kiki | B12: =Alternatives_Data!B12/Alternatives_Data!B2 | C12: =Alternatives_Data!B12/Alternatives_Data!B3 | D12: =Alternatives_Data!B12/Alternatives_Data!B4 | E12: =Alternatives_Data!B12/Alternatives_Data!B5 | F12: =Alternatives_Data!B12/Alternatives_Data!B6 | G12: =Alternatives_Data!B12/Alternatives_Data!B7 | H12: =Alternatives_Data!B12/Alternatives_Data!B8 | I12: =Alternatives_Data!B12/Alternatives_Data!B9 | J12: =Alternatives_Data!B12/Alternatives_Data!B10 | K12: =Alternatives_Data!B12/Alternatives_Data!B11 | L12: =Alternatives_Data!B12/Alternatives_Data!B12 | M12: =Alternatives_Data!B12/Alternatives_Data!B13 | N12: =Alternatives_Data!B12/Alternatives_Data!B14 | O12: =Alternatives_Data!B12/Alternatives_Data!B15 | P12: =Alternatives_Data!B12/Alternatives_Data!B16 | Q12: =Alternatives_Data!B12/Alternatives_Data!B17 | R12: =Alternatives_Data!B12/Alternatives_Data!B18 | S12: =Alternatives_Data!B12/Alternatives_Data!B19 | T12: =Alternatives_Data!B12/Alternatives_Data!B20 | U12: =Alternatives_Data!B12/Alternatives_Data!B21 | V12: =Alternatives_Data!B12/Alternatives_Data!B22 | W12: =Alternatives_Data!B12/Alternatives_Data!B23 | X12: =Alternatives_Data!B12/Alternatives_Data!B24 | Y12: =Alternatives_Data!B12/Alternatives_Data!B25 | Z12: =Alternatives_Data!B12/Alternatives_Data!B26 | AA12: =Alternatives_Data!B12/Alternatives_Data!B27 | AB12: =Alternatives_Data!B12/Alternatives_Data!B28 | AC12: =Alternatives_Data!B12/Alternatives_Data!B29 | AD12: =Alternatives_Data!B12/Alternatives_Data!B30 | AE12: =Alternatives_Data!B12/Alternatives_Data!B31 | AF12: =Alternatives_Data!B12/Alternatives_Data!B32 | AG12: =Alternatives_Data!B12/Alternatives_Data!B33 | AH12: =Alternatives_Data!B12/Alternatives_Data!B34 | AI12: =Alternatives_Data!B12/Alternatives_Data!B35 | AJ12: =Alternatives_Data!B12/Alternatives_Data!B36 | AK12: =Alternatives_Data!B12/Alternatives_Data!B37 | AL12: =Alternatives_Data!B12/Alternatives_Data!B38 | AM12: =Alternatives_Data!B12/Alternatives_Data!B39 | AN12: =Alternatives_Data!B12/Alternatives_Data!B40 | AO12: =Alternatives_Data!B12/Alternatives_Data!B41 | AP12: =Alternatives_Data!B12/Alternatives_Data!B42 | AQ12: =Alternatives_Data!B12/Alternatives_Data!B43
A13: Lina | B13: =Alternatives_Data!B13/Alternatives_Data!B2 | C13: =Alternatives_Data!B13/Alternatives_Data!B3 | D13: =Alternatives_Data!B13/Alternatives_Data!B4 | E13: =Alternatives_Data!B13/Alternatives_Data!B5 | F13: =Alternatives_Data!B13/Alternatives_Data!B6 | G13: =Alternatives_Data!B13/Alternatives_Data!B7 | H13: =Alternatives_Data!B13/Alternatives_Data!B8 | I13: =Alternatives_Data!B13/Alternatives_Data!B9 | J13: =Alternatives_Data!B13/Alternatives_Data!B10 | K13: =Alternatives_Data!B13/Alternatives_Data!B11 | L13: =Alternatives_Data!B13/Alternatives_Data!B12 | M13: =Alternatives_Data!B13/Alternatives_Data!B13 | N13: =Alternatives_Data!B13/Alternatives_Data!B14 | O13: =Alternatives_Data!B13/Alternatives_Data!B15 | P13: =Alternatives_Data!B13/Alternatives_Data!B16 | Q13: =Alternatives_Data!B13/Alternatives_Data!B17 | R13: =Alternatives_Data!B13/Alternatives_Data!B18 | S13: =Alternatives_Data!B13/Alternatives_Data!B19 | T13: =Alternatives_Data!B13/Alternatives_Data!B20 | U13: =Alternatives_Data!B13/Alternatives_Data!B21 | V13: =Alternatives_Data!B13/Alternatives_Data!B22 | W13: =Alternatives_Data!B13/Alternatives_Data!B23 | X13: =Alternatives_Data!B13/Alternatives_Data!B24 | Y13: =Alternatives_Data!B13/Alternatives_Data!B25 | Z13: =Alternatives_Data!B13/Alternatives_Data!B26 | AA13: =Alternatives_Data!B13/Alternatives_Data!B27 | AB13: =Alternatives_Data!B13/Alternatives_Data!B28 | AC13: =Alternatives_Data!B13/Alternatives_Data!B29 | AD13: =Alternatives_Data!B13/Alternatives_Data!B30 | AE13: =Alternatives_Data!B13/Alternatives_Data!B31 | AF13: =Alternatives_Data!B13/Alternatives_Data!B32 | AG13: =Alternatives_Data!B13/Alternatives_Data!B33 | AH13: =Alternatives_Data!B13/Alternatives_Data!B34 | AI13: =Alternatives_Data!B13/Alternatives_Data!B35 | AJ13: =Alternatives_Data!B13/Alternatives_Data!B36 | AK13: =Alternatives_Data!B13/Alternatives_Data!B37 | AL13: =Alternatives_Data!B13/Alternatives_Data!B38 | AM13: =Alternatives_Data!B13/Alternatives_Data!B39 | AN13: =Alternatives_Data!B13/Alternatives_Data!B40 | AO13: =Alternatives_Data!B13/Alternatives_Data!B41 | AP13: =Alternatives_Data!B13/Alternatives_Data!B42 | AQ13: =Alternatives_Data!B13/Alternatives_Data!B43
A14: Made | B14: =Alternatives_Data!B14/Alternatives_Data!B2 | C14: =Alternatives_Data!B14/Alternatives_Data!B3 | D14: =Alternatives_Data!B14/Alternatives_Data!B4 | E14: =Alternatives_Data!B14/Alternatives_Data!B5 | F14: =Alternatives_Data!B14/Alternatives_Data!B6 | G14: =Alternatives_Data!B14/Alternatives_Data!B7 | H14: =Alternatives_Data!B14/Alternatives_Data!B8 | I14: =Alternatives_Data!B14/Alternatives_Data!B9 | J14: =Alternatives_Data!B14/Alternatives_Data!B10 | K14: =Alternatives_Data!B14/Alternatives_Data!B11 | L14: =Alternatives_Data!B14/Alternatives_Data!B12 | M14: =Alternatives_Data!B14/Alternatives_Data!B13 | N14: =Alternatives_Data!B14/Alternatives_Data!B14 | O14: =Alternatives_Data!B14/Alternatives_Data!B15 | P14: =Alternatives_Data!B14/Alternatives_Data!B16 | Q14: =Alternatives_Data!B14/Alternatives_Data!B17 | R14: =Alternatives_Data!B14/Alternatives_Data!B18 | S14: =Alternatives_Data!B14/Alternatives_Data!B19 | T14: =Alternatives_Data!B14/Alternatives_Data!B20 | U14: =Alternatives_Data!B14/Alternatives_Data!B21 | V14: =Alternatives_Data!B14/Alternatives_Data!B22 | W14: =Alternatives_Data!B14/Alternatives_Data!B23 | X14: =Alternatives_Data!B14/Alternatives_Data!B24 | Y14: =Alternatives_Data!B14/Alternatives_Data!B25 | Z14: =Alternatives_Data!B14/Alternatives_Data!B26 | AA14: =Alternatives_Data!B14/Alternatives_Data!B27 | AB14: =Alternatives_Data!B14/Alternatives_Data!B28 | AC14: =Alternatives_Data!B14/Alternatives_Data!B29 | AD14: =Alternatives_Data!B14/Alternatives_Data!B30 | AE14: =Alternatives_Data!B14/Alternatives_Data!B31 | AF14: =Alternatives_Data!B14/Alternatives_Data!B32 | AG14: =Alternatives_Data!B14/Alternatives_Data!B33 | AH14: =Alternatives_Data!B14/Alternatives_Data!B34 | AI14: =Alternatives_Data!B14/Alternatives_Data!B35 | AJ14: =Alternatives_Data!B14/Alternatives_Data!B36 | AK14: =Alternatives_Data!B14/Alternatives_Data!B37 | AL14: =Alternatives_Data!B14/Alternatives_Data!B38 | AM14: =Alternatives_Data!B14/Alternatives_Data!B39 | AN14: =Alternatives_Data!B14/Alternatives_Data!B40 | AO14: =Alternatives_Data!B14/Alternatives_Data!B41 | AP14: =Alternatives_Data!B14/Alternatives_Data!B42 | AQ14: =Alternatives_Data!B14/Alternatives_Data!B43
A15: Nisa | B15: =Alternatives_Data!B15/Alternatives_Data!B2 | C15: =Alternatives_Data!B15/Alternatives_Data!B3 | D15: =Alternatives_Data!B15/Alternatives_Data!B4 | E15: =Alternatives_Data!B15/Alternatives_Data!B5 | F15: =Alternatives_Data!B15/Alternatives_Data!B6 | G15: =Alternatives_Data!B15/Alternatives_Data!B7 | H15: =Alternatives_Data!B15/Alternatives_Data!B8 | I15: =Alternatives_Data!B15/Alternatives_Data!B9 | J15: =Alternatives_Data!B15/Alternatives_Data!B10 | K15: =Alternatives_Data!B15/Alternatives_Data!B11 | L15: =Alternatives_Data!B15/Alternatives_Data!B12 | M15: =Alternatives_Data!B15/Alternatives_Data!B13 | N15: =Alternatives_Data!B15/Alternatives_Data!B14 | O15: =Alternatives_Data!B15/Alternatives_Data!B15 | P15: =Alternatives_Data!B15/Alternatives_Data!B16 | Q15: =Alternatives_Data!B15/Alternatives_Data!B17 | R15: =Alternatives_Data!B15/Alternatives_Data!B18 | S15: =Alternatives_Data!B15/Alternatives_Data!B19 | T15: =Alternatives_Data!B15/Alternatives_Data!B20 | U15: =Alternatives_Data!B15/Alternatives_Data!B21 | V15: =Alternatives_Data!B15/Alternatives_Data!B22 | W15: =Alternatives_Data!B15/Alternatives_Data!B23 | X15: =Alternatives_Data!B15/Alternatives_Data!B24 | Y15: =Alternatives_Data!B15/Alternatives_Data!B25 | Z15: =Alternatives_Data!B15/Alternatives_Data!B26 | AA15: =Alternatives_Data!B15/Alternatives_Data!B27 | AB15: =Alternatives_Data!B15/Alternatives_Data!B28 | AC15: =Alternatives_Data!B15/Alternatives_Data!B29 | AD15: =Alternatives_Data!B15/Alternatives_Data!B30 | AE15: =Alternatives_Data!B15/Alternatives_Data!B31 | AF15: =Alternatives_Data!B15/Alternatives_Data!B32 | AG15: =Alternatives_Data!B15/Alternatives_Data!B33 | AH15: =Alternatives_Data!B15/Alternatives_Data!B34 | AI15: =Alternatives_Data!B15/Alternatives_Data!B35 | AJ15: =Alternatives_Data!B15/Alternatives_Data!B36 | AK15: =Alternatives_Data!B15/Alternatives_Data!B37 | AL15: =Alternatives_Data!B15/Alternatives_Data!B38 | AM15: =Alternatives_Data!B15/Alternatives_Data!B39 | AN15: =Alternatives_Data!B15/Alternatives_Data!B40 | AO15: =Alternatives_Data!B15/Alternatives_Data!B41 | AP15: =Alternatives_Data!B15/Alternatives_Data!B42 | AQ15: =Alternatives_Data!B15/Alternatives_Data!B43
A16: Oka | B16: =Alternatives_Data!B16/Alternatives_Data!B2 | C16: =Alternatives_Data!B16/Alternatives_Data!B3 | D16: =Alternatives_Data!B16/Alternatives_Data!B4 | E16: =Alternatives_Data!B16/Alternatives_Data!B5 | F16: =Alternatives_Data!B16/Alternatives_Data!B6 | G16: =Alternatives_Data!B16/Alternatives_Data!B7 | H16: =Alternatives_Data!B16/Alternatives_Data!B8 | I16: =Alternatives_Data!B16/Alternatives_Data!B9 | J16: =Alternatives_Data!B16/Alternatives_Data!B10 | K16: =Alternatives_Data!B16/Alternatives_Data!B11 | L16: =Alternatives_Data!B16/Alternatives_Data!B12 | M16: =Alternatives_Data!B16/Alternatives_Data!B13 | N16: =Alternatives_Data!B16/Alternatives_Data!B14 | O16: =Alternatives_Data!B16/Alternatives_Data!B15 | P16: =Alternatives_Data!B16/Alternatives_Data!B16 | Q16: =Alternatives_Data!B16/Alternatives_Data!B17 | R16: =Alternatives_Data!B16/Alternatives_Data!B18 | S16: =Alternatives_Data!B16/Alternatives_Data!B19 | T16: =Alternatives_Data!B16/Alternatives_Data!B20 | U16: =Alternatives_Data!B16/Alternatives_Data!B21 | V16: =Alternatives_Data!B16/Alternatives_Data!B22 | W16: =Alternatives_Data!B16/Alternatives_Data!B23 | X16: =Alternatives_Data!B16/Alternatives_Data!B24 | Y16: =Alternatives_Data!B16/Alternatives_Data!B25 | Z16: =Alternatives_Data!B16/Alternatives_Data!B26 | AA16: =Alternatives_Data!B16/Alternatives_Data!B27 | AB16: =Alternatives_Data!B16/Alternatives_Data!B28 | AC16: =Alternatives_Data!B16/Alternatives_Data!B29 | AD16: =Alternatives_Data!B16/Alternatives_Data!B30 | AE16: =Alternatives_Data!B16/Alternatives_Data!B31 | AF16: =Alternatives_Data!B16/Alternatives_Data!B32 | AG16: =Alternatives_Data!B16/Alternatives_Data!B33 | AH16: =Alternatives_Data!B16/Alternatives_Data!B34 | AI16: =Alternatives_Data!B16/Alternatives_Data!B35 | AJ16: =Alternatives_Data!B16/Alternatives_Data!B36 | AK16: =Alternatives_Data!B16/Alternatives_Data!B37 | AL16: =Alternatives_Data!B16/Alternatives_Data!B38 | AM16: =Alternatives_Data!B16/Alternatives_Data!B39 | AN16: =Alternatives_Data!B16/Alternatives_Data!B40 | AO16: =Alternatives_Data!B16/Alternatives_Data!B41 | AP16: =Alternatives_Data!B16/Alternatives_Data!B42 | AQ16: =Alternatives_Data!B16/Alternatives_Data!B43
A17: Putra | B17: =Alternatives_Data!B17/Alternatives_Data!B2 | C17: =Alternatives_Data!B17/Alternatives_Data!B3 | D17: =Alternatives_Data!B17/Alternatives_Data!B4 | E17: =Alternatives_Data!B17/Alternatives_Data!B5 | F17: =Alternatives_Data!B17/Alternatives_Data!B6 | G17: =Alternatives_Data!B17/Alternatives_Data!B7 | H17: =Alternatives_Data!B17/Alternatives_Data!B8 | I17: =Alternatives_Data!B17/Alternatives_Data!B9 | J17: =Alternatives_Data!B17/Alternatives_Data!B10 | K17: =Alternatives_Data!B17/Alternatives_Data!B11 | L17: =Alternatives_Data!B17/Alternatives_Data!B12 | M17: =Alternatives_Data!B17/Alternatives_Data!B13 | N17: =Alternatives_Data!B17/Alternatives_Data!B14 | O17: =Alternatives_Data!B17/Alternatives_Data!B15 | P17: =Alternatives_Data!B17/Alternatives_Data!B16 | Q17: =Alternatives_Data!B17/Alternatives_Data!B17 | R17: =Alternatives_Data!B17/Alternatives_Data!B18 | S17: =Alternatives_Data!B17/Alternatives_Data!B19 | T17: =Alternatives_Data!B17/Alternatives_Data!B20 | U17: =Alternatives_Data!B17/Alternatives_Data!B21 | V17: =Alternatives_Data!B17/Alternatives_Data!B22 | W17: =Alternatives_Data!B17/Alternatives_Data!B23 | X17: =Alternatives_Data!B17/Alternatives_Data!B24 | Y17: =Alternatives_Data!B17/Alternatives_Data!B25 | Z17: =Alternatives_Data!B17/Alternatives_Data!B26 | AA17: =Alternatives_Data!B17/Alternatives_Data!B27 | AB17: =Alternatives_Data!B17/Alternatives_Data!B28 | AC17: =Alternatives_Data!B17/Alternatives_Data!B29 | AD17: =Alternatives_Data!B17/Alternatives_Data!B30 | AE17: =Alternatives_Data!B17/Alternatives_Data!B31 | AF17: =Alternatives_Data!B17/Alternatives_Data!B32 | AG17: =Alternatives_Data!B17/Alternatives_Data!B33 | AH17: =Alternatives_Data!B17/Alternatives_Data!B34 | AI17: =Alternatives_Data!B17/Alternatives_Data!B35 | AJ17: =Alternatives_Data!B17/Alternatives_Data!B36 | AK17: =Alternatives_Data!B17/Alternatives_Data!B37 | AL17: =Alternatives_Data!B17/Alternatives_Data!B38 | AM17: =Alternatives_Data!B17/Alternatives_Data!B39 | AN17: =Alternatives_Data!B17/Alternatives_Data!B40 | AO17: =Alternatives_Data!B17/Alternatives_Data!B41 | AP17: =Alternatives_Data!B17/Alternatives_Data!B42 | AQ17: =Alternatives_Data!B17/Alternatives_Data!B43
A18: Qori | B18: =Alternatives_Data!B18/Alternatives_Data!B2 | C18: =Alternatives_Data!B18/Alternatives_Data!B3 | D18: =Alternatives_Data!B18/Alternatives_Data!B4 | E18: =Alternatives_Data!B18/Alternatives_Data!B5 | F18: =Alternatives_Data!B18/Alternatives_Data!B6 | G18: =Alternatives_Data!B18/Alternatives_Data!B7 | H18: =Alternatives_Data!B18/Alternatives_Data!B8 | I18: =Alternatives_Data!B18/Alternatives_Data!B9 | J18: =Alternatives_Data!B18/Alternatives_Data!B10 | K18: =Alternatives_Data!B18/Alternatives_Data!B11 | L18: =Alternatives_Data!B18/Alternatives_Data!B12 | M18: =Alternatives_Data!B18/Alternatives_Data!B13 | N18: =Alternatives_Data!B18/Alternatives_Data!B14 | O18: =Alternatives_Data!B18/Alternatives_Data!B15 | P18: =Alternatives_Data!B18/Alternatives_Data!B16 | Q18: =Alternatives_Data!B18/Alternatives_Data!B17 | R18: =Alternatives_Data!B18/Alternatives_Data!B18 | S18: =Alternatives_Data!B18/Alternatives_Data!B19 | T18: =Alternatives_Data!B18/Alternatives_Data!B20 | U18: =Alternatives_Data!B18/Alternatives_Data!B21 | V18: =Alternatives_Data!B18/Alternatives_Data!B22 | W18: =Alternatives_Data!B18/Alternatives_Data!B23 | X18: =Alternatives_Data!B18/Alternatives_Data!B24 | Y18: =Alternatives_Data!B18/Alternatives_Data!B25 | Z18: =Alternatives_Data!B18/Alternatives_Data!B26 | AA18: =Alternatives_Data!B18/Alternatives_Data!B27 | AB18: =Alternatives_Data!B18/Alternatives_Data!B28 | AC18: =Alternatives_Data!B18/Alternatives_Data!B29 | AD18: =Alternatives_Data!B18/Alternatives_Data!B30 | AE18: =Alternatives_Data!B18/Alternatives_Data!B31 | AF18: =Alternatives_Data!B18/Alternatives_Data!B32 | AG18: =Alternatives_Data!B18/Alternatives_Data!B33 | AH18: =Alternatives_Data!B18/Alternatives_Data!B34 | AI18: =Alternatives_Data!B18/Alternatives_Data!B35 | AJ18: =Alternatives_Data!B18/Alternatives_Data!B36 | AK18: =Alternatives_Data!B18/Alternatives_Data!B37 | AL18: =Alternatives_Data!B18/Alternatives_Data!B38 | AM18: =Alternatives_Data!B18/Alternatives_Data!B39 | AN18: =Alternatives_Data!B18/Alternatives_Data!B40 | AO18: =Alternatives_Data!B18/Alternatives_Data!B41 | AP18: =Alternatives_Data!B18/Alternatives_Data!B42 | AQ18: =Alternatives_Data!B18/Alternatives_Data!B43
A19: Rian | B19: =Alternatives_Data!B19/Alternatives_Data!B2 | C19: =Alternatives_Data!B19/Alternatives_Data!B3 | D19: =Alternatives_Data!B19/Alternatives_Data!B4 | E19: =Alternatives_Data!B19/Alternatives_Data!B5 | F19: =Alternatives_Data!B19/Alternatives_Data!B6 | G19: =Alternatives_Data!B19/Alternatives_Data!B7 | H19: =Alternatives_Data!B19/Alternatives_Data!B8 | I19: =Alternatives_Data!B19/Alternatives_Data!B9 | J19: =Alternatives_Data!B19/Alternatives_Data!B10 | K19: =Alternatives_Data!B19/Alternatives_Data!B11 | L19: =Alternatives_Data!B19/Alternatives_Data!B12 | M19: =Alternatives_Data!B19/Alternatives_Data!B13 | N19: =Alternatives_Data!B19/Alternatives_Data!B14 | O19: =Alternatives_Data!B19/Alternatives_Data!B15 | P19: =Alternatives_Data!B19/Alternatives_Data!B16 | Q19: =Alternatives_Data!B19/Alternatives_Data!B17 | R19: =Alternatives_Data!B19/Alternatives_Data!B18 | S19: =Alternatives_Data!B19/Alternatives_Data!B19 | T19: =Alternatives_Data!B19/Alternatives_Data!B20 | U19: =Alternatives_Data!B19/Alternatives_Data!B21 | V19: =Alternatives_Data!B19/Alternatives_Data!B22 | W19: =Alternatives_Data!B19/Alternatives_Data!B23 | X19: =Alternatives_Data!B19/Alternatives_Data!B24 | Y19: =Alternatives_Data!B19/Alternatives_Data!B25 | Z19: =Alternatives_Data!B19/Alternatives_Data!B26 | AA19: =Alternatives_Data!B19/Alternatives_Data!B27 | AB19: =Alternatives_Data!B19/Alternatives_Data!B28 | AC19: =Alternatives_Data!B19/Alternatives_Data!B29 | AD19: =Alternatives_Data!B19/Alternatives_Data!B30 | AE19: =Alternatives_Data!B19/Alternatives_Data!B31 | AF19: =Alternatives_Data!B19/Alternatives_Data!B32 | AG19: =Alternatives_Data!B19/Alternatives_Data!B33 | AH19: =Alternatives_Data!B19/Alternatives_Data!B34 | AI19: =Alternatives_Data!B19/Alternatives_Data!B35 | AJ19: =Alternatives_Data!B19/Alternatives_Data!B36 | AK19: =Alternatives_Data!B19/Alternatives_Data!B37 | AL19: =Alternatives_Data!B19/Alternatives_Data!B38 | AM19: =Alternatives_Data!B19/Alternatives_Data!B39 | AN19: =Alternatives_Data!B19/Alternatives_Data!B40 | AO19: =Alternatives_Data!B19/Alternatives_Data!B41 | AP19: =Alternatives_Data!B19/Alternatives_Data!B42 | AQ19: =Alternatives_Data!B19/Alternatives_Data!B43
A20: Sinta | B20: =Alternatives_Data!B20/Alternatives_Data!B2 | C20: =Alternatives_Data!B20/Alternatives_Data!B3 | D20: =Alternatives_Data!B20/Alternatives_Data!B4 | E20: =Alternatives_Data!B20/Alternatives_Data!B5 | F20: =Alternatives_Data!B20/Alternatives_Data!B6 | G20: =Alternatives_Data!B20/Alternatives_Data!B7 | H20: =Alternatives_Data!B20/Alternatives_Data!B8 | I20: =Alternatives_Data!B20/Alternatives_Data!B9 | J20: =Alternatives_Data!B20/Alternatives_Data!B10 | K20: =Alternatives_Data!B20/Alternatives_Data!B11 | L20: =Alternatives_Data!B20/Alternatives_Data!B12 | M20: =Alternatives_Data!B20/Alternatives_Data!B13 | N20: =Alternatives_Data!B20/Alternatives_Data!B14 | O20: =Alternatives_Data!B20/Alternatives_Data!B15 | P20: =Alternatives_Data!B20/Alternatives_Data!B16 | Q20: =Alternatives_Data!B20/Alternatives_Data!B17 | R20: =Alternatives_Data!B20/Alternatives_Data!B18 | S20: =Alternatives_Data!B20/Alternatives_Data!B19 | T20: =Alternatives_Data!B20/Alternatives_Data!B20 | U20: =Alternatives_Data!B20/Alternatives_Data!B21 | V20: =Alternatives_Data!B20/Alternatives_Data!B22 | W20: =Alternatives_Data!B20/Alternatives_Data!B23 | X20: =Alternatives_Data!B20/Alternatives_Data!B24 | Y20: =Alternatives_Data!B20/Alternatives_Data!B25 | Z20: =Alternatives_Data!B20/Alternatives_Data!B26 | AA20: =Alternatives_Data!B20/Alternatives_Data!B27 | AB20: =Alternatives_Data!B20/Alternatives_Data!B28 | AC20: =Alternatives_Data!B20/Alternatives_Data!B29 | AD20: =Alternatives_Data!B20/Alternatives_Data!B30 | AE20: =Alternatives_Data!B20/Alternatives_Data!B31 | AF20: =Alternatives_Data!B20/Alternatives_Data!B32 | AG20: =Alternatives_Data!B20/Alternatives_Data!B33 | AH20: =Alternatives_Data!B20/Alternatives_Data!B34 | AI20: =Alternatives_Data!B20/Alternatives_Data!B35 | AJ20: =Alternatives_Data!B20/Alternatives_Data!B36 | AK20: =Alternatives_Data!B20/Alternatives_Data!B37 | AL20: =Alternatives_Data!B20/Alternatives_Data!B38 | AM20: =Alternatives_Data!B20/Alternatives_Data!B39 | AN20: =Alternatives_Data!B20/Alternatives_Data!B40 | AO20: =Alternatives_Data!B20/Alternatives_Data!B41 | AP20: =Alternatives_Data!B20/Alternatives_Data!B42 | AQ20: =Alternatives_Data!B20/Alternatives_Data!B43
A21: Tono | B21: =Alternatives_Data!B21/Alternatives_Data!B2 | C21: =Alternatives_Data!B21/Alternatives_Data!B3 | D21: =Alternatives_Data!B21/Alternatives_Data!B4 | E21: =Alternatives_Data!B21/Alternatives_Data!B5 | F21: =Alternatives_Data!B21/Alternatives_Data!B6 | G21: =Alternatives_Data!B21/Alternatives_Data!B7 | H21: =Alternatives_Data!B21/Alternatives_Data!B8 | I21: =Alternatives_Data!B21/Alternatives_Data!B9 | J21: =Alternatives_Data!B21/Alternatives_Data!B10 | K21: =Alternatives_Data!B21/Alternatives_Data!B11 | L21: =Alternatives_Data!B21/Alternatives_Data!B12 | M21: =Alternatives_Data!B21/Alternatives_Data!B13 | N21: =Alternatives_Data!B21/Alternatives_Data!B14 | O21: =Alternatives_Data!B21/Alternatives_Data!B15 | P21: =Alternatives_Data!B21/Alternatives_Data!B16 | Q21: =Alternatives_Data!B21/Alternatives_Data!B17 | R21: =Alternatives_Data!B21/Alternatives_Data!B18 | S21: =Alternatives_Data!B21/Alternatives_Data!B19 | T21: =Alternatives_Data!B21/Alternatives_Data!B20 | U21: =Alternatives_Data!B21/Alternatives_Data!B21 | V21: =Alternatives_Data!B21/Alternatives_Data!B22 | W21: =Alternatives_Data!B21/Alternatives_Data!B23 | X21: =Alternatives_Data!B21/Alternatives_Data!B24 | Y21: =Alternatives_Data!B21/Alternatives_Data!B25 | Z21: =Alternatives_Data!B21/Alternatives_Data!B26 | AA21: =Alternatives_Data!B21/Alternatives_Data!B27 | AB21: =Alternatives_Data!B21/Alternatives_Data!B28 | AC21: =Alternatives_Data!B21/Alternatives_Data!B29 | AD21: =Alternatives_Data!B21/Alternatives_Data!B30 | AE21: =Alternatives_Data!B21/Alternatives_Data!B31 | AF21: =Alternatives_Data!B21/Alternatives_Data!B32 | AG21: =Alternatives_Data!B21/Alternatives_Data!B33 | AH21: =Alternatives_Data!B21/Alternatives_Data!B34 | AI21: =Alternatives_Data!B21/Alternatives_Data!B35 | AJ21: =Alternatives_Data!B21/Alternatives_Data!B36 | AK21: =Alternatives_Data!B21/Alternatives_Data!B37 | AL21: =Alternatives_Data!B21/Alternatives_Data!B38 | AM21: =Alternatives_Data!B21/Alternatives_Data!B39 | AN21: =Alternatives_Data!B21/Alternatives_Data!B40 | AO21: =Alternatives_Data!B21/Alternatives_Data!B41 | AP21: =Alternatives_Data!B21/Alternatives_Data!B42 | AQ21: =Alternatives_Data!B21/Alternatives_Data!B43
A22: Uli | B22: =Alternatives_Data!B22/Alternatives_Data!B2 | C22: =Alternatives_Data!B22/Alternatives_Data!B3 | D22: =Alternatives_Data!B22/Alternatives_Data!B4 | E22: =Alternatives_Data!B22/Alternatives_Data!B5 | F22: =Alternatives_Data!B22/Alternatives_Data!B6 | G22: =Alternatives_Data!B22/Alternatives_Data!B7 | H22: =Alternatives_Data!B22/Alternatives_Data!B8 | I22: =Alternatives_Data!B22/Alternatives_Data!B9 | J22: =Alternatives_Data!B22/Alternatives_Data!B10 | K22: =Alternatives_Data!B22/Alternatives_Data!B11 | L22: =Alternatives_Data!B22/Alternatives_Data!B12 | M22: =Alternatives_Data!B22/Alternatives_Data!B13 | N22: =Alternatives_Data!B22/Alternatives_Data!B14 | O22: =Alternatives_Data!B22/Alternatives_Data!B15 | P22: =Alternatives_Data!B22/Alternatives_Data!B16 | Q22: =Alternatives_Data!B22/Alternatives_Data!B17 | R22: =Alternatives_Data!B22/Alternatives_Data!B18 | S22: =Alternatives_Data!B22/Alternatives_Data!B19 | T22: =Alternatives_Data!B22/Alternatives_Data!B20 | U22: =Alternatives_Data!B22/Alternatives_Data!B21 | V22: =Alternatives_Data!B22/Alternatives_Data!B22 | W22: =Alternatives_Data!B22/Alternatives_Data!B23 | X22: =Alternatives_Data!B22/Alternatives_Data!B24 | Y22: =Alternatives_Data!B22/Alternatives_Data!B25 | Z22: =Alternatives_Data!B22/Alternatives_Data!B26 | AA22: =Alternatives_Data!B22/Alternatives_Data!B27 | AB22: =Alternatives_Data!B22/Alternatives_Data!B28 | AC22: =Alternatives_Data!B22/Alternatives_Data!B29 | AD22: =Alternatives_Data!B22/Alternatives_Data!B30 | AE22: =Alternatives_Data!B22/Alternatives_Data!B31 | AF22: =Alternatives_Data!B22/Alternatives_Data!B32 | AG22: =Alternatives_Data!B22/Alternatives_Data!B33 | AH22: =Alternatives_Data!B22/Alternatives_Data!B34 | AI22: =Alternatives_Data!B22/Alternatives_Data!B35 | AJ22: =Alternatives_Data!B22/Alternatives_Data!B36 | AK22: =Alternatives_Data!B22/Alternatives_Data!B37 | AL22: =Alternatives_Data!B22/Alternatives_Data!B38 | AM22: =Alternatives_Data!B22/Alternatives_Data!B39 | AN22: =Alternatives_Data!B22/Alternatives_Data!B40 | AO22: =Alternatives_Data!B22/Alternatives_Data!B41 | AP22: =Alternatives_Data!B22/Alternatives_Data!B42 | AQ22: =Alternatives_Data!B22/Alternatives_Data!B43
A23: Vina | B23: =Alternatives_Data!B23/Alternatives_Data!B2 | C23: =Alternatives_Data!B23/Alternatives_Data!B3 | D23: =Alternatives_Data!B23/Alternatives_Data!B4 | E23: =Alternatives_Data!B23/Alternatives_Data!B5 | F23: =Alternatives_Data!B23/Alternatives_Data!B6 | G23: =Alternatives_Data!B23/Alternatives_Data!B7 | H23: =Alternatives_Data!B23/Alternatives_Data!B8 | I23: =Alternatives_Data!B23/Alternatives_Data!B9 | J23: =Alternatives_Data!B23/Alternatives_Data!B10 | K23: =Alternatives_Data!B23/Alternatives_Data!B11 | L23: =Alternatives_Data!B23/Alternatives_Data!B12 | M23: =Alternatives_Data!B23/Alternatives_Data!B13 | N23: =Alternatives_Data!B23/Alternatives_Data!B14 | O23: =Alternatives_Data!B23/Alternatives_Data!B15 | P23: =Alternatives_Data!B23/Alternatives_Data!B16 | Q23: =Alternatives_Data!B23/Alternatives_Data!B17 | R23: =Alternatives_Data!B23/Alternatives_Data!B18 | S23: =Alternatives_Data!B23/Alternatives_Data!B19 | T23: =Alternatives_Data!B23/Alternatives_Data!B20 | U23: =Alternatives_Data!B23/Alternatives_Data!B21 | V23: =Alternatives_Data!B23/Alternatives_Data!B22 | W23: =Alternatives_Data!B23/Alternatives_Data!B23 | X23: =Alternatives_Data!B23/Alternatives_Data!B24 | Y23: =Alternatives_Data!B23/Alternatives_Data!B25 | Z23: =Alternatives_Data!B23/Alternatives_Data!B26 | AA23: =Alternatives_Data!B23/Alternatives_Data!B27 | AB23: =Alternatives_Data!B23/Alternatives_Data!B28 | AC23: =Alternatives_Data!B23/Alternatives_Data!B29 | AD23: =Alternatives_Data!B23/Alternatives_Data!B30 | AE23: =Alternatives_Data!B23/Alternatives_Data!B31 | AF23: =Alternatives_Data!B23/Alternatives_Data!B32 | AG23: =Alternatives_Data!B23/Alternatives_Data!B33 | AH23: =Alternatives_Data!B23/Alternatives_Data!B34 | AI23: =Alternatives_Data!B23/Alternatives_Data!B35 | AJ23: =Alternatives_Data!B23/Alternatives_Data!B36 | AK23: =Alternatives_Data!B23/Alternatives_Data!B37 | AL23: =Alternatives_Data!B23/Alternatives_Data!B38 | AM23: =Alternatives_Data!B23/Alternatives_Data!B39 | AN23: =Alternatives_Data!B23/Alternatives_Data!B40 | AO23: =Alternatives_Data!B23/Alternatives_Data!B41 | AP23: =Alternatives_Data!B23/Alternatives_Data!B42 | AQ23: =Alternatives_Data!B23/Alternatives_Data!B43
A24: Wahyu | B24: =Alternatives_Data!B24/Alternatives_Data!B2 | C24: =Alternatives_Data!B24/Alternatives_Data!B3 | D24: =Alternatives_Data!B24/Alternatives_Data!B4 | E24: =Alternatives_Data!B24/Alternatives_Data!B5 | F24: =Alternatives_Data!B24/Alternatives_Data!B6 | G24: =Alternatives_Data!B24/Alternatives_Data!B7 | H24: =Alternatives_Data!B24/Alternatives_Data!B8 | I24: =Alternatives_Data!B24/Alternatives_Data!B9 | J24: =Alternatives_Data!B24/Alternatives_Data!B10 | K24: =Alternatives_Data!B24/Alternatives_Data!B11 | L24: =Alternatives_Data!B24/Alternatives_Data!B12 | M24: =Alternatives_Data!B24/Alternatives_Data!B13 | N24: =Alternatives_Data!B24/Alternatives_Data!B14 | O24: =Alternatives_Data!B24/Alternatives_Data!B15 | P24: =Alternatives_Data!B24/Alternatives_Data!B16 | Q24: =Alternatives_Data!B24/Alternatives_Data!B17 | R24: =Alternatives_Data!B24/Alternatives_Data!B18 | S24: =Alternatives_Data!B24/Alternatives_Data!B19 | T24: =Alternatives_Data!B24/Alternatives_Data!B20 | U24: =Alternatives_Data!B24/Alternatives_Data!B21 | V24: =Alternatives_Data!B24/Alternatives_Data!B22 | W24: =Alternatives_Data!B24/Alternatives_Data!B23 | X24: =Alternatives_Data!B24/Alternatives_Data!B24 | Y24: =Alternatives_Data!B24/Alternatives_Data!B25 | Z24: =Alternatives_Data!B24/Alternatives_Data!B26 | AA24: =Alternatives_Data!B24/Alternatives_Data!B27 | AB24: =Alternatives_Data!B24/Alternatives_Data!B28 | AC24: =Alternatives_Data!B24/Alternatives_Data!B29 | AD24: =Alternatives_Data!B24/Alternatives_Data!B30 | AE24: =Alternatives_Data!B24/Alternatives_Data!B31 | AF24: =Alternatives_Data!B24/Alternatives_Data!B32 | AG24: =Alternatives_Data!B24/Alternatives_Data!B33 | AH24: =Alternatives_Data!B24/Alternatives_Data!B34 | AI24: =Alternatives_Data!B24/Alternatives_Data!B35 | AJ24: =Alternatives_Data!B24/Alternatives_Data!B36 | AK24: =Alternatives_Data!B24/Alternatives_Data!B37 | AL24: =Alternatives_Data!B24/Alternatives_Data!B38 | AM24: =Alternatives_Data!B24/Alternatives_Data!B39 | AN24: =Alternatives_Data!B24/Alternatives_Data!B40 | AO24: =Alternatives_Data!B24/Alternatives_Data!B41 | AP24: =Alternatives_Data!B24/Alternatives_Data!B42 | AQ24: =Alternatives_Data!B24/Alternatives_Data!B43
A25: Xena | B25: =Alternatives_Data!B25/Alternatives_Data!B2 | C25: =Alternatives_Data!B25/Alternatives_Data!B3 | D25: =Alternatives_Data!B25/Alternatives_Data!B4 | E25: =Alternatives_Data!B25/Alternatives_Data!B5 | F25: =Alternatives_Data!B25/Alternatives_Data!B6 | G25: =Alternatives_Data!B25/Alternatives_Data!B7 | H25: =Alternatives_Data!B25/Alternatives_Data!B8 | I25: =Alternatives_Data!B25/Alternatives_Data!B9 | J25: =Alternatives_Data!B25/Alternatives_Data!B10 | K25: =Alternatives_Data!B25/Alternatives_Data!B11 | L25: =Alternatives_Data!B25/Alternatives_Data!B12 | M25: =Alternatives_Data!B25/Alternatives_Data!B13 | N25: =Alternatives_Data!B25/Alternatives_Data!B14 | O25: =Alternatives_Data!B25/Alternatives_Data!B15 | P25: =Alternatives_Data!B25/Alternatives_Data!B16 | Q25: =Alternatives_Data!B25/Alternatives_Data!B17 | R25: =Alternatives_Data!B25/Alternatives_Data!B18 | S25: =Alternatives_Data!B25/Alternatives_Data!B19 | T25: =Alternatives_Data!B25/Alternatives_Data!B20 | U25: =Alternatives_Data!B25/Alternatives_Data!B21 | V25: =Alternatives_Data!B25/Alternatives_Data!B22 | W25: =Alternatives_Data!B25/Alternatives_Data!B23 | X25: =Alternatives_Data!B25/Alternatives_Data!B24 | Y25: =Alternatives_Data!B25/Alternatives_Data!B25 | Z25: =Alternatives_Data!B25/Alternatives_Data!B26 | AA25: =Alternatives_Data!B25/Alternatives_Data!B27 | AB25: =Alternatives_Data!B25/Alternatives_Data!B28 | AC25: =Alternatives_Data!B25/Alternatives_Data!B29 | AD25: =Alternatives_Data!B25/Alternatives_Data!B30 | AE25: =Alternatives_Data!B25/Alternatives_Data!B31 | AF25: =Alternatives_Data!B25/Alternatives_Data!B32 | AG25: =Alternatives_Data!B25/Alternatives_Data!B33 | AH25: =Alternatives_Data!B25/Alternatives_Data!B34 | AI25: =Alternatives_Data!B25/Alternatives_Data!B35 | AJ25: =Alternatives_Data!B25/Alternatives_Data!B36 | AK25: =Alternatives_Data!B25/Alternatives_Data!B37 | AL25: =Alternatives_Data!B25/Alternatives_Data!B38 | AM25: =Alternatives_Data!B25/Alternatives_Data!B39 | AN25: =Alternatives_Data!B25/Alternatives_Data!B40 | AO25: =Alternatives_Data!B25/Alternatives_Data!B41 | AP25: =Alternatives_Data!B25/Alternatives_Data!B42 | AQ25: =Alternatives_Data!B25/Alternatives_Data!B43
A26: Yoga | B26: =Alternatives_Data!B26/Alternatives_Data!B2 | C26: =Alternatives_Data!B26/Alternatives_Data!B3 | D26: =Alternatives_Data!B26/Alternatives_Data!B4 | E26: =Alternatives_Data!B26/Alternatives_Data!B5 | F26: =Alternatives_Data!B26/Alternatives_Data!B6 | G26: =Alternatives_Data!B26/Alternatives_Data!B7 | H26: =Alternatives_Data!B26/Alternatives_Data!B8 | I26: =Alternatives_Data!B26/Alternatives_Data!B9 | J26: =Alternatives_Data!B26/Alternatives_Data!B10 | K26: =Alternatives_Data!B26/Alternatives_Data!B11 | L26: =Alternatives_Data!B26/Alternatives_Data!B12 | M26: =Alternatives_Data!B26/Alternatives_Data!B13 | N26: =Alternatives_Data!B26/Alternatives_Data!B14 | O26: =Alternatives_Data!B26/Alternatives_Data!B15 | P26: =Alternatives_Data!B26/Alternatives_Data!B16 | Q26: =Alternatives_Data!B26/Alternatives_Data!B17 | R26: =Alternatives_Data!B26/Alternatives_Data!B18 | S26: =Alternatives_Data!B26/Alternatives_Data!B19 | T26: =Alternatives_Data!B26/Alternatives_Data!B20 | U26: =Alternatives_Data!B26/Alternatives_Data!B21 | V26: =Alternatives_Data!B26/Alternatives_Data!B22 | W26: =Alternatives_Data!B26/Alternatives_Data!B23 | X26: =Alternatives_Data!B26/Alternatives_Data!B24 | Y26: =Alternatives_Data!B26/Alternatives_Data!B25 | Z26: =Alternatives_Data!B26/Alternatives_Data!B26 | AA26: =Alternatives_Data!B26/Alternatives_Data!B27 | AB26: =Alternatives_Data!B26/Alternatives_Data!B28 | AC26: =Alternatives_Data!B26/Alternatives_Data!B29 | AD26: =Alternatives_Data!B26/Alternatives_Data!B30 | AE26: =Alternatives_Data!B26/Alternatives_Data!B31 | AF26: =Alternatives_Data!B26/Alternatives_Data!B32 | AG26: =Alternatives_Data!B26/Alternatives_Data!B33 | AH26: =Alternatives_Data!B26/Alternatives_Data!B34 | AI26: =Alternatives_Data!B26/Alternatives_Data!B35 | AJ26: =Alternatives_Data!B26/Alternatives_Data!B36 | AK26: =Alternatives_Data!B26/Alternatives_Data!B37 | AL26: =Alternatives_Data!B26/Alternatives_Data!B38 | AM26: =Alternatives_Data!B26/Alternatives_Data!B39 | AN26: =Alternatives_Data!B26/Alternatives_Data!B40 | AO26: =Alternatives_Data!B26/Alternatives_Data!B41 | AP26: =Alternatives_Data!B26/Alternatives_Data!B42 | AQ26: =Alternatives_Data!B26/Alternatives_Data!B43
A27: Zaki | B27: =Alternatives_Data!B27/Alternatives_Data!B2 | C27: =Alternatives_Data!B27/Alternatives_Data!B3 | D27: =Alternatives_Data!B27/Alternatives_Data!B4 | E27: =Alternatives_Data!B27/Alternatives_Data!B5 | F27: =Alternatives_Data!B27/Alternatives_Data!B6 | G27: =Alternatives_Data!B27/Alternatives_Data!B7 | H27: =Alternatives_Data!B27/Alternatives_Data!B8 | I27: =Alternatives_Data!B27/Alternatives_Data!B9 | J27: =Alternatives_Data!B27/Alternatives_Data!B10 | K27: =Alternatives_Data!B27/Alternatives_Data!B11 | L27: =Alternatives_Data!B27/Alternatives_Data!B12 | M27: =Alternatives_Data!B27/Alternatives_Data!B13 | N27: =Alternatives_Data!B27/Alternatives_Data!B14 | O27: =Alternatives_Data!B27/Alternatives_Data!B15 | P27: =Alternatives_Data!B27/Alternatives_Data!B16 | Q27: =Alternatives_Data!B27/Alternatives_Data!B17 | R27: =Alternatives_Data!B27/Alternatives_Data!B18 | S27: =Alternatives_Data!B27/Alternatives_Data!B19 | T27: =Alternatives_Data!B27/Alternatives_Data!B20 | U27: =Alternatives_Data!B27/Alternatives_Data!B21 | V27: =Alternatives_Data!B27/Alternatives_Data!B22 | W27: =Alternatives_Data!B27/Alternatives_Data!B23 | X27: =Alternatives_Data!B27/Alternatives_Data!B24 | Y27: =Alternatives_Data!B27/Alternatives_Data!B25 | Z27: =Alternatives_Data!B27/Alternatives_Data!B26 | AA27: =Alternatives_Data!B27/Alternatives_Data!B27 | AB27: =Alternatives_Data!B27/Alternatives_Data!B28 | AC27: =Alternatives_Data!B27/Alternatives_Data!B29 | AD27: =Alternatives_Data!B27/Alternatives_Data!B30 | AE27: =Alternatives_Data!B27/Alternatives_Data!B31 | AF27: =Alternatives_Data!B27/Alternatives_Data!B32 | AG27: =Alternatives_Data!B27/Alternatives_Data!B33 | AH27: =Alternatives_Data!B27/Alternatives_Data!B34 | AI27: =Alternatives_Data!B27/Alternatives_Data!B35 | AJ27: =Alternatives_Data!B27/Alternatives_Data!B36 | AK27: =Alternatives_Data!B27/Alternatives_Data!B37 | AL27: =Alternatives_Data!B27/Alternatives_Data!B38 | AM27: =Alternatives_Data!B27/Alternatives_Data!B39 | AN27: =Alternatives_Data!B27/Alternatives_Data!B40 | AO27: =Alternatives_Data!B27/Alternatives_Data!B41 | AP27: =Alternatives_Data!B27/Alternatives_Data!B42 | AQ27: =Alternatives_Data!B27/Alternatives_Data!B43
A28: Amanda | B28: =Alternatives_Data!B28/Alternatives_Data!B2 | C28: =Alternatives_Data!B28/Alternatives_Data!B3 | D28: =Alternatives_Data!B28/Alternatives_Data!B4 | E28: =Alternatives_Data!B28/Alternatives_Data!B5 | F28: =Alternatives_Data!B28/Alternatives_Data!B6 | G28: =Alternatives_Data!B28/Alternatives_Data!B7 | H28: =Alternatives_Data!B28/Alternatives_Data!B8 | I28: =Alternatives_Data!B28/Alternatives_Data!B9 | J28: =Alternatives_Data!B28/Alternatives_Data!B10 | K28: =Alternatives_Data!B28/Alternatives_Data!B11 | L28: =Alternatives_Data!B28/Alternatives_Data!B12 | M28: =Alternatives_Data!B28/Alternatives_Data!B13 | N28: =Alternatives_Data!B28/Alternatives_Data!B14 | O28: =Alternatives_Data!B28/Alternatives_Data!B15 | P28: =Alternatives_Data!B28/Alternatives_Data!B16 | Q28: =Alternatives_Data!B28/Alternatives_Data!B17 | R28: =Alternatives_Data!B28/Alternatives_Data!B18 | S28: =Alternatives_Data!B28/Alternatives_Data!B19 | T28: =Alternatives_Data!B28/Alternatives_Data!B20 | U28: =Alternatives_Data!B28/Alternatives_Data!B21 | V28: =Alternatives_Data!B28/Alternatives_Data!B22 | W28: =Alternatives_Data!B28/Alternatives_Data!B23 | X28: =Alternatives_Data!B28/Alternatives_Data!B24 | Y28: =Alternatives_Data!B28/Alternatives_Data!B25 | Z28: =Alternatives_Data!B28/Alternatives_Data!B26 | AA28: =Alternatives_Data!B28/Alternatives_Data!B27 | AB28: =Alternatives_Data!B28/Alternatives_Data!B28 | AC28: =Alternatives_Data!B28/Alternatives_Data!B29 | AD28: =Alternatives_Data!B28/Alternatives_Data!B30 | AE28: =Alternatives_Data!B28/Alternatives_Data!B31 | AF28: =Alternatives_Data!B28/Alternatives_Data!B32 | AG28: =Alternatives_Data!B28/Alternatives_Data!B33 | AH28: =Alternatives_Data!B28/Alternatives_Data!B34 | AI28: =Alternatives_Data!B28/Alternatives_Data!B35 | AJ28: =Alternatives_Data!B28/Alternatives_Data!B36 | AK28: =Alternatives_Data!B28/Alternatives_Data!B37 | AL28: =Alternatives_Data!B28/Alternatives_Data!B38 | AM28: =Alternatives_Data!B28/Alternatives_Data!B39 | AN28: =Alternatives_Data!B28/Alternatives_Data!B40 | AO28: =Alternatives_Data!B28/Alternatives_Data!B41 | AP28: =Alternatives_Data!B28/Alternatives_Data!B42 | AQ28: =Alternatives_Data!B28/Alternatives_Data!B43
A29: Bayu | B29: =Alternatives_Data!B29/Alternatives_Data!B2 | C29: =Alternatives_Data!B29/Alternatives_Data!B3 | D29: =Alternatives_Data!B29/Alternatives_Data!B4 | E29: =Alternatives_Data!B29/Alternatives_Data!B5 | F29: =Alternatives_Data!B29/Alternatives_Data!B6 | G29: =Alternatives_Data!B29/Alternatives_Data!B7 | H29: =Alternatives_Data!B29/Alternatives_Data!B8 | I29: =Alternatives_Data!B29/Alternatives_Data!B9 | J29: =Alternatives_Data!B29/Alternatives_Data!B10 | K29: =Alternatives_Data!B29/Alternatives_Data!B11 | L29: =Alternatives_Data!B29/Alternatives_Data!B12 | M29: =Alternatives_Data!B29/Alternatives_Data!B13 | N29: =Alternatives_Data!B29/Alternatives_Data!B14 | O29: =Alternatives_Data!B29/Alternatives_Data!B15 | P29: =Alternatives_Data!B29/Alternatives_Data!B16 | Q29: =Alternatives_Data!B29/Alternatives_Data!B17 | R29: =Alternatives_Data!B29/Alternatives_Data!B18 | S29: =Alternatives_Data!B29/Alternatives_Data!B19 | T29: =Alternatives_Data!B29/Alternatives_Data!B20 | U29: =Alternatives_Data!B29/Alternatives_Data!B21 | V29: =Alternatives_Data!B29/Alternatives_Data!B22 | W29: =Alternatives_Data!B29/Alternatives_Data!B23 | X29: =Alternatives_Data!B29/Alternatives_Data!B24 | Y29: =Alternatives_Data!B29/Alternatives_Data!B25 | Z29: =Alternatives_Data!B29/Alternatives_Data!B26 | AA29: =Alternatives_Data!B29/Alternatives_Data!B27 | AB29: =Alternatives_Data!B29/Alternatives_Data!B28 | AC29: =Alternatives_Data!B29/Alternatives_Data!B29 | AD29: =Alternatives_Data!B29/Alternatives_Data!B30 | AE29: =Alternatives_Data!B29/Alternatives_Data!B31 | AF29: =Alternatives_Data!B29/Alternatives_Data!B32 | AG29: =Alternatives_Data!B29/Alternatives_Data!B33 | AH29: =Alternatives_Data!B29/Alternatives_Data!B34 | AI29: =Alternatives_Data!B29/Alternatives_Data!B35 | AJ29: =Alternatives_Data!B29/Alternatives_Data!B36 | AK29: =Alternatives_Data!B29/Alternatives_Data!B37 | AL29: =Alternatives_Data!B29/Alternatives_Data!B38 | AM29: =Alternatives_Data!B29/Alternatives_Data!B39 | AN29: =Alternatives_Data!B29/Alternatives_Data!B40 | AO29: =Alternatives_Data!B29/Alternatives_Data!B41 | AP29: =Alternatives_Data!B29/Alternatives_Data!B42 | AQ29: =Alternatives_Data!B29/Alternatives_Data!B43
A30: Clara | B30: =Alternatives_Data!B30/Alternatives_Data!B2 | C30: =Alternatives_Data!B30/Alternatives_Data!B3 | D30: =Alternatives_Data!B30/Alternatives_Data!B4 | E30: =Alternatives_Data!B30/Alternatives_Data!B5 | F30: =Alternatives_Data!B30/Alternatives_Data!B6 | G30: =Alternatives_Data!B30/Alternatives_Data!B7 | H30: =Alternatives_Data!B30/Alternatives_Data!B8 | I30: =Alternatives_Data!B30/Alternatives_Data!B9 | J30: =Alternatives_Data!B30/Alternatives_Data!B10 | K30: =Alternatives_Data!B30/Alternatives_Data!B11 | L30: =Alternatives_Data!B30/Alternatives_Data!B12 | M30: =Alternatives_Data!B30/Alternatives_Data!B13 | N30: =Alternatives_Data!B30/Alternatives_Data!B14 | O30: =Alternatives_Data!B30/Alternatives_Data!B15 | P30: =Alternatives_Data!B30/Alternatives_Data!B16 | Q30: =Alternatives_Data!B30/Alternatives_Data!B17 | R30: =Alternatives_Data!B30/Alternatives_Data!B18 | S30: =Alternatives_Data!B30/Alternatives_Data!B19 | T30: =Alternatives_Data!B30/Alternatives_Data!B20 | U30: =Alternatives_Data!B30/Alternatives_Data!B21 | V30: =Alternatives_Data!B30/Alternatives_Data!B22 | W30: =Alternatives_Data!B30/Alternatives_Data!B23 | X30: =Alternatives_Data!B30/Alternatives_Data!B24 | Y30: =Alternatives_Data!B30/Alternatives_Data!B25 | Z30: =Alternatives_Data!B30/Alternatives_Data!B26 | AA30: =Alternatives_Data!B30/Alternatives_Data!B27 | AB30: =Alternatives_Data!B30/Alternatives_Data!B28 | AC30: =Alternatives_Data!B30/Alternatives_Data!B29 | AD30: =Alternatives_Data!B30/Alternatives_Data!B30 | AE30: =Alternatives_Data!B30/Alternatives_Data!B31 | AF30: =Alternatives_Data!B30/Alternatives_Data!B32 | AG30: =Alternatives_Data!B30/Alternatives_Data!B33 | AH30: =Alternatives_Data!B30/Alternatives_Data!B34 | AI30: =Alternatives_Data!B30/Alternatives_Data!B35 | AJ30: =Alternatives_Data!B30/Alternatives_Data!B36 | AK30: =Alternatives_Data!B30/Alternatives_Data!B37 | AL30: =Alternatives_Data!B30/Alternatives_Data!B38 | AM30: =Alternatives_Data!B30/Alternatives_Data!B39 | AN30: =Alternatives_Data!B30/Alternatives_Data!B40 | AO30: =Alternatives_Data!B30/Alternatives_Data!B41 | AP30: =Alternatives_Data!B30/Alternatives_Data!B42 | AQ30: =Alternatives_Data!B30/Alternatives_Data!B43
A31: Dani | B31: =Alternatives_Data!B31/Alternatives_Data!B2 | C31: =Alternatives_Data!B31/Alternatives_Data!B3 | D31: =Alternatives_Data!B31/Alternatives_Data!B4 | E31: =Alternatives_Data!B31/Alternatives_Data!B5 | F31: =Alternatives_Data!B31/Alternatives_Data!B6 | G31: =Alternatives_Data!B31/Alternatives_Data!B7 | H31: =Alternatives_Data!B31/Alternatives_Data!B8 | I31: =Alternatives_Data!B31/Alternatives_Data!B9 | J31: =Alternatives_Data!B31/Alternatives_Data!B10 | K31: =Alternatives_Data!B31/Alternatives_Data!B11 | L31: =Alternatives_Data!B31/Alternatives_Data!B12 | M31: =Alternatives_Data!B31/Alternatives_Data!B13 | N31: =Alternatives_Data!B31/Alternatives_Data!B14 | O31: =Alternatives_Data!B31/Alternatives_Data!B15 | P31: =Alternatives_Data!B31/Alternatives_Data!B16 | Q31: =Alternatives_Data!B31/Alternatives_Data!B17 | R31: =Alternatives_Data!B31/Alternatives_Data!B18 | S31: =Alternatives_Data!B31/Alternatives_Data!B19 | T31: =Alternatives_Data!B31/Alternatives_Data!B20 | U31: =Alternatives_Data!B31/Alternatives_Data!B21 | V31: =Alternatives_Data!B31/Alternatives_Data!B22 | W31: =Alternatives_Data!B31/Alternatives_Data!B23 | X31: =Alternatives_Data!B31/Alternatives_Data!B24 | Y31: =Alternatives_Data!B31/Alternatives_Data!B25 | Z31: =Alternatives_Data!B31/Alternatives_Data!B26 | AA31: =Alternatives_Data!B31/Alternatives_Data!B27 | AB31: =Alternatives_Data!B31/Alternatives_Data!B28 | AC31: =Alternatives_Data!B31/Alternatives_Data!B29 | AD31: =Alternatives_Data!B31/Alternatives_Data!B30 | AE31: =Alternatives_Data!B31/Alternatives_Data!B31 | AF31: =Alternatives_Data!B31/Alternatives_Data!B32 | AG31: =Alternatives_Data!B31/Alternatives_Data!B33 | AH31: =Alternatives_Data!B31/Alternatives_Data!B34 | AI31: =Alternatives_Data!B31/Alternatives_Data!B35 | AJ31: =Alternatives_Data!B31/Alternatives_Data!B36 | AK31: =Alternatives_Data!B31/Alternatives_Data!B37 | AL31: =Alternatives_Data!B31/Alternatives_Data!B38 | AM31: =Alternatives_Data!B31/Alternatives_Data!B39 | AN31: =Alternatives_Data!B31/Alternatives_Data!B40 | AO31: =Alternatives_Data!B31/Alternatives_Data!B41 | AP31: =Alternatives_Data!B31/Alternatives_Data!B42 | AQ31: =Alternatives_Data!B31/Alternatives_Data!B43
A32: Alif Adji | B32: =Alternatives_Data!B32/Alternatives_Data!B2 | C32: =Alternatives_Data!B32/Alternatives_Data!B3 | D32: =Alternatives_Data!B32/Alternatives_Data!B4 | E32: =Alternatives_Data!B32/Alternatives_Data!B5 | F32: =Alternatives_Data!B32/Alternatives_Data!B6 | G32: =Alternatives_Data!B32/Alternatives_Data!B7 | H32: =Alternatives_Data!B32/Alternatives_Data!B8 | I32: =Alternatives_Data!B32/Alternatives_Data!B9 | J32: =Alternatives_Data!B32/Alternatives_Data!B10 | K32: =Alternatives_Data!B32/Alternatives_Data!B11 | L32: =Alternatives_Data!B32/Alternatives_Data!B12 | M32: =Alternatives_Data!B32/Alternatives_Data!B13 | N32: =Alternatives_Data!B32/Alternatives_Data!B14 | O32: =Alternatives_Data!B32/Alternatives_Data!B15 | P32: =Alternatives_Data!B32/Alternatives_Data!B16 | Q32: =Alternatives_Data!B32/Alternatives_Data!B17 | R32: =Alternatives_Data!B32/Alternatives_Data!B18 | S32: =Alternatives_Data!B32/Alternatives_Data!B19 | T32: =Alternatives_Data!B32/Alternatives_Data!B20 | U32: =Alternatives_Data!B32/Alternatives_Data!B21 | V32: =Alternatives_Data!B32/Alternatives_Data!B22 | W32: =Alternatives_Data!B32/Alternatives_Data!B23 | X32: =Alternatives_Data!B32/Alternatives_Data!B24 | Y32: =Alternatives_Data!B32/Alternatives_Data!B25 | Z32: =Alternatives_Data!B32/Alternatives_Data!B26 | AA32: =Alternatives_Data!B32/Alternatives_Data!B27 | AB32: =Alternatives_Data!B32/Alternatives_Data!B28 | AC32: =Alternatives_Data!B32/Alternatives_Data!B29 | AD32: =Alternatives_Data!B32/Alternatives_Data!B30 | AE32: =Alternatives_Data!B32/Alternatives_Data!B31 | AF32: =Alternatives_Data!B32/Alternatives_Data!B32 | AG32: =Alternatives_Data!B32/Alternatives_Data!B33 | AH32: =Alternatives_Data!B32/Alternatives_Data!B34 | AI32: =Alternatives_Data!B32/Alternatives_Data!B35 | AJ32: =Alternatives_Data!B32/Alternatives_Data!B36 | AK32: =Alternatives_Data!B32/Alternatives_Data!B37 | AL32: =Alternatives_Data!B32/Alternatives_Data!B38 | AM32: =Alternatives_Data!B32/Alternatives_Data!B39 | AN32: =Alternatives_Data!B32/Alternatives_Data!B40 | AO32: =Alternatives_Data!B32/Alternatives_Data!B41 | AP32: =Alternatives_Data!B32/Alternatives_Data!B42 | AQ32: =Alternatives_Data!B32/Alternatives_Data!B43
A33: Danu | B33: =Alternatives_Data!B33/Alternatives_Data!B2 | C33: =Alternatives_Data!B33/Alternatives_Data!B3 | D33: =Alternatives_Data!B33/Alternatives_Data!B4 | E33: =Alternatives_Data!B33/Alternatives_Data!B5 | F33: =Alternatives_Data!B33/Alternatives_Data!B6 | G33: =Alternatives_Data!B33/Alternatives_Data!B7 | H33: =Alternatives_Data!B33/Alternatives_Data!B8 | I33: =Alternatives_Data!B33/Alternatives_Data!B9 | J33: =Alternatives_Data!B33/Alternatives_Data!B10 | K33: =Alternatives_Data!B33/Alternatives_Data!B11 | L33: =Alternatives_Data!B33/Alternatives_Data!B12 | M33: =Alternatives_Data!B33/Alternatives_Data!B13 | N33: =Alternatives_Data!B33/Alternatives_Data!B14 | O33: =Alternatives_Data!B33/Alternatives_Data!B15 | P33: =Alternatives_Data!B33/Alternatives_Data!B16 | Q33: =Alternatives_Data!B33/Alternatives_Data!B17 | R33: =Alternatives_Data!B33/Alternatives_Data!B18 | S33: =Alternatives_Data!B33/Alternatives_Data!B19 | T33: =Alternatives_Data!B33/Alternatives_Data!B20 | U33: =Alternatives_Data!B33/Alternatives_Data!B21 | V33: =Alternatives_Data!B33/Alternatives_Data!B22 | W33: =Alternatives_Data!B33/Alternatives_Data!B23 | X33: =Alternatives_Data!B33/Alternatives_Data!B24 | Y33: =Alternatives_Data!B33/Alternatives_Data!B25 | Z33: =Alternatives_Data!B33/Alternatives_Data!B26 | AA33: =Alternatives_Data!B33/Alternatives_Data!B27 | AB33: =Alternatives_Data!B33/Alternatives_Data!B28 | AC33: =Alternatives_Data!B33/Alternatives_Data!B29 | AD33: =Alternatives_Data!B33/Alternatives_Data!B30 | AE33: =Alternatives_Data!B33/Alternatives_Data!B31 | AF33: =Alternatives_Data!B33/Alternatives_Data!B32 | AG33: =Alternatives_Data!B33/Alternatives_Data!B33 | AH33: =Alternatives_Data!B33/Alternatives_Data!B34 | AI33: =Alternatives_Data!B33/Alternatives_Data!B35 | AJ33: =Alternatives_Data!B33/Alternatives_Data!B36 | AK33: =Alternatives_Data!B33/Alternatives_Data!B37 | AL33: =Alternatives_Data!B33/Alternatives_Data!B38 | AM33: =Alternatives_Data!B33/Alternatives_Data!B39 | AN33: =Alternatives_Data!B33/Alternatives_Data!B40 | AO33: =Alternatives_Data!B33/Alternatives_Data!B41 | AP33: =Alternatives_Data!B33/Alternatives_Data!B42 | AQ33: =Alternatives_Data!B33/Alternatives_Data!B43
A34: Qori Halim | B34: =Alternatives_Data!B34/Alternatives_Data!B2 | C34: =Alternatives_Data!B34/Alternatives_Data!B3 | D34: =Alternatives_Data!B34/Alternatives_Data!B4 | E34: =Alternatives_Data!B34/Alternatives_Data!B5 | F34: =Alternatives_Data!B34/Alternatives_Data!B6 | G34: =Alternatives_Data!B34/Alternatives_Data!B7 | H34: =Alternatives_Data!B34/Alternatives_Data!B8 | I34: =Alternatives_Data!B34/Alternatives_Data!B9 | J34: =Alternatives_Data!B34/Alternatives_Data!B10 | K34: =Alternatives_Data!B34/Alternatives_Data!B11 | L34: =Alternatives_Data!B34/Alternatives_Data!B12 | M34: =Alternatives_Data!B34/Alternatives_Data!B13 | N34: =Alternatives_Data!B34/Alternatives_Data!B14 | O34: =Alternatives_Data!B34/Alternatives_Data!B15 | P34: =Alternatives_Data!B34/Alternatives_Data!B16 | Q34: =Alternatives_Data!B34/Alternatives_Data!B17 | R34: =Alternatives_Data!B34/Alternatives_Data!B18 | S34: =Alternatives_Data!B34/Alternatives_Data!B19 | T34: =Alternatives_Data!B34/Alternatives_Data!B20 | U34: =Alternatives_Data!B34/Alternatives_Data!B21 | V34: =Alternatives_Data!B34/Alternatives_Data!B22 | W34: =Alternatives_Data!B34/Alternatives_Data!B23 | X34: =Alternatives_Data!B34/Alternatives_Data!B24 | Y34: =Alternatives_Data!B34/Alternatives_Data!B25 | Z34: =Alternatives_Data!B34/Alternatives_Data!B26 | AA34: =Alternatives_Data!B34/Alternatives_Data!B27 | AB34: =Alternatives_Data!B34/Alternatives_Data!B28 | AC34: =Alternatives_Data!B34/Alternatives_Data!B29 | AD34: =Alternatives_Data!B34/Alternatives_Data!B30 | AE34: =Alternatives_Data!B34/Alternatives_Data!B31 | AF34: =Alternatives_Data!B34/Alternatives_Data!B32 | AG34: =Alternatives_Data!B34/Alternatives_Data!B33 | AH34: =Alternatives_Data!B34/Alternatives_Data!B34 | AI34: =Alternatives_Data!B34/Alternatives_Data!B35 | AJ34: =Alternatives_Data!B34/Alternatives_Data!B36 | AK34: =Alternatives_Data!B34/Alternatives_Data!B37 | AL34: =Alternatives_Data!B34/Alternatives_Data!B38 | AM34: =Alternatives_Data!B34/Alternatives_Data!B39 | AN34: =Alternatives_Data!B34/Alternatives_Data!B40 | AO34: =Alternatives_Data!B34/Alternatives_Data!B41 | AP34: =Alternatives_Data!B34/Alternatives_Data!B42 | AQ34: =Alternatives_Data!B34/Alternatives_Data!B43
A35: Dani Wijaya | B35: =Alternatives_Data!B35/Alternatives_Data!B2 | C35: =Alternatives_Data!B35/Alternatives_Data!B3 | D35: =Alternatives_Data!B35/Alternatives_Data!B4 | E35: =Alternatives_Data!B35/Alternatives_Data!B5 | F35: =Alternatives_Data!B35/Alternatives_Data!B6 | G35: =Alternatives_Data!B35/Alternatives_Data!B7 | H35: =Alternatives_Data!B35/Alternatives_Data!B8 | I35: =Alternatives_Data!B35/Alternatives_Data!B9 | J35: =Alternatives_Data!B35/Alternatives_Data!B10 | K35: =Alternatives_Data!B35/Alternatives_Data!B11 | L35: =Alternatives_Data!B35/Alternatives_Data!B12 | M35: =Alternatives_Data!B35/Alternatives_Data!B13 | N35: =Alternatives_Data!B35/Alternatives_Data!B14 | O35: =Alternatives_Data!B35/Alternatives_Data!B15 | P35: =Alternatives_Data!B35/Alternatives_Data!B16 | Q35: =Alternatives_Data!B35/Alternatives_Data!B17 | R35: =Alternatives_Data!B35/Alternatives_Data!B18 | S35: =Alternatives_Data!B35/Alternatives_Data!B19 | T35: =Alternatives_Data!B35/Alternatives_Data!B20 | U35: =Alternatives_Data!B35/Alternatives_Data!B21 | V35: =Alternatives_Data!B35/Alternatives_Data!B22 | W35: =Alternatives_Data!B35/Alternatives_Data!B23 | X35: =Alternatives_Data!B35/Alternatives_Data!B24 | Y35: =Alternatives_Data!B35/Alternatives_Data!B25 | Z35: =Alternatives_Data!B35/Alternatives_Data!B26 | AA35: =Alternatives_Data!B35/Alternatives_Data!B27 | AB35: =Alternatives_Data!B35/Alternatives_Data!B28 | AC35: =Alternatives_Data!B35/Alternatives_Data!B29 | AD35: =Alternatives_Data!B35/Alternatives_Data!B30 | AE35: =Alternatives_Data!B35/Alternatives_Data!B31 | AF35: =Alternatives_Data!B35/Alternatives_Data!B32 | AG35: =Alternatives_Data!B35/Alternatives_Data!B33 | AH35: =Alternatives_Data!B35/Alternatives_Data!B34 | AI35: =Alternatives_Data!B35/Alternatives_Data!B35 | AJ35: =Alternatives_Data!B35/Alternatives_Data!B36 | AK35: =Alternatives_Data!B35/Alternatives_Data!B37 | AL35: =Alternatives_Data!B35/Alternatives_Data!B38 | AM35: =Alternatives_Data!B35/Alternatives_Data!B39 | AN35: =Alternatives_Data!B35/Alternatives_Data!B40 | AO35: =Alternatives_Data!B35/Alternatives_Data!B41 | AP35: =Alternatives_Data!B35/Alternatives_Data!B42 | AQ35: =Alternatives_Data!B35/Alternatives_Data!B43
A36: Kiki Suryanto | B36: =Alternatives_Data!B36/Alternatives_Data!B2 | C36: =Alternatives_Data!B36/Alternatives_Data!B3 | D36: =Alternatives_Data!B36/Alternatives_Data!B4 | E36: =Alternatives_Data!B36/Alternatives_Data!B5 | F36: =Alternatives_Data!B36/Alternatives_Data!B6 | G36: =Alternatives_Data!B36/Alternatives_Data!B7 | H36: =Alternatives_Data!B36/Alternatives_Data!B8 | I36: =Alternatives_Data!B36/Alternatives_Data!B9 | J36: =Alternatives_Data!B36/Alternatives_Data!B10 | K36: =Alternatives_Data!B36/Alternatives_Data!B11 | L36: =Alternatives_Data!B36/Alternatives_Data!B12 | M36: =Alternatives_Data!B36/Alternatives_Data!B13 | N36: =Alternatives_Data!B36/Alternatives_Data!B14 | O36: =Alternatives_Data!B36/Alternatives_Data!B15 | P36: =Alternatives_Data!B36/Alternatives_Data!B16 | Q36: =Alternatives_Data!B36/Alternatives_Data!B17 | R36: =Alternatives_Data!B36/Alternatives_Data!B18 | S36: =Alternatives_Data!B36/Alternatives_Data!B19 | T36: =Alternatives_Data!B36/Alternatives_Data!B20 | U36: =Alternatives_Data!B36/Alternatives_Data!B21 | V36: =Alternatives_Data!B36/Alternatives_Data!B22 | W36: =Alternatives_Data!B36/Alternatives_Data!B23 | X36: =Alternatives_Data!B36/Alternatives_Data!B24 | Y36: =Alternatives_Data!B36/Alternatives_Data!B25 | Z36: =Alternatives_Data!B36/Alternatives_Data!B26 | AA36: =Alternatives_Data!B36/Alternatives_Data!B27 | AB36: =Alternatives_Data!B36/Alternatives_Data!B28 | AC36: =Alternatives_Data!B36/Alternatives_Data!B29 | AD36: =Alternatives_Data!B36/Alternatives_Data!B30 | AE36: =Alternatives_Data!B36/Alternatives_Data!B31 | AF36: =Alternatives_Data!B36/Alternatives_Data!B32 | AG36: =Alternatives_Data!B36/Alternatives_Data!B33 | AH36: =Alternatives_Data!B36/Alternatives_Data!B34 | AI36: =Alternatives_Data!B36/Alternatives_Data!B35 | AJ36: =Alternatives_Data!B36/Alternatives_Data!B36 | AK36: =Alternatives_Data!B36/Alternatives_Data!B37 | AL36: =Alternatives_Data!B36/Alternatives_Data!B38 | AM36: =Alternatives_Data!B36/Alternatives_Data!B39 | AN36: =Alternatives_Data!B36/Alternatives_Data!B40 | AO36: =Alternatives_Data!B36/Alternatives_Data!B41 | AP36: =Alternatives_Data!B36/Alternatives_Data!B42 | AQ36: =Alternatives_Data!B36/Alternatives_Data!B43
A37: Nisa Putri | B37: =Alternatives_Data!B37/Alternatives_Data!B2 | C37: =Alternatives_Data!B37/Alternatives_Data!B3 | D37: =Alternatives_Data!B37/Alternatives_Data!B4 | E37: =Alternatives_Data!B37/Alternatives_Data!B5 | F37: =Alternatives_Data!B37/Alternatives_Data!B6 | G37: =Alternatives_Data!B37/Alternatives_Data!B7 | H37: =Alternatives_Data!B37/Alternatives_Data!B8 | I37: =Alternatives_Data!B37/Alternatives_Data!B9 | J37: =Alternatives_Data!B37/Alternatives_Data!B10 | K37: =Alternatives_Data!B37/Alternatives_Data!B11 | L37: =Alternatives_Data!B37/Alternatives_Data!B12 | M37: =Alternatives_Data!B37/Alternatives_Data!B13 | N37: =Alternatives_Data!B37/Alternatives_Data!B14 | O37: =Alternatives_Data!B37/Alternatives_Data!B15 | P37: =Alternatives_Data!B37/Alternatives_Data!B16 | Q37: =Alternatives_Data!B37/Alternatives_Data!B17 | R37: =Alternatives_Data!B37/Alternatives_Data!B18 | S37: =Alternatives_Data!B37/Alternatives_Data!B19 | T37: =Alternatives_Data!B37/Alternatives_Data!B20 | U37: =Alternatives_Data!B37/Alternatives_Data!B21 | V37: =Alternatives_Data!B37/Alternatives_Data!B22 | W37: =Alternatives_Data!B37/Alternatives_Data!B23 | X37: =Alternatives_Data!B37/Alternatives_Data!B24 | Y37: =Alternatives_Data!B37/Alternatives_Data!B25 | Z37: =Alternatives_Data!B37/Alternatives_Data!B26 | AA37: =Alternatives_Data!B37/Alternatives_Data!B27 | AB37: =Alternatives_Data!B37/Alternatives_Data!B28 | AC37: =Alternatives_Data!B37/Alternatives_Data!B29 | AD37: =Alternatives_Data!B37/Alternatives_Data!B30 | AE37: =Alternatives_Data!B37/Alternatives_Data!B31 | AF37: =Alternatives_Data!B37/Alternatives_Data!B32 | AG37: =Alternatives_Data!B37/Alternatives_Data!B33 | AH37: =Alternatives_Data!B37/Alternatives_Data!B34 | AI37: =Alternatives_Data!B37/Alternatives_Data!B35 | AJ37: =Alternatives_Data!B37/Alternatives_Data!B36 | AK37: =Alternatives_Data!B37/Alternatives_Data!B37 | AL37: =Alternatives_Data!B37/Alternatives_Data!B38 | AM37: =Alternatives_Data!B37/Alternatives_Data!B39 | AN37: =Alternatives_Data!B37/Alternatives_Data!B40 | AO37: =Alternatives_Data!B37/Alternatives_Data!B41 | AP37: =Alternatives_Data!B37/Alternatives_Data!B42 | AQ37: =Alternatives_Data!B37/Alternatives_Data!B43
A38: Amanda Rahma | B38: =Alternatives_Data!B38/Alternatives_Data!B2 | C38: =Alternatives_Data!B38/Alternatives_Data!B3 | D38: =Alternatives_Data!B38/Alternatives_Data!B4 | E38: =Alternatives_Data!B38/Alternatives_Data!B5 | F38: =Alternatives_Data!B38/Alternatives_Data!B6 | G38: =Alternatives_Data!B38/Alternatives_Data!B7 | H38: =Alternatives_Data!B38/Alternatives_Data!B8 | I38: =Alternatives_Data!B38/Alternatives_Data!B9 | J38: =Alternatives_Data!B38/Alternatives_Data!B10 | K38: =Alternatives_Data!B38/Alternatives_Data!B11 | L38: =Alternatives_Data!B38/Alternatives_Data!B12 | M38: =Alternatives_Data!B38/Alternatives_Data!B13 | N38: =Alternatives_Data!B38/Alternatives_Data!B14 | O38: =Alternatives_Data!B38/Alternatives_Data!B15 | P38: =Alternatives_Data!B38/Alternatives_Data!B16 | Q38: =Alternatives_Data!B38/Alternatives_Data!B17 | R38: =Alternatives_Data!B38/Alternatives_Data!B18 | S38: =Alternatives_Data!B38/Alternatives_Data!B19 | T38: =Alternatives_Data!B38/Alternatives_Data!B20 | U38: =Alternatives_Data!B38/Alternatives_Data!B21 | V38: =Alternatives_Data!B38/Alternatives_Data!B22 | W38: =Alternatives_Data!B38/Alternatives_Data!B23 | X38: =Alternatives_Data!B38/Alternatives_Data!B24 | Y38: =Alternatives_Data!B38/Alternatives_Data!B25 | Z38: =Alternatives_Data!B38/Alternatives_Data!B26 | AA38: =Alternatives_Data!B38/Alternatives_Data!B27 | AB38: =Alternatives_Data!B38/Alternatives_Data!B28 | AC38: =Alternatives_Data!B38/Alternatives_Data!B29 | AD38: =Alternatives_Data!B38/Alternatives_Data!B30 | AE38: =Alternatives_Data!B38/Alternatives_Data!B31 | AF38: =Alternatives_Data!B38/Alternatives_Data!B32 | AG38: =Alternatives_Data!B38/Alternatives_Data!B33 | AH38: =Alternatives_Data!B38/Alternatives_Data!B34 | AI38: =Alternatives_Data!B38/Alternatives_Data!B35 | AJ38: =Alternatives_Data!B38/Alternatives_Data!B36 | AK38: =Alternatives_Data!B38/Alternatives_Data!B37 | AL38: =Alternatives_Data!B38/Alternatives_Data!B38 | AM38: =Alternatives_Data!B38/Alternatives_Data!B39 | AN38: =Alternatives_Data!B38/Alternatives_Data!B40 | AO38: =Alternatives_Data!B38/Alternatives_Data!B41 | AP38: =Alternatives_Data!B38/Alternatives_Data!B42 | AQ38: =Alternatives_Data!B38/Alternatives_Data!B43
A39: Tono Pratama | B39: =Alternatives_Data!B39/Alternatives_Data!B2 | C39: =Alternatives_Data!B39/Alternatives_Data!B3 | D39: =Alternatives_Data!B39/Alternatives_Data!B4 | E39: =Alternatives_Data!B39/Alternatives_Data!B5 | F39: =Alternatives_Data!B39/Alternatives_Data!B6 | G39: =Alternatives_Data!B39/Alternatives_Data!B7 | H39: =Alternatives_Data!B39/Alternatives_Data!B8 | I39: =Alternatives_Data!B39/Alternatives_Data!B9 | J39: =Alternatives_Data!B39/Alternatives_Data!B10 | K39: =Alternatives_Data!B39/Alternatives_Data!B11 | L39: =Alternatives_Data!B39/Alternatives_Data!B12 | M39: =Alternatives_Data!B39/Alternatives_Data!B13 | N39: =Alternatives_Data!B39/Alternatives_Data!B14 | O39: =Alternatives_Data!B39/Alternatives_Data!B15 | P39: =Alternatives_Data!B39/Alternatives_Data!B16 | Q39: =Alternatives_Data!B39/Alternatives_Data!B17 | R39: =Alternatives_Data!B39/Alternatives_Data!B18 | S39: =Alternatives_Data!B39/Alternatives_Data!B19 | T39: =Alternatives_Data!B39/Alternatives_Data!B20 | U39: =Alternatives_Data!B39/Alternatives_Data!B21 | V39: =Alternatives_Data!B39/Alternatives_Data!B22 | W39: =Alternatives_Data!B39/Alternatives_Data!B23 | X39: =Alternatives_Data!B39/Alternatives_Data!B24 | Y39: =Alternatives_Data!B39/Alternatives_Data!B25 | Z39: =Alternatives_Data!B39/Alternatives_Data!B26 | AA39: =Alternatives_Data!B39/Alternatives_Data!B27 | AB39: =Alternatives_Data!B39/Alternatives_Data!B28 | AC39: =Alternatives_Data!B39/Alternatives_Data!B29 | AD39: =Alternatives_Data!B39/Alternatives_Data!B30 | AE39: =Alternatives_Data!B39/Alternatives_Data!B31 | AF39: =Alternatives_Data!B39/Alternatives_Data!B32 | AG39: =Alternatives_Data!B39/Alternatives_Data!B33 | AH39: =Alternatives_Data!B39/Alternatives_Data!B34 | AI39: =Alternatives_Data!B39/Alternatives_Data!B35 | AJ39: =Alternatives_Data!B39/Alternatives_Data!B36 | AK39: =Alternatives_Data!B39/Alternatives_Data!B37 | AL39: =Alternatives_Data!B39/Alternatives_Data!B38 | AM39: =Alternatives_Data!B39/Alternatives_Data!B39 | AN39: =Alternatives_Data!B39/Alternatives_Data!B40 | AO39: =Alternatives_Data!B39/Alternatives_Data!B41 | AP39: =Alternatives_Data!B39/Alternatives_Data!B42 | AQ39: =Alternatives_Data!B39/Alternatives_Data!B43
A40: Kiki Putri | B40: =Alternatives_Data!B40/Alternatives_Data!B2 | C40: =Alternatives_Data!B40/Alternatives_Data!B3 | D40: =Alternatives_Data!B40/Alternatives_Data!B4 | E40: =Alternatives_Data!B40/Alternatives_Data!B5 | F40: =Alternatives_Data!B40/Alternatives_Data!B6 | G40: =Alternatives_Data!B40/Alternatives_Data!B7 | H40: =Alternatives_Data!B40/Alternatives_Data!B8 | I40: =Alternatives_Data!B40/Alternatives_Data!B9 | J40: =Alternatives_Data!B40/Alternatives_Data!B10 | K40: =Alternatives_Data!B40/Alternatives_Data!B11 | L40: =Alternatives_Data!B40/Alternatives_Data!B12 | M40: =Alternatives_Data!B40/Alternatives_Data!B13 | N40: =Alternatives_Data!B40/Alternatives_Data!B14 | O40: =Alternatives_Data!B40/Alternatives_Data!B15 | P40: =Alternatives_Data!B40/Alternatives_Data!B16 | Q40: =Alternatives_Data!B40/Alternatives_Data!B17 | R40: =Alternatives_Data!B40/Alternatives_Data!B18 | S40: =Alternatives_Data!B40/Alternatives_Data!B19 | T40: =Alternatives_Data!B40/Alternatives_Data!B20 | U40: =Alternatives_Data!B40/Alternatives_Data!B21 | V40: =Alternatives_Data!B40/Alternatives_Data!B22 | W40: =Alternatives_Data!B40/Alternatives_Data!B23 | X40: =Alternatives_Data!B40/Alternatives_Data!B24 | Y40: =Alternatives_Data!B40/Alternatives_Data!B25 | Z40: =Alternatives_Data!B40/Alternatives_Data!B26 | AA40: =Alternatives_Data!B40/Alternatives_Data!B27 | AB40: =Alternatives_Data!B40/Alternatives_Data!B28 | AC40: =Alternatives_Data!B40/Alternatives_Data!B29 | AD40: =Alternatives_Data!B40/Alternatives_Data!B30 | AE40: =Alternatives_Data!B40/Alternatives_Data!B31 | AF40: =Alternatives_Data!B40/Alternatives_Data!B32 | AG40: =Alternatives_Data!B40/Alternatives_Data!B33 | AH40: =Alternatives_Data!B40/Alternatives_Data!B34 | AI40: =Alternatives_Data!B40/Alternatives_Data!B35 | AJ40: =Alternatives_Data!B40/Alternatives_Data!B36 | AK40: =Alternatives_Data!B40/Alternatives_Data!B37 | AL40: =Alternatives_Data!B40/Alternatives_Data!B38 | AM40: =Alternatives_Data!B40/Alternatives_Data!B39 | AN40: =Alternatives_Data!B40/Alternatives_Data!B40 | AO40: =Alternatives_Data!B40/Alternatives_Data!B41 | AP40: =Alternatives_Data!B40/Alternatives_Data!B42 | AQ40: =Alternatives_Data!B40/Alternatives_Data!B43
A41: Bayu Irawan | B41: =Alternatives_Data!B41/Alternatives_Data!B2 | C41: =Alternatives_Data!B41/Alternatives_Data!B3 | D41: =Alternatives_Data!B41/Alternatives_Data!B4 | E41: =Alternatives_Data!B41/Alternatives_Data!B5 | F41: =Alternatives_Data!B41/Alternatives_Data!B6 | G41: =Alternatives_Data!B41/Alternatives_Data!B7 | H41: =Alternatives_Data!B41/Alternatives_Data!B8 | I41: =Alternatives_Data!B41/Alternatives_Data!B9 | J41: =Alternatives_Data!B41/Alternatives_Data!B10 | K41: =Alternatives_Data!B41/Alternatives_Data!B11 | L41: =Alternatives_Data!B41/Alternatives_Data!B12 | M41: =Alternatives_Data!B41/Alternatives_Data!B13 | N41: =Alternatives_Data!B41/Alternatives_Data!B14 | O41: =Alternatives_Data!B41/Alternatives_Data!B15 | P41: =Alternatives_Data!B41/Alternatives_Data!B16 | Q41: =Alternatives_Data!B41/Alternatives_Data!B17 | R41: =Alternatives_Data!B41/Alternatives_Data!B18 | S41: =Alternatives_Data!B41/Alternatives_Data!B19 | T41: =Alternatives_Data!B41/Alternatives_Data!B20 | U41: =Alternatives_Data!B41/Alternatives_Data!B21 | V41: =Alternatives_Data!B41/Alternatives_Data!B22 | W41: =Alternatives_Data!B41/Alternatives_Data!B23 | X41: =Alternatives_Data!B41/Alternatives_Data!B24 | Y41: =Alternatives_Data!B41/Alternatives_Data!B25 | Z41: =Alternatives_Data!B41/Alternatives_Data!B26 | AA41: =Alternatives_Data!B41/Alternatives_Data!B27 | AB41: =Alternatives_Data!B41/Alternatives_Data!B28 | AC41: =Alternatives_Data!B41/Alternatives_Data!B29 | AD41: =Alternatives_Data!B41/Alternatives_Data!B30 | AE41: =Alternatives_Data!B41/Alternatives_Data!B31 | AF41: =Alternatives_Data!B41/Alternatives_Data!B32 | AG41: =Alternatives_Data!B41/Alternatives_Data!B33 | AH41: =Alternatives_Data!B41/Alternatives_Data!B34 | AI41: =Alternatives_Data!B41/Alternatives_Data!B35 | AJ41: =Alternatives_Data!B41/Alternatives_Data!B36 | AK41: =Alternatives_Data!B41/Alternatives_Data!B37 | AL41: =Alternatives_Data!B41/Alternatives_Data!B38 | AM41: =Alternatives_Data!B41/Alternatives_Data!B39 | AN41: =Alternatives_Data!B41/Alternatives_Data!B40 | AO41: =Alternatives_Data!B41/Alternatives_Data!B41 | AP41: =Alternatives_Data!B41/Alternatives_Data!B42 | AQ41: =Alternatives_Data!B41/Alternatives_Data!B43
A42: Qori Putri | B42: =Alternatives_Data!B42/Alternatives_Data!B2 | C42: =Alternatives_Data!B42/Alternatives_Data!B3 | D42: =Alternatives_Data!B42/Alternatives_Data!B4 | E42: =Alternatives_Data!B42/Alternatives_Data!B5 | F42: =Alternatives_Data!B42/Alternatives_Data!B6 | G42: =Alternatives_Data!B42/Alternatives_Data!B7 | H42: =Alternatives_Data!B42/Alternatives_Data!B8 | I42: =Alternatives_Data!B42/Alternatives_Data!B9 | J42: =Alternatives_Data!B42/Alternatives_Data!B10 | K42: =Alternatives_Data!B42/Alternatives_Data!B11 | L42: =Alternatives_Data!B42/Alternatives_Data!B12 | M42: =Alternatives_Data!B42/Alternatives_Data!B13 | N42: =Alternatives_Data!B42/Alternatives_Data!B14 | O42: =Alternatives_Data!B42/Alternatives_Data!B15 | P42: =Alternatives_Data!B42/Alternatives_Data!B16 | Q42: =Alternatives_Data!B42/Alternatives_Data!B17 | R42: =Alternatives_Data!B42/Alternatives_Data!B18 | S42: =Alternatives_Data!B42/Alternatives_Data!B19 | T42: =Alternatives_Data!B42/Alternatives_Data!B20 | U42: =Alternatives_Data!B42/Alternatives_Data!B21 | V42: =Alternatives_Data!B42/Alternatives_Data!B22 | W42: =Alternatives_Data!B42/Alternatives_Data!B23 | X42: =Alternatives_Data!B42/Alternatives_Data!B24 | Y42: =Alternatives_Data!B42/Alternatives_Data!B25 | Z42: =Alternatives_Data!B42/Alternatives_Data!B26 | AA42: =Alternatives_Data!B42/Alternatives_Data!B27 | AB42: =Alternatives_Data!B42/Alternatives_Data!B28 | AC42: =Alternatives_Data!B42/Alternatives_Data!B29 | AD42: =Alternatives_Data!B42/Alternatives_Data!B30 | AE42: =Alternatives_Data!B42/Alternatives_Data!B31 | AF42: =Alternatives_Data!B42/Alternatives_Data!B32 | AG42: =Alternatives_Data!B42/Alternatives_Data!B33 | AH42: =Alternatives_Data!B42/Alternatives_Data!B34 | AI42: =Alternatives_Data!B42/Alternatives_Data!B35 | AJ42: =Alternatives_Data!B42/Alternatives_Data!B36 | AK42: =Alternatives_Data!B42/Alternatives_Data!B37 | AL42: =Alternatives_Data!B42/Alternatives_Data!B38 | AM42: =Alternatives_Data!B42/Alternatives_Data!B39 | AN42: =Alternatives_Data!B42/Alternatives_Data!B40 | AO42: =Alternatives_Data!B42/Alternatives_Data!B41 | AP42: =Alternatives_Data!B42/Alternatives_Data!B42 | AQ42: =Alternatives_Data!B42/Alternatives_Data!B43
A43: Gita Irawan | B43: =Alternatives_Data!B43/Alternatives_Data!B2 | C43: =Alternatives_Data!B43/Alternatives_Data!B3 | D43: =Alternatives_Data!B43/Alternatives_Data!B4 | E43: =Alternatives_Data!B43/Alternatives_Data!B5 | F43: =Alternatives_Data!B43/Alternatives_Data!B6 | G43: =Alternatives_Data!B43/Alternatives_Data!B7 | H43: =Alternatives_Data!B43/Alternatives_Data!B8 | I43: =Alternatives_Data!B43/Alternatives_Data!B9 | J43: =Alternatives_Data!B43/Alternatives_Data!B10 | K43: =Alternatives_Data!B43/Alternatives_Data!B11 | L43: =Alternatives_Data!B43/Alternatives_Data!B12 | M43: =Alternatives_Data!B43/Alternatives_Data!B13 | N43: =Alternatives_Data!B43/Alternatives_Data!B14 | O43: =Alternatives_Data!B43/Alternatives_Data!B15 | P43: =Alternatives_Data!B43/Alternatives_Data!B16 | Q43: =Alternatives_Data!B43/Alternatives_Data!B17 | R43: =Alternatives_Data!B43/Alternatives_Data!B18 | S43: =Alternatives_Data!B43/Alternatives_Data!B19 | T43: =Alternatives_Data!B43/Alternatives_Data!B20 | U43: =Alternatives_Data!B43/Alternatives_Data!B21 | V43: =Alternatives_Data!B43/Alternatives_Data!B22 | W43: =Alternatives_Data!B43/Alternatives_Data!B23 | X43: =Alternatives_Data!B43/Alternatives_Data!B24 | Y43: =Alternatives_Data!B43/Alternatives_Data!B25 | Z43: =Alternatives_Data!B43/Alternatives_Data!B26 | AA43: =Alternatives_Data!B43/Alternatives_Data!B27 | AB43: =Alternatives_Data!B43/Alternatives_Data!B28 | AC43: =Alternatives_Data!B43/Alternatives_Data!B29 | AD43: =Alternatives_Data!B43/Alternatives_Data!B30 | AE43: =Alternatives_Data!B43/Alternatives_Data!B31 | AF43: =Alternatives_Data!B43/Alternatives_Data!B32 | AG43: =Alternatives_Data!B43/Alternatives_Data!B33 | AH43: =Alternatives_Data!B43/Alternatives_Data!B34 | AI43: =Alternatives_Data!B43/Alternatives_Data!B35 | AJ43: =Alternatives_Data!B43/Alternatives_Data!B36 | AK43: =Alternatives_Data!B43/Alternatives_Data!B37 | AL43: =Alternatives_Data!B43/Alternatives_Data!B38 | AM43: =Alternatives_Data!B43/Alternatives_Data!B39 | AN43: =Alternatives_Data!B43/Alternatives_Data!B40 | AO43: =Alternatives_Data!B43/Alternatives_Data!B41 | AP43: =Alternatives_Data!B43/Alternatives_Data!B42 | AQ43: =Alternatives_Data!B43/Alternatives_Data!B43
A44: Column Sum | B44: =SUM(B2:B43) | C44: =SUM(C2:C43) | D44: =SUM(D2:D43) | E44: =SUM(E2:E43) | F44: =SUM(F2:F43) | G44: =SUM(G2:G43) | H44: =SUM(H2:H43) | I44: =SUM(I2:I43) | ... AQ44: =SUM(AQ2:AQ43)

Sheet Alt_Normalized_Usia
B1: Andi | C1: Budi | D1: Citra | E1: Dewi | F1: Eko | G1: Fajar | H1: Gita | I1: Hendra | J1: Intan | K1: Joko | L1: Kiki | M1: Lina | N1: Made | O1: Nisa | P1: Oka | Q1: Putra | R1: Qori | S1: Rian | T1: Sinta | U1: Tono | V1: Uli | W1: Vina | X1: Wahyu | Y1: Xena | Z1: Yoga | AA1: Zaki | AB1: Amanda | AC1: Bayu | AD1: Clara | AE1: Dani | AF1: Alif Adji | AG1: Danu | AH1: Qori Halim | AI1: Dani Wijaya | AJ1: Kiki Suryanto | AK1: Nisa Putri | AL1: Amanda Rahma | AM1: Tono Pratama | AN1: Kiki Putri | AO1: Bayu Irawan | AP1: Qori Putri | AQ1: Gita Irawan | AS1: Local Priority
A2: Andi | B2: =Alt_Pairwise_Usia!B2/Alt_Pairwise_Usia!B44 | C2: =Alt_Pairwise_Usia!C2/Alt_Pairwise_Usia!C44 | D2: =Alt_Pairwise_Usia!D2/Alt_Pairwise_Usia!D44 | E2: =Alt_Pairwise_Usia!E2/Alt_Pairwise_Usia!E44 | F2: =Alt_Pairwise_Usia!F2/Alt_Pairwise_Usia!F44 | G2: =Alt_Pairwise_Usia!G2/Alt_Pairwise_Usia!G44 | H2: =Alt_Pairwise_Usia!H2/Alt_Pairwise_Usia!H44 | I2: =Alt_Pairwise_Usia!I2/Alt_Pairwise_Usia!I44 | ... AQ2: =Alt_Pairwise_Usia!AQ2/Alt_Pairwise_Usia!AQ44 | AS2: =AVERAGE(B2:AQ2)
A3: Budi | B3: =Alt_Pairwise_Usia!B3/Alt_Pairwise_Usia!B44 | C3: =Alt_Pairwise_Usia!C3/Alt_Pairwise_Usia!C44 | D3: =Alt_Pairwise_Usia!D3/Alt_Pairwise_Usia!D44 | E3: =Alt_Pairwise_Usia!E3/Alt_Pairwise_Usia!E44 | F3: =Alt_Pairwise_Usia!F3/Alt_Pairwise_Usia!F44 | G3: =Alt_Pairwise_Usia!G3/Alt_Pairwise_Usia!G44 | H3: =Alt_Pairwise_Usia!H3/Alt_Pairwise_Usia!H44 | I3: =Alt_Pairwise_Usia!I3/Alt_Pairwise_Usia!I44 | ... AQ3: =Alt_Pairwise_Usia!AQ3/Alt_Pairwise_Usia!AQ44 | AS3: =AVERAGE(B3:AQ3)
A4: Citra | B4: =Alt_Pairwise_Usia!B4/Alt_Pairwise_Usia!B44 | C4: =Alt_Pairwise_Usia!C4/Alt_Pairwise_Usia!C44 | D4: =Alt_Pairwise_Usia!D4/Alt_Pairwise_Usia!D44 | E4: =Alt_Pairwise_Usia!E4/Alt_Pairwise_Usia!E44 | F4: =Alt_Pairwise_Usia!F4/Alt_Pairwise_Usia!F44 | G4: =Alt_Pairwise_Usia!G4/Alt_Pairwise_Usia!G44 | H4: =Alt_Pairwise_Usia!H4/Alt_Pairwise_Usia!H44 | I4: =Alt_Pairwise_Usia!I4/Alt_Pairwise_Usia!I44 | ... AQ4: =Alt_Pairwise_Usia!AQ4/Alt_Pairwise_Usia!AQ44 | AS4: =AVERAGE(B4:AQ4)
A5: Dewi | B5: =Alt_Pairwise_Usia!B5/Alt_Pairwise_Usia!B44 | C5: =Alt_Pairwise_Usia!C5/Alt_Pairwise_Usia!C44 | D5: =Alt_Pairwise_Usia!D5/Alt_Pairwise_Usia!D44 | E5: =Alt_Pairwise_Usia!E5/Alt_Pairwise_Usia!E44 | F5: =Alt_Pairwise_Usia!F5/Alt_Pairwise_Usia!F44 | G5: =Alt_Pairwise_Usia!G5/Alt_Pairwise_Usia!G44 | H5: =Alt_Pairwise_Usia!H5/Alt_Pairwise_Usia!H44 | I5: =Alt_Pairwise_Usia!I5/Alt_Pairwise_Usia!I44 | ... AQ5: =Alt_Pairwise_Usia!AQ5/Alt_Pairwise_Usia!AQ44 | AS5: =AVERAGE(B5:AQ5)
A6: Eko | B6: =Alt_Pairwise_Usia!B6/Alt_Pairwise_Usia!B44 | C6: =Alt_Pairwise_Usia!C6/Alt_Pairwise_Usia!C44 | D6: =Alt_Pairwise_Usia!D6/Alt_Pairwise_Usia!D44 | E6: =Alt_Pairwise_Usia!E6/Alt_Pairwise_Usia!E44 | F6: =Alt_Pairwise_Usia!F6/Alt_Pairwise_Usia!F44 | G6: =Alt_Pairwise_Usia!G6/Alt_Pairwise_Usia!G44 | H6: =Alt_Pairwise_Usia!H6/Alt_Pairwise_Usia!H44 | I6: =Alt_Pairwise_Usia!I6/Alt_Pairwise_Usia!I44 | ... AQ6: =Alt_Pairwise_Usia!AQ6/Alt_Pairwise_Usia!AQ44 | AS6: =AVERAGE(B6:AQ6)
A7: Fajar | B7: =Alt_Pairwise_Usia!B7/Alt_Pairwise_Usia!B44 | C7: =Alt_Pairwise_Usia!C7/Alt_Pairwise_Usia!C44 | D7: =Alt_Pairwise_Usia!D7/Alt_Pairwise_Usia!D44 | E7: =Alt_Pairwise_Usia!E7/Alt_Pairwise_Usia!E44 | F7: =Alt_Pairwise_Usia!F7/Alt_Pairwise_Usia!F44 | G7: =Alt_Pairwise_Usia!G7/Alt_Pairwise_Usia!G44 | H7: =Alt_Pairwise_Usia!H7/Alt_Pairwise_Usia!H44 | I7: =Alt_Pairwise_Usia!I7/Alt_Pairwise_Usia!I44 | ... AQ7: =Alt_Pairwise_Usia!AQ7/Alt_Pairwise_Usia!AQ44 | AS7: =AVERAGE(B7:AQ7)
A8: Gita | B8: =Alt_Pairwise_Usia!B8/Alt_Pairwise_Usia!B44 | C8: =Alt_Pairwise_Usia!C8/Alt_Pairwise_Usia!C44 | D8: =Alt_Pairwise_Usia!D8/Alt_Pairwise_Usia!D44 | E8: =Alt_Pairwise_Usia!E8/Alt_Pairwise_Usia!E44 | F8: =Alt_Pairwise_Usia!F8/Alt_Pairwise_Usia!F44 | G8: =Alt_Pairwise_Usia!G8/Alt_Pairwise_Usia!G44 | H8: =Alt_Pairwise_Usia!H8/Alt_Pairwise_Usia!H44 | I8: =Alt_Pairwise_Usia!I8/Alt_Pairwise_Usia!I44 | ... AQ8: =Alt_Pairwise_Usia!AQ8/Alt_Pairwise_Usia!AQ44 | AS8: =AVERAGE(B8:AQ8)
A9: Hendra | B9: =Alt_Pairwise_Usia!B9/Alt_Pairwise_Usia!B44 | C9: =Alt_Pairwise_Usia!C9/Alt_Pairwise_Usia!C44 | D9: =Alt_Pairwise_Usia!D9/Alt_Pairwise_Usia!D44 | E9: =Alt_Pairwise_Usia!E9/Alt_Pairwise_Usia!E44 | F9: =Alt_Pairwise_Usia!F9/Alt_Pairwise_Usia!F44 | G9: =Alt_Pairwise_Usia!G9/Alt_Pairwise_Usia!G44 | H9: =Alt_Pairwise_Usia!H9/Alt_Pairwise_Usia!H44 | I9: =Alt_Pairwise_Usia!I9/Alt_Pairwise_Usia!I44 | ... AQ9: =Alt_Pairwise_Usia!AQ9/Alt_Pairwise_Usia!AQ44 | AS9: =AVERAGE(B9:AQ9)
A10: Intan | B10: =Alt_Pairwise_Usia!B10/Alt_Pairwise_Usia!B44 | C10: =Alt_Pairwise_Usia!C10/Alt_Pairwise_Usia!C44 | D10: =Alt_Pairwise_Usia!D10/Alt_Pairwise_Usia!D44 | E10: =Alt_Pairwise_Usia!E10/Alt_Pairwise_Usia!E44 | F10: =Alt_Pairwise_Usia!F10/Alt_Pairwise_Usia!F44 | G10: =Alt_Pairwise_Usia!G10/Alt_Pairwise_Usia!G44 | H10: =Alt_Pairwise_Usia!H10/Alt_Pairwise_Usia!H44 | I10: =Alt_Pairwise_Usia!I10/Alt_Pairwise_Usia!I44 | ... AQ10: =Alt_Pairwise_Usia!AQ10/Alt_Pairwise_Usia!AQ44 | AS10: =AVERAGE(B10:AQ10)
A11: Joko | B11: =Alt_Pairwise_Usia!B11/Alt_Pairwise_Usia!B44 | C11: =Alt_Pairwise_Usia!C11/Alt_Pairwise_Usia!C44 | D11: =Alt_Pairwise_Usia!D11/Alt_Pairwise_Usia!D44 | E11: =Alt_Pairwise_Usia!E11/Alt_Pairwise_Usia!E44 | F11: =Alt_Pairwise_Usia!F11/Alt_Pairwise_Usia!F44 | G11: =Alt_Pairwise_Usia!G11/Alt_Pairwise_Usia!G44 | H11: =Alt_Pairwise_Usia!H11/Alt_Pairwise_Usia!H44 | I11: =Alt_Pairwise_Usia!I11/Alt_Pairwise_Usia!I44 | ... AQ11: =Alt_Pairwise_Usia!AQ11/Alt_Pairwise_Usia!AQ44 | AS11: =AVERAGE(B11:AQ11)
A12: Kiki | B12: =Alt_Pairwise_Usia!B12/Alt_Pairwise_Usia!B44 | C12: =Alt_Pairwise_Usia!C12/Alt_Pairwise_Usia!C44 | D12: =Alt_Pairwise_Usia!D12/Alt_Pairwise_Usia!D44 | E12: =Alt_Pairwise_Usia!E12/Alt_Pairwise_Usia!E44 | F12: =Alt_Pairwise_Usia!F12/Alt_Pairwise_Usia!F44 | G12: =Alt_Pairwise_Usia!G12/Alt_Pairwise_Usia!G44 | H12: =Alt_Pairwise_Usia!H12/Alt_Pairwise_Usia!H44 | I12: =Alt_Pairwise_Usia!I12/Alt_Pairwise_Usia!I44 | ... AQ12: =Alt_Pairwise_Usia!AQ12/Alt_Pairwise_Usia!AQ44 | AS12: =AVERAGE(B12:AQ12)
A13: Lina | B13: =Alt_Pairwise_Usia!B13/Alt_Pairwise_Usia!B44 | C13: =Alt_Pairwise_Usia!C13/Alt_Pairwise_Usia!C44 | D13: =Alt_Pairwise_Usia!D13/Alt_Pairwise_Usia!D44 | E13: =Alt_Pairwise_Usia!E13/Alt_Pairwise_Usia!E44 | F13: =Alt_Pairwise_Usia!F13/Alt_Pairwise_Usia!F44 | G13: =Alt_Pairwise_Usia!G13/Alt_Pairwise_Usia!G44 | H13: =Alt_Pairwise_Usia!H13/Alt_Pairwise_Usia!H44 | I13: =Alt_Pairwise_Usia!I13/Alt_Pairwise_Usia!I44 | ... AQ13: =Alt_Pairwise_Usia!AQ13/Alt_Pairwise_Usia!AQ44 | AS13: =AVERAGE(B13:AQ13)
A14: Made | B14: =Alt_Pairwise_Usia!B14/Alt_Pairwise_Usia!B44 | C14: =Alt_Pairwise_Usia!C14/Alt_Pairwise_Usia!C44 | D14: =Alt_Pairwise_Usia!D14/Alt_Pairwise_Usia!D44 | E14: =Alt_Pairwise_Usia!E14/Alt_Pairwise_Usia!E44 | F14: =Alt_Pairwise_Usia!F14/Alt_Pairwise_Usia!F44 | G14: =Alt_Pairwise_Usia!G14/Alt_Pairwise_Usia!G44 | H14: =Alt_Pairwise_Usia!H14/Alt_Pairwise_Usia!H44 | I14: =Alt_Pairwise_Usia!I14/Alt_Pairwise_Usia!I44 | ... AQ14: =Alt_Pairwise_Usia!AQ14/Alt_Pairwise_Usia!AQ44 | AS14: =AVERAGE(B14:AQ14)
A15: Nisa | B15: =Alt_Pairwise_Usia!B15/Alt_Pairwise_Usia!B44 | C15: =Alt_Pairwise_Usia!C15/Alt_Pairwise_Usia!C44 | D15: =Alt_Pairwise_Usia!D15/Alt_Pairwise_Usia!D44 | E15: =Alt_Pairwise_Usia!E15/Alt_Pairwise_Usia!E44 | F15: =Alt_Pairwise_Usia!F15/Alt_Pairwise_Usia!F44 | G15: =Alt_Pairwise_Usia!G15/Alt_Pairwise_Usia!G44 | H15: =Alt_Pairwise_Usia!H15/Alt_Pairwise_Usia!H44 | I15: =Alt_Pairwise_Usia!I15/Alt_Pairwise_Usia!I44 | ... AQ15: =Alt_Pairwise_Usia!AQ15/Alt_Pairwise_Usia!AQ44 | AS15: =AVERAGE(B15:AQ15)
A16: Oka | B16: =Alt_Pairwise_Usia!B16/Alt_Pairwise_Usia!B44 | C16: =Alt_Pairwise_Usia!C16/Alt_Pairwise_Usia!C44 | D16: =Alt_Pairwise_Usia!D16/Alt_Pairwise_Usia!D44 | E16: =Alt_Pairwise_Usia!E16/Alt_Pairwise_Usia!E44 | F16: =Alt_Pairwise_Usia!F16/Alt_Pairwise_Usia!F44 | G16: =Alt_Pairwise_Usia!G16/Alt_Pairwise_Usia!G44 | H16: =Alt_Pairwise_Usia!H16/Alt_Pairwise_Usia!H44 | I16: =Alt_Pairwise_Usia!I16/Alt_Pairwise_Usia!I44 | ... AQ16: =Alt_Pairwise_Usia!AQ16/Alt_Pairwise_Usia!AQ44 | AS16: =AVERAGE(B16:AQ16)
A17: Putra | B17: =Alt_Pairwise_Usia!B17/Alt_Pairwise_Usia!B44 | C17: =Alt_Pairwise_Usia!C17/Alt_Pairwise_Usia!C44 | D17: =Alt_Pairwise_Usia!D17/Alt_Pairwise_Usia!D44 | E17: =Alt_Pairwise_Usia!E17/Alt_Pairwise_Usia!E44 | F17: =Alt_Pairwise_Usia!F17/Alt_Pairwise_Usia!F44 | G17: =Alt_Pairwise_Usia!G17/Alt_Pairwise_Usia!G44 | H17: =Alt_Pairwise_Usia!H17/Alt_Pairwise_Usia!H44 | I17: =Alt_Pairwise_Usia!I17/Alt_Pairwise_Usia!I44 | ... AQ17: =Alt_Pairwise_Usia!AQ17/Alt_Pairwise_Usia!AQ44 | AS17: =AVERAGE(B17:AQ17)
A18: Qori | B18: =Alt_Pairwise_Usia!B18/Alt_Pairwise_Usia!B44 | C18: =Alt_Pairwise_Usia!C18/Alt_Pairwise_Usia!C44 | D18: =Alt_Pairwise_Usia!D18/Alt_Pairwise_Usia!D44 | E18: =Alt_Pairwise_Usia!E18/Alt_Pairwise_Usia!E44 | F18: =Alt_Pairwise_Usia!F18/Alt_Pairwise_Usia!F44 | G18: =Alt_Pairwise_Usia!G18/Alt_Pairwise_Usia!G44 | H18: =Alt_Pairwise_Usia!H18/Alt_Pairwise_Usia!H44 | I18: =Alt_Pairwise_Usia!I18/Alt_Pairwise_Usia!I44 | ... AQ18: =Alt_Pairwise_Usia!AQ18/Alt_Pairwise_Usia!AQ44 | AS18: =AVERAGE(B18:AQ18)
A19: Rian | B19: =Alt_Pairwise_Usia!B19/Alt_Pairwise_Usia!B44 | C19: =Alt_Pairwise_Usia!C19/Alt_Pairwise_Usia!C44 | D19: =Alt_Pairwise_Usia!D19/Alt_Pairwise_Usia!D44 | E19: =Alt_Pairwise_Usia!E19/Alt_Pairwise_Usia!E44 | F19: =Alt_Pairwise_Usia!F19/Alt_Pairwise_Usia!F44 | G19: =Alt_Pairwise_Usia!G19/Alt_Pairwise_Usia!G44 | H19: =Alt_Pairwise_Usia!H19/Alt_Pairwise_Usia!H44 | I19: =Alt_Pairwise_Usia!I19/Alt_Pairwise_Usia!I44 | ... AQ19: =Alt_Pairwise_Usia!AQ19/Alt_Pairwise_Usia!AQ44 | AS19: =AVERAGE(B19:AQ19)
A20: Sinta | B20: =Alt_Pairwise_Usia!B20/Alt_Pairwise_Usia!B44 | C20: =Alt_Pairwise_Usia!C20/Alt_Pairwise_Usia!C44 | D20: =Alt_Pairwise_Usia!D20/Alt_Pairwise_Usia!D44 | E20: =Alt_Pairwise_Usia!E20/Alt_Pairwise_Usia!E44 | F20: =Alt_Pairwise_Usia!F20/Alt_Pairwise_Usia!F44 | G20: =Alt_Pairwise_Usia!G20/Alt_Pairwise_Usia!G44 | H20: =Alt_Pairwise_Usia!H20/Alt_Pairwise_Usia!H44 | I20: =Alt_Pairwise_Usia!I20/Alt_Pairwise_Usia!I44 | ... AQ20: =Alt_Pairwise_Usia!AQ20/Alt_Pairwise_Usia!AQ44 | AS20: =AVERAGE(B20:AQ20)
A21: Tono | B21: =Alt_Pairwise_Usia!B21/Alt_Pairwise_Usia!B44 | C21: =Alt_Pairwise_Usia!C21/Alt_Pairwise_Usia!C44 | D21: =Alt_Pairwise_Usia!D21/Alt_Pairwise_Usia!D44 | E21: =Alt_Pairwise_Usia!E21/Alt_Pairwise_Usia!E44 | F21: =Alt_Pairwise_Usia!F21/Alt_Pairwise_Usia!F44 | G21: =Alt_Pairwise_Usia!G21/Alt_Pairwise_Usia!G44 | H21: =Alt_Pairwise_Usia!H21/Alt_Pairwise_Usia!H44 | I21: =Alt_Pairwise_Usia!I21/Alt_Pairwise_Usia!I44 | ... AQ21: =Alt_Pairwise_Usia!AQ21/Alt_Pairwise_Usia!AQ44 | AS21: =AVERAGE(B21:AQ21)
A22: Uli | B22: =Alt_Pairwise_Usia!B22/Alt_Pairwise_Usia!B44 | C22: =Alt_Pairwise_Usia!C22/Alt_Pairwise_Usia!C44 | D22: =Alt_Pairwise_Usia!D22/Alt_Pairwise_Usia!D44 | E22: =Alt_Pairwise_Usia!E22/Alt_Pairwise_Usia!E44 | F22: =Alt_Pairwise_Usia!F22/Alt_Pairwise_Usia!F44 | G22: =Alt_Pairwise_Usia!G22/Alt_Pairwise_Usia!G44 | H22: =Alt_Pairwise_Usia!H22/Alt_Pairwise_Usia!H44 | I22: =Alt_Pairwise_Usia!I22/Alt_Pairwise_Usia!I44 | ... AQ22: =Alt_Pairwise_Usia!AQ22/Alt_Pairwise_Usia!AQ44 | AS22: =AVERAGE(B22:AQ22)
A23: Vina | B23: =Alt_Pairwise_Usia!B23/Alt_Pairwise_Usia!B44 | C23: =Alt_Pairwise_Usia!C23/Alt_Pairwise_Usia!C44 | D23: =Alt_Pairwise_Usia!D23/Alt_Pairwise_Usia!D44 | E23: =Alt_Pairwise_Usia!E23/Alt_Pairwise_Usia!E44 | F23: =Alt_Pairwise_Usia!F23/Alt_Pairwise_Usia!F44 | G23: =Alt_Pairwise_Usia!G23/Alt_Pairwise_Usia!G44 | H23: =Alt_Pairwise_Usia!H23/Alt_Pairwise_Usia!H44 | I23: =Alt_Pairwise_Usia!I23/Alt_Pairwise_Usia!I44 | ... AQ23: =Alt_Pairwise_Usia!AQ23/Alt_Pairwise_Usia!AQ44 | AS23: =AVERAGE(B23:AQ23)
A24: Wahyu | B24: =Alt_Pairwise_Usia!B24/Alt_Pairwise_Usia!B44 | C24: =Alt_Pairwise_Usia!C24/Alt_Pairwise_Usia!C44 | D24: =Alt_Pairwise_Usia!D24/Alt_Pairwise_Usia!D44 | E24: =Alt_Pairwise_Usia!E24/Alt_Pairwise_Usia!E44 | F24: =Alt_Pairwise_Usia!F24/Alt_Pairwise_Usia!F44 | G24: =Alt_Pairwise_Usia!G24/Alt_Pairwise_Usia!G44 | H24: =Alt_Pairwise_Usia!H24/Alt_Pairwise_Usia!H44 | I24: =Alt_Pairwise_Usia!I24/Alt_Pairwise_Usia!I44 | ... AQ24: =Alt_Pairwise_Usia!AQ24/Alt_Pairwise_Usia!AQ44 | AS24: =AVERAGE(B24:AQ24)
A25: Xena | B25: =Alt_Pairwise_Usia!B25/Alt_Pairwise_Usia!B44 | C25: =Alt_Pairwise_Usia!C25/Alt_Pairwise_Usia!C44 | D25: =Alt_Pairwise_Usia!D25/Alt_Pairwise_Usia!D44 | E25: =Alt_Pairwise_Usia!E25/Alt_Pairwise_Usia!E44 | F25: =Alt_Pairwise_Usia!F25/Alt_Pairwise_Usia!F44 | G25: =Alt_Pairwise_Usia!G25/Alt_Pairwise_Usia!G44 | H25: =Alt_Pairwise_Usia!H25/Alt_Pairwise_Usia!H44 | I25: =Alt_Pairwise_Usia!I25/Alt_Pairwise_Usia!I44 | ... AQ25: =Alt_Pairwise_Usia!AQ25/Alt_Pairwise_Usia!AQ44 | AS25: =AVERAGE(B25:AQ25)
A26: Yoga | B26: =Alt_Pairwise_Usia!B26/Alt_Pairwise_Usia!B44 | C26: =Alt_Pairwise_Usia!C26/Alt_Pairwise_Usia!C44 | D26: =Alt_Pairwise_Usia!D26/Alt_Pairwise_Usia!D44 | E26: =Alt_Pairwise_Usia!E26/Alt_Pairwise_Usia!E44 | F26: =Alt_Pairwise_Usia!F26/Alt_Pairwise_Usia!F44 | G26: =Alt_Pairwise_Usia!G26/Alt_Pairwise_Usia!G44 | H26: =Alt_Pairwise_Usia!H26/Alt_Pairwise_Usia!H44 | I26: =Alt_Pairwise_Usia!I26/Alt_Pairwise_Usia!I44 | ... AQ26: =Alt_Pairwise_Usia!AQ26/Alt_Pairwise_Usia!AQ44 | AS26: =AVERAGE(B26:AQ26)
A27: Zaki | B27: =Alt_Pairwise_Usia!B27/Alt_Pairwise_Usia!B44 | C27: =Alt_Pairwise_Usia!C27/Alt_Pairwise_Usia!C44 | D27: =Alt_Pairwise_Usia!D27/Alt_Pairwise_Usia!D44 | E27: =Alt_Pairwise_Usia!E27/Alt_Pairwise_Usia!E44 | F27: =Alt_Pairwise_Usia!F27/Alt_Pairwise_Usia!F44 | G27: =Alt_Pairwise_Usia!G27/Alt_Pairwise_Usia!G44 | H27: =Alt_Pairwise_Usia!H27/Alt_Pairwise_Usia!H44 | I27: =Alt_Pairwise_Usia!I27/Alt_Pairwise_Usia!I44 | ... AQ27: =Alt_Pairwise_Usia!AQ27/Alt_Pairwise_Usia!AQ44 | AS27: =AVERAGE(B27:AQ27)
A28: Amanda | B28: =Alt_Pairwise_Usia!B28/Alt_Pairwise_Usia!B44 | C28: =Alt_Pairwise_Usia!C28/Alt_Pairwise_Usia!C44 | D28: =Alt_Pairwise_Usia!D28/Alt_Pairwise_Usia!D44 | E28: =Alt_Pairwise_Usia!E28/Alt_Pairwise_Usia!E44 | F28: =Alt_Pairwise_Usia!F28/Alt_Pairwise_Usia!F44 | G28: =Alt_Pairwise_Usia!G28/Alt_Pairwise_Usia!G44 | H28: =Alt_Pairwise_Usia!H28/Alt_Pairwise_Usia!H44 | I28: =Alt_Pairwise_Usia!I28/Alt_Pairwise_Usia!I44 | ... AQ28: =Alt_Pairwise_Usia!AQ28/Alt_Pairwise_Usia!AQ44 | AS28: =AVERAGE(B28:AQ28)
A29: Bayu | B29: =Alt_Pairwise_Usia!B29/Alt_Pairwise_Usia!B44 | C29: =Alt_Pairwise_Usia!C29/Alt_Pairwise_Usia!C44 | D29: =Alt_Pairwise_Usia!D29/Alt_Pairwise_Usia!D44 | E29: =Alt_Pairwise_Usia!E29/Alt_Pairwise_Usia!E44 | F29: =Alt_Pairwise_Usia!F29/Alt_Pairwise_Usia!F44 | G29: =Alt_Pairwise_Usia!G29/Alt_Pairwise_Usia!G44 | H29: =Alt_Pairwise_Usia!H29/Alt_Pairwise_Usia!H44 | I29: =Alt_Pairwise_Usia!I29/Alt_Pairwise_Usia!I44 | ... AQ29: =Alt_Pairwise_Usia!AQ29/Alt_Pairwise_Usia!AQ44 | AS29: =AVERAGE(B29:AQ29)
A30: Clara | B30: =Alt_Pairwise_Usia!B30/Alt_Pairwise_Usia!B44 | C30: =Alt_Pairwise_Usia!C30/Alt_Pairwise_Usia!C44 | D30: =Alt_Pairwise_Usia!D30/Alt_Pairwise_Usia!D44 | E30: =Alt_Pairwise_Usia!E30/Alt_Pairwise_Usia!E44 | F30: =Alt_Pairwise_Usia!F30/Alt_Pairwise_Usia!F44 | G30: =Alt_Pairwise_Usia!G30/Alt_Pairwise_Usia!G44 | H30: =Alt_Pairwise_Usia!H30/Alt_Pairwise_Usia!H44 | I30: =Alt_Pairwise_Usia!I30/Alt_Pairwise_Usia!I44 | ... AQ30: =Alt_Pairwise_Usia!AQ30/Alt_Pairwise_Usia!AQ44 | AS30: =AVERAGE(B30:AQ30)
A31: Dani | B31: =Alt_Pairwise_Usia!B31/Alt_Pairwise_Usia!B44 | C31: =Alt_Pairwise_Usia!C31/Alt_Pairwise_Usia!C44 | D31: =Alt_Pairwise_Usia!D31/Alt_Pairwise_Usia!D44 | E31: =Alt_Pairwise_Usia!E31/Alt_Pairwise_Usia!E44 | F31: =Alt_Pairwise_Usia!F31/Alt_Pairwise_Usia!F44 | G31: =Alt_Pairwise_Usia!G31/Alt_Pairwise_Usia!G44 | H31: =Alt_Pairwise_Usia!H31/Alt_Pairwise_Usia!H44 | I31: =Alt_Pairwise_Usia!I31/Alt_Pairwise_Usia!I44 | ... AQ31: =Alt_Pairwise_Usia!AQ31/Alt_Pairwise_Usia!AQ44 | AS31: =AVERAGE(B31:AQ31)
A32: Alif Adji | B32: =Alt_Pairwise_Usia!B32/Alt_Pairwise_Usia!B44 | C32: =Alt_Pairwise_Usia!C32/Alt_Pairwise_Usia!C44 | D32: =Alt_Pairwise_Usia!D32/Alt_Pairwise_Usia!D44 | E32: =Alt_Pairwise_Usia!E32/Alt_Pairwise_Usia!E44 | F32: =Alt_Pairwise_Usia!F32/Alt_Pairwise_Usia!F44 | G32: =Alt_Pairwise_Usia!G32/Alt_Pairwise_Usia!G44 | H32: =Alt_Pairwise_Usia!H32/Alt_Pairwise_Usia!H44 | I32: =Alt_Pairwise_Usia!I32/Alt_Pairwise_Usia!I44 | ... AQ32: =Alt_Pairwise_Usia!AQ32/Alt_Pairwise_Usia!AQ44 | AS32: =AVERAGE(B32:AQ32)
A33: Danu | B33: =Alt_Pairwise_Usia!B33/Alt_Pairwise_Usia!B44 | C33: =Alt_Pairwise_Usia!C33/Alt_Pairwise_Usia!C44 | D33: =Alt_Pairwise_Usia!D33/Alt_Pairwise_Usia!D44 | E33: =Alt_Pairwise_Usia!E33/Alt_Pairwise_Usia!E44 | F33: =Alt_Pairwise_Usia!F33/Alt_Pairwise_Usia!F44 | G33: =Alt_Pairwise_Usia!G33/Alt_Pairwise_Usia!G44 | H33: =Alt_Pairwise_Usia!H33/Alt_Pairwise_Usia!H44 | I33: =Alt_Pairwise_Usia!I33/Alt_Pairwise_Usia!I44 | ... AQ33: =Alt_Pairwise_Usia!AQ33/Alt_Pairwise_Usia!AQ44 | AS33: =AVERAGE(B33:AQ33)
A34: Qori Halim | B34: =Alt_Pairwise_Usia!B34/Alt_Pairwise_Usia!B44 | C34: =Alt_Pairwise_Usia!C34/Alt_Pairwise_Usia!C44 | D34: =Alt_Pairwise_Usia!D34/Alt_Pairwise_Usia!D44 | E34: =Alt_Pairwise_Usia!E34/Alt_Pairwise_Usia!E44 | F34: =Alt_Pairwise_Usia!F34/Alt_Pairwise_Usia!F44 | G34: =Alt_Pairwise_Usia!G34/Alt_Pairwise_Usia!G44 | H34: =Alt_Pairwise_Usia!H34/Alt_Pairwise_Usia!H44 | I34: =Alt_Pairwise_Usia!I34/Alt_Pairwise_Usia!I44 | ... AQ34: =Alt_Pairwise_Usia!AQ34/Alt_Pairwise_Usia!AQ44 | AS34: =AVERAGE(B34:AQ34)
A35: Dani Wijaya | B35: =Alt_Pairwise_Usia!B35/Alt_Pairwise_Usia!B44 | C35: =Alt_Pairwise_Usia!C35/Alt_Pairwise_Usia!C44 | D35: =Alt_Pairwise_Usia!D35/Alt_Pairwise_Usia!D44 | E35: =Alt_Pairwise_Usia!E35/Alt_Pairwise_Usia!E44 | F35: =Alt_Pairwise_Usia!F35/Alt_Pairwise_Usia!F44 | G35: =Alt_Pairwise_Usia!G35/Alt_Pairwise_Usia!G44 | H35: =Alt_Pairwise_Usia!H35/Alt_Pairwise_Usia!H44 | I35: =Alt_Pairwise_Usia!I35/Alt_Pairwise_Usia!I44 | ... AQ35: =Alt_Pairwise_Usia!AQ35/Alt_Pairwise_Usia!AQ44 | AS35: =AVERAGE(B35:AQ35)
A36: Kiki Suryanto | B36: =Alt_Pairwise_Usia!B36/Alt_Pairwise_Usia!B44 | C36: =Alt_Pairwise_Usia!C36/Alt_Pairwise_Usia!C44 | D36: =Alt_Pairwise_Usia!D36/Alt_Pairwise_Usia!D44 | E36: =Alt_Pairwise_Usia!E36/Alt_Pairwise_Usia!E44 | F36: =Alt_Pairwise_Usia!F36/Alt_Pairwise_Usia!F44 | G36: =Alt_Pairwise_Usia!G36/Alt_Pairwise_Usia!G44 | H36: =Alt_Pairwise_Usia!H36/Alt_Pairwise_Usia!H44 | I36: =Alt_Pairwise_Usia!I36/Alt_Pairwise_Usia!I44 | ... AQ36: =Alt_Pairwise_Usia!AQ36/Alt_Pairwise_Usia!AQ44 | AS36: =AVERAGE(B36:AQ36)
A37: Nisa Putri | B37: =Alt_Pairwise_Usia!B37/Alt_Pairwise_Usia!B44 | C37: =Alt_Pairwise_Usia!C37/Alt_Pairwise_Usia!C44 | D37: =Alt_Pairwise_Usia!D37/Alt_Pairwise_Usia!D44 | E37: =Alt_Pairwise_Usia!E37/Alt_Pairwise_Usia!E44 | F37: =Alt_Pairwise_Usia!F37/Alt_Pairwise_Usia!F44 | G37: =Alt_Pairwise_Usia!G37/Alt_Pairwise_Usia!G44 | H37: =Alt_Pairwise_Usia!H37/Alt_Pairwise_Usia!H44 | I37: =Alt_Pairwise_Usia!I37/Alt_Pairwise_Usia!I44 | ... AQ37: =Alt_Pairwise_Usia!AQ37/Alt_Pairwise_Usia!AQ44 | AS37: =AVERAGE(B37:AQ37)
A38: Amanda Rahma | B38: =Alt_Pairwise_Usia!B38/Alt_Pairwise_Usia!B44 | C38: =Alt_Pairwise_Usia!C38/Alt_Pairwise_Usia!C44 | D38: =Alt_Pairwise_Usia!D38/Alt_Pairwise_Usia!D44 | E38: =Alt_Pairwise_Usia!E38/Alt_Pairwise_Usia!E44 | F38: =Alt_Pairwise_Usia!F38/Alt_Pairwise_Usia!F44 | G38: =Alt_Pairwise_Usia!G38/Alt_Pairwise_Usia!G44 | H38: =Alt_Pairwise_Usia!H38/Alt_Pairwise_Usia!H44 | I38: =Alt_Pairwise_Usia!I38/Alt_Pairwise_Usia!I44 | ... AQ38: =Alt_Pairwise_Usia!AQ38/Alt_Pairwise_Usia!AQ44 | AS38: =AVERAGE(B38:AQ38)
A39: Tono Pratama | B39: =Alt_Pairwise_Usia!B39/Alt_Pairwise_Usia!B44 | C39: =Alt_Pairwise_Usia!C39/Alt_Pairwise_Usia!C44 | D39: =Alt_Pairwise_Usia!D39/Alt_Pairwise_Usia!D44 | E39: =Alt_Pairwise_Usia!E39/Alt_Pairwise_Usia!E44 | F39: =Alt_Pairwise_Usia!F39/Alt_Pairwise_Usia!F44 | G39: =Alt_Pairwise_Usia!G39/Alt_Pairwise_Usia!G44 | H39: =Alt_Pairwise_Usia!H39/Alt_Pairwise_Usia!H44 | I39: =Alt_Pairwise_Usia!I39/Alt_Pairwise_Usia!I44 | ... AQ39: =Alt_Pairwise_Usia!AQ39/Alt_Pairwise_Usia!AQ44 | AS39: =AVERAGE(B39:AQ39)
A40: Kiki Putri | B40: =Alt_Pairwise_Usia!B40/Alt_Pairwise_Usia!B44 | C40: =Alt_Pairwise_Usia!C40/Alt_Pairwise_Usia!C44 | D40: =Alt_Pairwise_Usia!D40/Alt_Pairwise_Usia!D44 | E40: =Alt_Pairwise_Usia!E40/Alt_Pairwise_Usia!E44 | F40: =Alt_Pairwise_Usia!F40/Alt_Pairwise_Usia!F44 | G40: =Alt_Pairwise_Usia!G40/Alt_Pairwise_Usia!G44 | H40: =Alt_Pairwise_Usia!H40/Alt_Pairwise_Usia!H44 | I40: =Alt_Pairwise_Usia!I40/Alt_Pairwise_Usia!I44 | ... AQ40: =Alt_Pairwise_Usia!AQ40/Alt_Pairwise_Usia!AQ44 | AS40: =AVERAGE(B40:AQ40)
A41: Bayu Irawan | B41: =Alt_Pairwise_Usia!B41/Alt_Pairwise_Usia!B44 | C41: =Alt_Pairwise_Usia!C41/Alt_Pairwise_Usia!C44 | D41: =Alt_Pairwise_Usia!D41/Alt_Pairwise_Usia!D44 | E41: =Alt_Pairwise_Usia!E41/Alt_Pairwise_Usia!E44 | F41: =Alt_Pairwise_Usia!F41/Alt_Pairwise_Usia!F44 | G41: =Alt_Pairwise_Usia!G41/Alt_Pairwise_Usia!G44 | H41: =Alt_Pairwise_Usia!H41/Alt_Pairwise_Usia!H44 | I41: =Alt_Pairwise_Usia!I41/Alt_Pairwise_Usia!I44 | ... AQ41: =Alt_Pairwise_Usia!AQ41/Alt_Pairwise_Usia!AQ44 | AS41: =AVERAGE(B41:AQ41)
A42: Qori Putri | B42: =Alt_Pairwise_Usia!B42/Alt_Pairwise_Usia!B44 | C42: =Alt_Pairwise_Usia!C42/Alt_Pairwise_Usia!C44 | D42: =Alt_Pairwise_Usia!D42/Alt_Pairwise_Usia!D44 | E42: =Alt_Pairwise_Usia!E42/Alt_Pairwise_Usia!E44 | F42: =Alt_Pairwise_Usia!F42/Alt_Pairwise_Usia!F44 | G42: =Alt_Pairwise_Usia!G42/Alt_Pairwise_Usia!G44 | H42: =Alt_Pairwise_Usia!H42/Alt_Pairwise_Usia!H44 | I42: =Alt_Pairwise_Usia!I42/Alt_Pairwise_Usia!I44 | ... AQ42: =Alt_Pairwise_Usia!AQ42/Alt_Pairwise_Usia!AQ44 | AS42: =AVERAGE(B42:AQ42)
A43: Gita Irawan | B43: =Alt_Pairwise_Usia!B43/Alt_Pairwise_Usia!B44 | C43: =Alt_Pairwise_Usia!C43/Alt_Pairwise_Usia!C44 | D43: =Alt_Pairwise_Usia!D43/Alt_Pairwise_Usia!D44 | E43: =Alt_Pairwise_Usia!E43/Alt_Pairwise_Usia!E44 | F43: =Alt_Pairwise_Usia!F43/Alt_Pairwise_Usia!F44 | G43: =Alt_Pairwise_Usia!G43/Alt_Pairwise_Usia!G44 | H43: =Alt_Pairwise_Usia!H43/Alt_Pairwise_Usia!H44 | I43: =Alt_Pairwise_Usia!I43/Alt_Pairwise_Usia!I44 | ... AQ43: =Alt_Pairwise_Usia!AQ43/Alt_Pairwise_Usia!AQ44 | AS43: =AVERAGE(B43:AQ43)

Sheet Alt_Pairwise_Pendapatan
B1: Andi | C1: Budi | D1: Citra | E1: Dewi | F1: Eko | G1: Fajar | H1: Gita | I1: Hendra | J1: Intan | K1: Joko | L1: Kiki | M1: Lina | N1: Made | O1: Nisa | P1: Oka | Q1: Putra | R1: Qori | S1: Rian | T1: Sinta | U1: Tono | V1: Uli | W1: Vina | X1: Wahyu | Y1: Xena | Z1: Yoga | AA1: Zaki | AB1: Amanda | AC1: Bayu | AD1: Clara | AE1: Dani | AF1: Alif Adji | AG1: Danu | AH1: Qori Halim | AI1: Dani Wijaya | AJ1: Kiki Suryanto | AK1: Nisa Putri | AL1: Amanda Rahma | AM1: Tono Pratama | AN1: Kiki Putri | AO1: Bayu Irawan | AP1: Qori Putri | AQ1: Gita Irawan
A2: Andi | B2: =Alternatives_Data!C2/Alternatives_Data!C2 | C2: =Alternatives_Data!C2/Alternatives_Data!C3 | D2: =Alternatives_Data!C2/Alternatives_Data!C4 | E2: =Alternatives_Data!C2/Alternatives_Data!C5 | F2: =Alternatives_Data!C2/Alternatives_Data!C6 | G2: =Alternatives_Data!C2/Alternatives_Data!C7 | H2: =Alternatives_Data!C2/Alternatives_Data!C8 | I2: =Alternatives_Data!C2/Alternatives_Data!C9 | J2: =Alternatives_Data!C2/Alternatives_Data!C10 | K2: =Alternatives_Data!C2/Alternatives_Data!C11 | L2: =Alternatives_Data!C2/Alternatives_Data!C12 | M2: =Alternatives_Data!C2/Alternatives_Data!C13 | N2: =Alternatives_Data!C2/Alternatives_Data!C14 | O2: =Alternatives_Data!C2/Alternatives_Data!C15 | P2: =Alternatives_Data!C2/Alternatives_Data!C16 | Q2: =Alternatives_Data!C2/Alternatives_Data!C17 | R2: =Alternatives_Data!C2/Alternatives_Data!C18 | S2: =Alternatives_Data!C2/Alternatives_Data!C19 | T2: =Alternatives_Data!C2/Alternatives_Data!C20 | U2: =Alternatives_Data!C2/Alternatives_Data!C21 | V2: =Alternatives_Data!C2/Alternatives_Data!C22 | W2: =Alternatives_Data!C2/Alternatives_Data!C23 | X2: =Alternatives_Data!C2/Alternatives_Data!C24 | Y2: =Alternatives_Data!C2/Alternatives_Data!C25 | Z2: =Alternatives_Data!C2/Alternatives_Data!C26 | AA2: =Alternatives_Data!C2/Alternatives_Data!C27 | AB2: =Alternatives_Data!C2/Alternatives_Data!C28 | AC2: =Alternatives_Data!C2/Alternatives_Data!C29 | AD2: =Alternatives_Data!C2/Alternatives_Data!C30 | AE2: =Alternatives_Data!C2/Alternatives_Data!C31 | AF2: =Alternatives_Data!C2/Alternatives_Data!C32 | AG2: =Alternatives_Data!C2/Alternatives_Data!C33 | AH2: =Alternatives_Data!C2/Alternatives_Data!C34 | AI2: =Alternatives_Data!C2/Alternatives_Data!C35 | AJ2: =Alternatives_Data!C2/Alternatives_Data!C36 | AK2: =Alternatives_Data!C2/Alternatives_Data!C37 | AL2: =Alternatives_Data!C2/Alternatives_Data!C38 | AM2: =Alternatives_Data!C2/Alternatives_Data!C39 | AN2: =Alternatives_Data!C2/Alternatives_Data!C40 | AO2: =Alternatives_Data!C2/Alternatives_Data!C41 | AP2: =Alternatives_Data!C2/Alternatives_Data!C42 | AQ2: =Alternatives_Data!C2/Alternatives_Data!C43
A3: Budi | B3: =Alternatives_Data!C3/Alternatives_Data!C2 | C3: =Alternatives_Data!C3/Alternatives_Data!C3 | D3: =Alternatives_Data!C3/Alternatives_Data!C4 | E3: =Alternatives_Data!C3/Alternatives_Data!C5 | F3: =Alternatives_Data!C3/Alternatives_Data!C6 | G3: =Alternatives_Data!C3/Alternatives_Data!C7 | H3: =Alternatives_Data!C3/Alternatives_Data!C8 | I3: =Alternatives_Data!C3/Alternatives_Data!C9 | J3: =Alternatives_Data!C3/Alternatives_Data!C10 | K3: =Alternatives_Data!C3/Alternatives_Data!C11 | L3: =Alternatives_Data!C3/Alternatives_Data!C12 | M3: =Alternatives_Data!C3/Alternatives_Data!C13 | N3: =Alternatives_Data!C3/Alternatives_Data!C14 | O3: =Alternatives_Data!C3/Alternatives_Data!C15 | P3: =Alternatives_Data!C3/Alternatives_Data!C16 | Q3: =Alternatives_Data!C3/Alternatives_Data!C17 | R3: =Alternatives_Data!C3/Alternatives_Data!C18 | S3: =Alternatives_Data!C3/Alternatives_Data!C19 | T3: =Alternatives_Data!C3/Alternatives_Data!C20 | U3: =Alternatives_Data!C3/Alternatives_Data!C21 | V3: =Alternatives_Data!C3/Alternatives_Data!C22 | W3: =Alternatives_Data!C3/Alternatives_Data!C23 | X3: =Alternatives_Data!C3/Alternatives_Data!C24 | Y3: =Alternatives_Data!C3/Alternatives_Data!C25 | Z3: =Alternatives_Data!C3/Alternatives_Data!C26 | AA3: =Alternatives_Data!C3/Alternatives_Data!C27 | AB3: =Alternatives_Data!C3/Alternatives_Data!C28 | AC3: =Alternatives_Data!C3/Alternatives_Data!C29 | AD3: =Alternatives_Data!C3/Alternatives_Data!C30 | AE3: =Alternatives_Data!C3/Alternatives_Data!C31 | AF3: =Alternatives_Data!C3/Alternatives_Data!C32 | AG3: =Alternatives_Data!C3/Alternatives_Data!C33 | AH3: =Alternatives_Data!C3/Alternatives_Data!C34 | AI3: =Alternatives_Data!C3/Alternatives_Data!C35 | AJ3: =Alternatives_Data!C3/Alternatives_Data!C36 | AK3: =Alternatives_Data!C3/Alternatives_Data!C37 | AL3: =Alternatives_Data!C3/Alternatives_Data!C38 | AM3: =Alternatives_Data!C3/Alternatives_Data!C39 | AN3: =Alternatives_Data!C3/Alternatives_Data!C40 | AO3: =Alternatives_Data!C3/Alternatives_Data!C41 | AP3: =Alternatives_Data!C3/Alternatives_Data!C42 | AQ3: =Alternatives_Data!C3/Alternatives_Data!C43
A4: Citra | B4: =Alternatives_Data!C4/Alternatives_Data!C2 | C4: =Alternatives_Data!C4/Alternatives_Data!C3 | D4: =Alternatives_Data!C4/Alternatives_Data!C4 | E4: =Alternatives_Data!C4/Alternatives_Data!C5 | F4: =Alternatives_Data!C4/Alternatives_Data!C6 | G4: =Alternatives_Data!C4/Alternatives_Data!C7 | H4: =Alternatives_Data!C4/Alternatives_Data!C8 | I4: =Alternatives_Data!C4/Alternatives_Data!C9 | J4: =Alternatives_Data!C4/Alternatives_Data!C10 | K4: =Alternatives_Data!C4/Alternatives_Data!C11 | L4: =Alternatives_Data!C4/Alternatives_Data!C12 | M4: =Alternatives_Data!C4/Alternatives_Data!C13 | N4: =Alternatives_Data!C4/Alternatives_Data!C14 | O4: =Alternatives_Data!C4/Alternatives_Data!C15 | P4: =Alternatives_Data!C4/Alternatives_Data!C16 | Q4: =Alternatives_Data!C4/Alternatives_Data!C17 | R4: =Alternatives_Data!C4/Alternatives_Data!C18 | S4: =Alternatives_Data!C4/Alternatives_Data!C19 | T4: =Alternatives_Data!C4/Alternatives_Data!C20 | U4: =Alternatives_Data!C4/Alternatives_Data!C21 | V4: =Alternatives_Data!C4/Alternatives_Data!C22 | W4: =Alternatives_Data!C4/Alternatives_Data!C23 | X4: =Alternatives_Data!C4/Alternatives_Data!C24 | Y4: =Alternatives_Data!C4/Alternatives_Data!C25 | Z4: =Alternatives_Data!C4/Alternatives_Data!C26 | AA4: =Alternatives_Data!C4/Alternatives_Data!C27 | AB4: =Alternatives_Data!C4/Alternatives_Data!C28 | AC4: =Alternatives_Data!C4/Alternatives_Data!C29 | AD4: =Alternatives_Data!C4/Alternatives_Data!C30 | AE4: =Alternatives_Data!C4/Alternatives_Data!C31 | AF4: =Alternatives_Data!C4/Alternatives_Data!C32 | AG4: =Alternatives_Data!C4/Alternatives_Data!C33 | AH4: =Alternatives_Data!C4/Alternatives_Data!C34 | AI4: =Alternatives_Data!C4/Alternatives_Data!C35 | AJ4: =Alternatives_Data!C4/Alternatives_Data!C36 | AK4: =Alternatives_Data!C4/Alternatives_Data!C37 | AL4: =Alternatives_Data!C4/Alternatives_Data!C38 | AM4: =Alternatives_Data!C4/Alternatives_Data!C39 | AN4: =Alternatives_Data!C4/Alternatives_Data!C40 | AO4: =Alternatives_Data!C4/Alternatives_Data!C41 | AP4: =Alternatives_Data!C4/Alternatives_Data!C42 | AQ4: =Alternatives_Data!C4/Alternatives_Data!C43
A5: Dewi | B5: =Alternatives_Data!C5/Alternatives_Data!C2 | C5: =Alternatives_Data!C5/Alternatives_Data!C3 | D5: =Alternatives_Data!C5/Alternatives_Data!C4 | E5: =Alternatives_Data!C5/Alternatives_Data!C5 | F5: =Alternatives_Data!C5/Alternatives_Data!C6 | G5: =Alternatives_Data!C5/Alternatives_Data!C7 | H5: =Alternatives_Data!C5/Alternatives_Data!C8 | I5: =Alternatives_Data!C5/Alternatives_Data!C9 | J5: =Alternatives_Data!C5/Alternatives_Data!C10 | K5: =Alternatives_Data!C5/Alternatives_Data!C11 | L5: =Alternatives_Data!C5/Alternatives_Data!C12 | M5: =Alternatives_Data!C5/Alternatives_Data!C13 | N5: =Alternatives_Data!C5/Alternatives_Data!C14 | O5: =Alternatives_Data!C5/Alternatives_Data!C15 | P5: =Alternatives_Data!C5/Alternatives_Data!C16 | Q5: =Alternatives_Data!C5/Alternatives_Data!C17 | R5: =Alternatives_Data!C5/Alternatives_Data!C18 | S5: =Alternatives_Data!C5/Alternatives_Data!C19 | T5: =Alternatives_Data!C5/Alternatives_Data!C20 | U5: =Alternatives_Data!C5/Alternatives_Data!C21 | V5: =Alternatives_Data!C5/Alternatives_Data!C22 | W5: =Alternatives_Data!C5/Alternatives_Data!C23 | X5: =Alternatives_Data!C5/Alternatives_Data!C24 | Y5: =Alternatives_Data!C5/Alternatives_Data!C25 | Z5: =Alternatives_Data!C5/Alternatives_Data!C26 | AA5: =Alternatives_Data!C5/Alternatives_Data!C27 | AB5: =Alternatives_Data!C5/Alternatives_Data!C28 | AC5: =Alternatives_Data!C5/Alternatives_Data!C29 | AD5: =Alternatives_Data!C5/Alternatives_Data!C30 | AE5: =Alternatives_Data!C5/Alternatives_Data!C31 | AF5: =Alternatives_Data!C5/Alternatives_Data!C32 | AG5: =Alternatives_Data!C5/Alternatives_Data!C33 | AH5: =Alternatives_Data!C5/Alternatives_Data!C34 | AI5: =Alternatives_Data!C5/Alternatives_Data!C35 | AJ5: =Alternatives_Data!C5/Alternatives_Data!C36 | AK5: =Alternatives_Data!C5/Alternatives_Data!C37 | AL5: =Alternatives_Data!C5/Alternatives_Data!C38 | AM5: =Alternatives_Data!C5/Alternatives_Data!C39 | AN5: =Alternatives_Data!C5/Alternatives_Data!C40 | AO5: =Alternatives_Data!C5/Alternatives_Data!C41 | AP5: =Alternatives_Data!C5/Alternatives_Data!C42 | AQ5: =Alternatives_Data!C5/Alternatives_Data!C43
A6: Eko | B6: =Alternatives_Data!C6/Alternatives_Data!C2 | C6: =Alternatives_Data!C6/Alternatives_Data!C3 | D6: =Alternatives_Data!C6/Alternatives_Data!C4 | E6: =Alternatives_Data!C6/Alternatives_Data!C5 | F6: =Alternatives_Data!C6/Alternatives_Data!C6 | G6: =Alternatives_Data!C6/Alternatives_Data!C7 | H6: =Alternatives_Data!C6/Alternatives_Data!C8 | I6: =Alternatives_Data!C6/Alternatives_Data!C9 | J6: =Alternatives_Data!C6/Alternatives_Data!C10 | K6: =Alternatives_Data!C6/Alternatives_Data!C11 | L6: =Alternatives_Data!C6/Alternatives_Data!C12 | M6: =Alternatives_Data!C6/Alternatives_Data!C13 | N6: =Alternatives_Data!C6/Alternatives_Data!C14 | O6: =Alternatives_Data!C6/Alternatives_Data!C15 | P6: =Alternatives_Data!C6/Alternatives_Data!C16 | Q6: =Alternatives_Data!C6/Alternatives_Data!C17 | R6: =Alternatives_Data!C6/Alternatives_Data!C18 | S6: =Alternatives_Data!C6/Alternatives_Data!C19 | T6: =Alternatives_Data!C6/Alternatives_Data!C20 | U6: =Alternatives_Data!C6/Alternatives_Data!C21 | V6: =Alternatives_Data!C6/Alternatives_Data!C22 | W6: =Alternatives_Data!C6/Alternatives_Data!C23 | X6: =Alternatives_Data!C6/Alternatives_Data!C24 | Y6: =Alternatives_Data!C6/Alternatives_Data!C25 | Z6: =Alternatives_Data!C6/Alternatives_Data!C26 | AA6: =Alternatives_Data!C6/Alternatives_Data!C27 | AB6: =Alternatives_Data!C6/Alternatives_Data!C28 | AC6: =Alternatives_Data!C6/Alternatives_Data!C29 | AD6: =Alternatives_Data!C6/Alternatives_Data!C30 | AE6: =Alternatives_Data!C6/Alternatives_Data!C31 | AF6: =Alternatives_Data!C6/Alternatives_Data!C32 | AG6: =Alternatives_Data!C6/Alternatives_Data!C33 | AH6: =Alternatives_Data!C6/Alternatives_Data!C34 | AI6: =Alternatives_Data!C6/Alternatives_Data!C35 | AJ6: =Alternatives_Data!C6/Alternatives_Data!C36 | AK6: =Alternatives_Data!C6/Alternatives_Data!C37 | AL6: =Alternatives_Data!C6/Alternatives_Data!C38 | AM6: =Alternatives_Data!C6/Alternatives_Data!C39 | AN6: =Alternatives_Data!C6/Alternatives_Data!C40 | AO6: =Alternatives_Data!C6/Alternatives_Data!C41 | AP6: =Alternatives_Data!C6/Alternatives_Data!C42 | AQ6: =Alternatives_Data!C6/Alternatives_Data!C43
A7: Fajar | B7: =Alternatives_Data!C7/Alternatives_Data!C2 | C7: =Alternatives_Data!C7/Alternatives_Data!C3 | D7: =Alternatives_Data!C7/Alternatives_Data!C4 | E7: =Alternatives_Data!C7/Alternatives_Data!C5 | F7: =Alternatives_Data!C7/Alternatives_Data!C6 | G7: =Alternatives_Data!C7/Alternatives_Data!C7 | H7: =Alternatives_Data!C7/Alternatives_Data!C8 | I7: =Alternatives_Data!C7/Alternatives_Data!C9 | J7: =Alternatives_Data!C7/Alternatives_Data!C10 | K7: =Alternatives_Data!C7/Alternatives_Data!C11 | L7: =Alternatives_Data!C7/Alternatives_Data!C12 | M7: =Alternatives_Data!C7/Alternatives_Data!C13 | N7: =Alternatives_Data!C7/Alternatives_Data!C14 | O7: =Alternatives_Data!C7/Alternatives_Data!C15 | P7: =Alternatives_Data!C7/Alternatives_Data!C16 | Q7: =Alternatives_Data!C7/Alternatives_Data!C17 | R7: =Alternatives_Data!C7/Alternatives_Data!C18 | S7: =Alternatives_Data!C7/Alternatives_Data!C19 | T7: =Alternatives_Data!C7/Alternatives_Data!C20 | U7: =Alternatives_Data!C7/Alternatives_Data!C21 | V7: =Alternatives_Data!C7/Alternatives_Data!C22 | W7: =Alternatives_Data!C7/Alternatives_Data!C23 | X7: =Alternatives_Data!C7/Alternatives_Data!C24 | Y7: =Alternatives_Data!C7/Alternatives_Data!C25 | Z7: =Alternatives_Data!C7/Alternatives_Data!C26 | AA7: =Alternatives_Data!C7/Alternatives_Data!C27 | AB7: =Alternatives_Data!C7/Alternatives_Data!C28 | AC7: =Alternatives_Data!C7/Alternatives_Data!C29 | AD7: =Alternatives_Data!C7/Alternatives_Data!C30 | AE7: =Alternatives_Data!C7/Alternatives_Data!C31 | AF7: =Alternatives_Data!C7/Alternatives_Data!C32 | AG7: =Alternatives_Data!C7/Alternatives_Data!C33 | AH7: =Alternatives_Data!C7/Alternatives_Data!C34 | AI7: =Alternatives_Data!C7/Alternatives_Data!C35 | AJ7: =Alternatives_Data!C7/Alternatives_Data!C36 | AK7: =Alternatives_Data!C7/Alternatives_Data!C37 | AL7: =Alternatives_Data!C7/Alternatives_Data!C38 | AM7: =Alternatives_Data!C7/Alternatives_Data!C39 | AN7: =Alternatives_Data!C7/Alternatives_Data!C40 | AO7: =Alternatives_Data!C7/Alternatives_Data!C41 | AP7: =Alternatives_Data!C7/Alternatives_Data!C42 | AQ7: =Alternatives_Data!C7/Alternatives_Data!C43
A8: Gita | B8: =Alternatives_Data!C8/Alternatives_Data!C2 | C8: =Alternatives_Data!C8/Alternatives_Data!C3 | D8: =Alternatives_Data!C8/Alternatives_Data!C4 | E8: =Alternatives_Data!C8/Alternatives_Data!C5 | F8: =Alternatives_Data!C8/Alternatives_Data!C6 | G8: =Alternatives_Data!C8/Alternatives_Data!C7 | H8: =Alternatives_Data!C8/Alternatives_Data!C8 | I8: =Alternatives_Data!C8/Alternatives_Data!C9 | J8: =Alternatives_Data!C8/Alternatives_Data!C10 | K8: =Alternatives_Data!C8/Alternatives_Data!C11 | L8: =Alternatives_Data!C8/Alternatives_Data!C12 | M8: =Alternatives_Data!C8/Alternatives_Data!C13 | N8: =Alternatives_Data!C8/Alternatives_Data!C14 | O8: =Alternatives_Data!C8/Alternatives_Data!C15 | P8: =Alternatives_Data!C8/Alternatives_Data!C16 | Q8: =Alternatives_Data!C8/Alternatives_Data!C17 | R8: =Alternatives_Data!C8/Alternatives_Data!C18 | S8: =Alternatives_Data!C8/Alternatives_Data!C19 | T8: =Alternatives_Data!C8/Alternatives_Data!C20 | U8: =Alternatives_Data!C8/Alternatives_Data!C21 | V8: =Alternatives_Data!C8/Alternatives_Data!C22 | W8: =Alternatives_Data!C8/Alternatives_Data!C23 | X8: =Alternatives_Data!C8/Alternatives_Data!C24 | Y8: =Alternatives_Data!C8/Alternatives_Data!C25 | Z8: =Alternatives_Data!C8/Alternatives_Data!C26 | AA8: =Alternatives_Data!C8/Alternatives_Data!C27 | AB8: =Alternatives_Data!C8/Alternatives_Data!C28 | AC8: =Alternatives_Data!C8/Alternatives_Data!C29 | AD8: =Alternatives_Data!C8/Alternatives_Data!C30 | AE8: =Alternatives_Data!C8/Alternatives_Data!C31 | AF8: =Alternatives_Data!C8/Alternatives_Data!C32 | AG8: =Alternatives_Data!C8/Alternatives_Data!C33 | AH8: =Alternatives_Data!C8/Alternatives_Data!C34 | AI8: =Alternatives_Data!C8/Alternatives_Data!C35 | AJ8: =Alternatives_Data!C8/Alternatives_Data!C36 | AK8: =Alternatives_Data!C8/Alternatives_Data!C37 | AL8: =Alternatives_Data!C8/Alternatives_Data!C38 | AM8: =Alternatives_Data!C8/Alternatives_Data!C39 | AN8: =Alternatives_Data!C8/Alternatives_Data!C40 | AO8: =Alternatives_Data!C8/Alternatives_Data!C41 | AP8: =Alternatives_Data!C8/Alternatives_Data!C42 | AQ8: =Alternatives_Data!C8/Alternatives_Data!C43
A9: Hendra | B9: =Alternatives_Data!C9/Alternatives_Data!C2 | C9: =Alternatives_Data!C9/Alternatives_Data!C3 | D9: =Alternatives_Data!C9/Alternatives_Data!C4 | E9: =Alternatives_Data!C9/Alternatives_Data!C5 | F9: =Alternatives_Data!C9/Alternatives_Data!C6 | G9: =Alternatives_Data!C9/Alternatives_Data!C7 | H9: =Alternatives_Data!C9/Alternatives_Data!C8 | I9: =Alternatives_Data!C9/Alternatives_Data!C9 | J9: =Alternatives_Data!C9/Alternatives_Data!C10 | K9: =Alternatives_Data!C9/Alternatives_Data!C11 | L9: =Alternatives_Data!C9/Alternatives_Data!C12 | M9: =Alternatives_Data!C9/Alternatives_Data!C13 | N9: =Alternatives_Data!C9/Alternatives_Data!C14 | O9: =Alternatives_Data!C9/Alternatives_Data!C15 | P9: =Alternatives_Data!C9/Alternatives_Data!C16 | Q9: =Alternatives_Data!C9/Alternatives_Data!C17 | R9: =Alternatives_Data!C9/Alternatives_Data!C18 | S9: =Alternatives_Data!C9/Alternatives_Data!C19 | T9: =Alternatives_Data!C9/Alternatives_Data!C20 | U9: =Alternatives_Data!C9/Alternatives_Data!C21 | V9: =Alternatives_Data!C9/Alternatives_Data!C22 | W9: =Alternatives_Data!C9/Alternatives_Data!C23 | X9: =Alternatives_Data!C9/Alternatives_Data!C24 | Y9: =Alternatives_Data!C9/Alternatives_Data!C25 | Z9: =Alternatives_Data!C9/Alternatives_Data!C26 | AA9: =Alternatives_Data!C9/Alternatives_Data!C27 | AB9: =Alternatives_Data!C9/Alternatives_Data!C28 | AC9: =Alternatives_Data!C9/Alternatives_Data!C29 | AD9: =Alternatives_Data!C9/Alternatives_Data!C30 | AE9: =Alternatives_Data!C9/Alternatives_Data!C31 | AF9: =Alternatives_Data!C9/Alternatives_Data!C32 | AG9: =Alternatives_Data!C9/Alternatives_Data!C33 | AH9: =Alternatives_Data!C9/Alternatives_Data!C34 | AI9: =Alternatives_Data!C9/Alternatives_Data!C35 | AJ9: =Alternatives_Data!C9/Alternatives_Data!C36 | AK9: =Alternatives_Data!C9/Alternatives_Data!C37 | AL9: =Alternatives_Data!C9/Alternatives_Data!C38 | AM9: =Alternatives_Data!C9/Alternatives_Data!C39 | AN9: =Alternatives_Data!C9/Alternatives_Data!C40 | AO9: =Alternatives_Data!C9/Alternatives_Data!C41 | AP9: =Alternatives_Data!C9/Alternatives_Data!C42 | AQ9: =Alternatives_Data!C9/Alternatives_Data!C43
A10: Intan | B10: =Alternatives_Data!C10/Alternatives_Data!C2 | C10: =Alternatives_Data!C10/Alternatives_Data!C3 | D10: =Alternatives_Data!C10/Alternatives_Data!C4 | E10: =Alternatives_Data!C10/Alternatives_Data!C5 | F10: =Alternatives_Data!C10/Alternatives_Data!C6 | G10: =Alternatives_Data!C10/Alternatives_Data!C7 | H10: =Alternatives_Data!C10/Alternatives_Data!C8 | I10: =Alternatives_Data!C10/Alternatives_Data!C9 | J10: =Alternatives_Data!C10/Alternatives_Data!C10 | K10: =Alternatives_Data!C10/Alternatives_Data!C11 | L10: =Alternatives_Data!C10/Alternatives_Data!C12 | M10: =Alternatives_Data!C10/Alternatives_Data!C13 | N10: =Alternatives_Data!C10/Alternatives_Data!C14 | O10: =Alternatives_Data!C10/Alternatives_Data!C15 | P10: =Alternatives_Data!C10/Alternatives_Data!C16 | Q10: =Alternatives_Data!C10/Alternatives_Data!C17 | R10: =Alternatives_Data!C10/Alternatives_Data!C18 | S10: =Alternatives_Data!C10/Alternatives_Data!C19 | T10: =Alternatives_Data!C10/Alternatives_Data!C20 | U10: =Alternatives_Data!C10/Alternatives_Data!C21 | V10: =Alternatives_Data!C10/Alternatives_Data!C22 | W10: =Alternatives_Data!C10/Alternatives_Data!C23 | X10: =Alternatives_Data!C10/Alternatives_Data!C24 | Y10: =Alternatives_Data!C10/Alternatives_Data!C25 | Z10: =Alternatives_Data!C10/Alternatives_Data!C26 | AA10: =Alternatives_Data!C10/Alternatives_Data!C27 | AB10: =Alternatives_Data!C10/Alternatives_Data!C28 | AC10: =Alternatives_Data!C10/Alternatives_Data!C29 | AD10: =Alternatives_Data!C10/Alternatives_Data!C30 | AE10: =Alternatives_Data!C10/Alternatives_Data!C31 | AF10: =Alternatives_Data!C10/Alternatives_Data!C32 | AG10: =Alternatives_Data!C10/Alternatives_Data!C33 | AH10: =Alternatives_Data!C10/Alternatives_Data!C34 | AI10: =Alternatives_Data!C10/Alternatives_Data!C35 | AJ10: =Alternatives_Data!C10/Alternatives_Data!C36 | AK10: =Alternatives_Data!C10/Alternatives_Data!C37 | AL10: =Alternatives_Data!C10/Alternatives_Data!C38 | AM10: =Alternatives_Data!C10/Alternatives_Data!C39 | AN10: =Alternatives_Data!C10/Alternatives_Data!C40 | AO10: =Alternatives_Data!C10/Alternatives_Data!C41 | AP10: =Alternatives_Data!C10/Alternatives_Data!C42 | AQ10: =Alternatives_Data!C10/Alternatives_Data!C43
A11: Joko | B11: =Alternatives_Data!C11/Alternatives_Data!C2 | C11: =Alternatives_Data!C11/Alternatives_Data!C3 | D11: =Alternatives_Data!C11/Alternatives_Data!C4 | E11: =Alternatives_Data!C11/Alternatives_Data!C5 | F11: =Alternatives_Data!C11/Alternatives_Data!C6 | G11: =Alternatives_Data!C11/Alternatives_Data!C7 | H11: =Alternatives_Data!C11/Alternatives_Data!C8 | I11: =Alternatives_Data!C11/Alternatives_Data!C9 | J11: =Alternatives_Data!C11/Alternatives_Data!C10 | K11: =Alternatives_Data!C11/Alternatives_Data!C11 | L11: =Alternatives_Data!C11/Alternatives_Data!C12 | M11: =Alternatives_Data!C11/Alternatives_Data!C13 | N11: =Alternatives_Data!C11/Alternatives_Data!C14 | O11: =Alternatives_Data!C11/Alternatives_Data!C15 | P11: =Alternatives_Data!C11/Alternatives_Data!C16 | Q11: =Alternatives_Data!C11/Alternatives_Data!C17 | R11: =Alternatives_Data!C11/Alternatives_Data!C18 | S11: =Alternatives_Data!C11/Alternatives_Data!C19 | T11: =Alternatives_Data!C11/Alternatives_Data!C20 | U11: =Alternatives_Data!C11/Alternatives_Data!C21 | V11: =Alternatives_Data!C11/Alternatives_Data!C22 | W11: =Alternatives_Data!C11/Alternatives_Data!C23 | X11: =Alternatives_Data!C11/Alternatives_Data!C24 | Y11: =Alternatives_Data!C11/Alternatives_Data!C25 | Z11: =Alternatives_Data!C11/Alternatives_Data!C26 | AA11: =Alternatives_Data!C11/Alternatives_Data!C27 | AB11: =Alternatives_Data!C11/Alternatives_Data!C28 | AC11: =Alternatives_Data!C11/Alternatives_Data!C29 | AD11: =Alternatives_Data!C11/Alternatives_Data!C30 | AE11: =Alternatives_Data!C11/Alternatives_Data!C31 | AF11: =Alternatives_Data!C11/Alternatives_Data!C32 | AG11: =Alternatives_Data!C11/Alternatives_Data!C33 | AH11: =Alternatives_Data!C11/Alternatives_Data!C34 | AI11: =Alternatives_Data!C11/Alternatives_Data!C35 | AJ11: =Alternatives_Data!C11/Alternatives_Data!C36 | AK11: =Alternatives_Data!C11/Alternatives_Data!C37 | AL11: =Alternatives_Data!C11/Alternatives_Data!C38 | AM11: =Alternatives_Data!C11/Alternatives_Data!C39 | AN11: =Alternatives_Data!C11/Alternatives_Data!C40 | AO11: =Alternatives_Data!C11/Alternatives_Data!C41 | AP11: =Alternatives_Data!C11/Alternatives_Data!C42 | AQ11: =Alternatives_Data!C11/Alternatives_Data!C43
A12: Kiki | B12: =Alternatives_Data!C12/Alternatives_Data!C2 | C12: =Alternatives_Data!C12/Alternatives_Data!C3 | D12: =Alternatives_Data!C12/Alternatives_Data!C4 | E12: =Alternatives_Data!C12/Alternatives_Data!C5 | F12: =Alternatives_Data!C12/Alternatives_Data!C6 | G12: =Alternatives_Data!C12/Alternatives_Data!C7 | H12: =Alternatives_Data!C12/Alternatives_Data!C8 | I12: =Alternatives_Data!C12/Alternatives_Data!C9 | J12: =Alternatives_Data!C12/Alternatives_Data!C10 | K12: =Alternatives_Data!C12/Alternatives_Data!C11 | L12: =Alternatives_Data!C12/Alternatives_Data!C12 | M12: =Alternatives_Data!C12/Alternatives_Data!C13 | N12: =Alternatives_Data!C12/Alternatives_Data!C14 | O12: =Alternatives_Data!C12/Alternatives_Data!C15 | P12: =Alternatives_Data!C12/Alternatives_Data!C16 | Q12: =Alternatives_Data!C12/Alternatives_Data!C17 | R12: =Alternatives_Data!C12/Alternatives_Data!C18 | S12: =Alternatives_Data!C12/Alternatives_Data!C19 | T12: =Alternatives_Data!C12/Alternatives_Data!C20 | U12: =Alternatives_Data!C12/Alternatives_Data!C21 | V12: =Alternatives_Data!C12/Alternatives_Data!C22 | W12: =Alternatives_Data!C12/Alternatives_Data!C23 | X12: =Alternatives_Data!C12/Alternatives_Data!C24 | Y12: =Alternatives_Data!C12/Alternatives_Data!C25 | Z12: =Alternatives_Data!C12/Alternatives_Data!C26 | AA12: =Alternatives_Data!C12/Alternatives_Data!C27 | AB12: =Alternatives_Data!C12/Alternatives_Data!C28 | AC12: =Alternatives_Data!C12/Alternatives_Data!C29 | AD12: =Alternatives_Data!C12/Alternatives_Data!C30 | AE12: =Alternatives_Data!C12/Alternatives_Data!C31 | AF12: =Alternatives_Data!C12/Alternatives_Data!C32 | AG12: =Alternatives_Data!C12/Alternatives_Data!C33 | AH12: =Alternatives_Data!C12/Alternatives_Data!C34 | AI12: =Alternatives_Data!C12/Alternatives_Data!C35 | AJ12: =Alternatives_Data!C12/Alternatives_Data!C36 | AK12: =Alternatives_Data!C12/Alternatives_Data!C37 | AL12: =Alternatives_Data!C12/Alternatives_Data!C38 | AM12: =Alternatives_Data!C12/Alternatives_Data!C39 | AN12: =Alternatives_Data!C12/Alternatives_Data!C40 | AO12: =Alternatives_Data!C12/Alternatives_Data!C41 | AP12: =Alternatives_Data!C12/Alternatives_Data!C42 | AQ12: =Alternatives_Data!C12/Alternatives_Data!C43
A13: Lina | B13: =Alternatives_Data!C13/Alternatives_Data!C2 | C13: =Alternatives_Data!C13/Alternatives_Data!C3 | D13: =Alternatives_Data!C13/Alternatives_Data!C4 | E13: =Alternatives_Data!C13/Alternatives_Data!C5 | F13: =Alternatives_Data!C13/Alternatives_Data!C6 | G13: =Alternatives_Data!C13/Alternatives_Data!C7 | H13: =Alternatives_Data!C13/Alternatives_Data!C8 | I13: =Alternatives_Data!C13/Alternatives_Data!C9 | J13: =Alternatives_Data!C13/Alternatives_Data!C10 | K13: =Alternatives_Data!C13/Alternatives_Data!C11 | L13: =Alternatives_Data!C13/Alternatives_Data!C12 | M13: =Alternatives_Data!C13/Alternatives_Data!C13 | N13: =Alternatives_Data!C13/Alternatives_Data!C14 | O13: =Alternatives_Data!C13/Alternatives_Data!C15 | P13: =Alternatives_Data!C13/Alternatives_Data!C16 | Q13: =Alternatives_Data!C13/Alternatives_Data!C17 | R13: =Alternatives_Data!C13/Alternatives_Data!C18 | S13: =Alternatives_Data!C13/Alternatives_Data!C19 | T13: =Alternatives_Data!C13/Alternatives_Data!C20 | U13: =Alternatives_Data!C13/Alternatives_Data!C21 | V13: =Alternatives_Data!C13/Alternatives_Data!C22 | W13: =Alternatives_Data!C13/Alternatives_Data!C23 | X13: =Alternatives_Data!C13/Alternatives_Data!C24 | Y13: =Alternatives_Data!C13/Alternatives_Data!C25 | Z13: =Alternatives_Data!C13/Alternatives_Data!C26 | AA13: =Alternatives_Data!C13/Alternatives_Data!C27 | AB13: =Alternatives_Data!C13/Alternatives_Data!C28 | AC13: =Alternatives_Data!C13/Alternatives_Data!C29 | AD13: =Alternatives_Data!C13/Alternatives_Data!C30 | AE13: =Alternatives_Data!C13/Alternatives_Data!C31 | AF13: =Alternatives_Data!C13/Alternatives_Data!C32 | AG13: =Alternatives_Data!C13/Alternatives_Data!C33 | AH13: =Alternatives_Data!C13/Alternatives_Data!C34 | AI13: =Alternatives_Data!C13/Alternatives_Data!C35 | AJ13: =Alternatives_Data!C13/Alternatives_Data!C36 | AK13: =Alternatives_Data!C13/Alternatives_Data!C37 | AL13: =Alternatives_Data!C13/Alternatives_Data!C38 | AM13: =Alternatives_Data!C13/Alternatives_Data!C39 | AN13: =Alternatives_Data!C13/Alternatives_Data!C40 | AO13: =Alternatives_Data!C13/Alternatives_Data!C41 | AP13: =Alternatives_Data!C13/Alternatives_Data!C42 | AQ13: =Alternatives_Data!C13/Alternatives_Data!C43
A14: Made | B14: =Alternatives_Data!C14/Alternatives_Data!C2 | C14: =Alternatives_Data!C14/Alternatives_Data!C3 | D14: =Alternatives_Data!C14/Alternatives_Data!C4 | E14: =Alternatives_Data!C14/Alternatives_Data!C5 | F14: =Alternatives_Data!C14/Alternatives_Data!C6 | G14: =Alternatives_Data!C14/Alternatives_Data!C7 | H14: =Alternatives_Data!C14/Alternatives_Data!C8 | I14: =Alternatives_Data!C14/Alternatives_Data!C9 | J14: =Alternatives_Data!C14/Alternatives_Data!C10 | K14: =Alternatives_Data!C14/Alternatives_Data!C11 | L14: =Alternatives_Data!C14/Alternatives_Data!C12 | M14: =Alternatives_Data!C14/Alternatives_Data!C13 | N14: =Alternatives_Data!C14/Alternatives_Data!C14 | O14: =Alternatives_Data!C14/Alternatives_Data!C15 | P14: =Alternatives_Data!C14/Alternatives_Data!C16 | Q14: =Alternatives_Data!C14/Alternatives_Data!C17 | R14: =Alternatives_Data!C14/Alternatives_Data!C18 | S14: =Alternatives_Data!C14/Alternatives_Data!C19 | T14: =Alternatives_Data!C14/Alternatives_Data!C20 | U14: =Alternatives_Data!C14/Alternatives_Data!C21 | V14: =Alternatives_Data!C14/Alternatives_Data!C22 | W14: =Alternatives_Data!C14/Alternatives_Data!C23 | X14: =Alternatives_Data!C14/Alternatives_Data!C24 | Y14: =Alternatives_Data!C14/Alternatives_Data!C25 | Z14: =Alternatives_Data!C14/Alternatives_Data!C26 | AA14: =Alternatives_Data!C14/Alternatives_Data!C27 | AB14: =Alternatives_Data!C14/Alternatives_Data!C28 | AC14: =Alternatives_Data!C14/Alternatives_Data!C29 | AD14: =Alternatives_Data!C14/Alternatives_Data!C30 | AE14: =Alternatives_Data!C14/Alternatives_Data!C31 | AF14: =Alternatives_Data!C14/Alternatives_Data!C32 | AG14: =Alternatives_Data!C14/Alternatives_Data!C33 | AH14: =Alternatives_Data!C14/Alternatives_Data!C34 | AI14: =Alternatives_Data!C14/Alternatives_Data!C35 | AJ14: =Alternatives_Data!C14/Alternatives_Data!C36 | AK14: =Alternatives_Data!C14/Alternatives_Data!C37 | AL14: =Alternatives_Data!C14/Alternatives_Data!C38 | AM14: =Alternatives_Data!C14/Alternatives_Data!C39 | AN14: =Alternatives_Data!C14/Alternatives_Data!C40 | AO14: =Alternatives_Data!C14/Alternatives_Data!C41 | AP14: =Alternatives_Data!C14/Alternatives_Data!C42 | AQ14: =Alternatives_Data!C14/Alternatives_Data!C43
A15: Nisa | B15: =Alternatives_Data!C15/Alternatives_Data!C2 | C15: =Alternatives_Data!C15/Alternatives_Data!C3 | D15: =Alternatives_Data!C15/Alternatives_Data!C4 | E15: =Alternatives_Data!C15/Alternatives_Data!C5 | F15: =Alternatives_Data!C15/Alternatives_Data!C6 | G15: =Alternatives_Data!C15/Alternatives_Data!C7 | H15: =Alternatives_Data!C15/Alternatives_Data!C8 | I15: =Alternatives_Data!C15/Alternatives_Data!C9 | J15: =Alternatives_Data!C15/Alternatives_Data!C10 | K15: =Alternatives_Data!C15/Alternatives_Data!C11 | L15: =Alternatives_Data!C15/Alternatives_Data!C12 | M15: =Alternatives_Data!C15/Alternatives_Data!C13 | N15: =Alternatives_Data!C15/Alternatives_Data!C14 | O15: =Alternatives_Data!C15/Alternatives_Data!C15 | P15: =Alternatives_Data!C15/Alternatives_Data!C16 | Q15: =Alternatives_Data!C15/Alternatives_Data!C17 | R15: =Alternatives_Data!C15/Alternatives_Data!C18 | S15: =Alternatives_Data!C15/Alternatives_Data!C19 | T15: =Alternatives_Data!C15/Alternatives_Data!C20 | U15: =Alternatives_Data!C15/Alternatives_Data!C21 | V15: =Alternatives_Data!C15/Alternatives_Data!C22 | W15: =Alternatives_Data!C15/Alternatives_Data!C23 | X15: =Alternatives_Data!C15/Alternatives_Data!C24 | Y15: =Alternatives_Data!C15/Alternatives_Data!C25 | Z15: =Alternatives_Data!C15/Alternatives_Data!C26 | AA15: =Alternatives_Data!C15/Alternatives_Data!C27 | AB15: =Alternatives_Data!C15/Alternatives_Data!C28 | AC15: =Alternatives_Data!C15/Alternatives_Data!C29 | AD15: =Alternatives_Data!C15/Alternatives_Data!C30 | AE15: =Alternatives_Data!C15/Alternatives_Data!C31 | AF15: =Alternatives_Data!C15/Alternatives_Data!C32 | AG15: =Alternatives_Data!C15/Alternatives_Data!C33 | AH15: =Alternatives_Data!C15/Alternatives_Data!C34 | AI15: =Alternatives_Data!C15/Alternatives_Data!C35 | AJ15: =Alternatives_Data!C15/Alternatives_Data!C36 | AK15: =Alternatives_Data!C15/Alternatives_Data!C37 | AL15: =Alternatives_Data!C15/Alternatives_Data!C38 | AM15: =Alternatives_Data!C15/Alternatives_Data!C39 | AN15: =Alternatives_Data!C15/Alternatives_Data!C40 | AO15: =Alternatives_Data!C15/Alternatives_Data!C41 | AP15: =Alternatives_Data!C15/Alternatives_Data!C42 | AQ15: =Alternatives_Data!C15/Alternatives_Data!C43
A16: Oka | B16: =Alternatives_Data!C16/Alternatives_Data!C2 | C16: =Alternatives_Data!C16/Alternatives_Data!C3 | D16: =Alternatives_Data!C16/Alternatives_Data!C4 | E16: =Alternatives_Data!C16/Alternatives_Data!C5 | F16: =Alternatives_Data!C16/Alternatives_Data!C6 | G16: =Alternatives_Data!C16/Alternatives_Data!C7 | H16: =Alternatives_Data!C16/Alternatives_Data!C8 | I16: =Alternatives_Data!C16/Alternatives_Data!C9 | J16: =Alternatives_Data!C16/Alternatives_Data!C10 | K16: =Alternatives_Data!C16/Alternatives_Data!C11 | L16: =Alternatives_Data!C16/Alternatives_Data!C12 | M16: =Alternatives_Data!C16/Alternatives_Data!C13 | N16: =Alternatives_Data!C16/Alternatives_Data!C14 | O16: =Alternatives_Data!C16/Alternatives_Data!C15 | P16: =Alternatives_Data!C16/Alternatives_Data!C16 | Q16: =Alternatives_Data!C16/Alternatives_Data!C17 | R16: =Alternatives_Data!C16/Alternatives_Data!C18 | S16: =Alternatives_Data!C16/Alternatives_Data!C19 | T16: =Alternatives_Data!C16/Alternatives_Data!C20 | U16: =Alternatives_Data!C16/Alternatives_Data!C21 | V16: =Alternatives_Data!C16/Alternatives_Data!C22 | W16: =Alternatives_Data!C16/Alternatives_Data!C23 | X16: =Alternatives_Data!C16/Alternatives_Data!C24 | Y16: =Alternatives_Data!C16/Alternatives_Data!C25 | Z16: =Alternatives_Data!C16/Alternatives_Data!C26 | AA16: =Alternatives_Data!C16/Alternatives_Data!C27 | AB16: =Alternatives_Data!C16/Alternatives_Data!C28 | AC16: =Alternatives_Data!C16/Alternatives_Data!C29 | AD16: =Alternatives_Data!C16/Alternatives_Data!C30 | AE16: =Alternatives_Data!C16/Alternatives_Data!C31 | AF16: =Alternatives_Data!C16/Alternatives_Data!C32 | AG16: =Alternatives_Data!C16/Alternatives_Data!C33 | AH16: =Alternatives_Data!C16/Alternatives_Data!C34 | AI16: =Alternatives_Data!C16/Alternatives_Data!C35 | AJ16: =Alternatives_Data!C16/Alternatives_Data!C36 | AK16: =Alternatives_Data!C16/Alternatives_Data!C37 | AL16: =Alternatives_Data!C16/Alternatives_Data!C38 | AM16: =Alternatives_Data!C16/Alternatives_Data!C39 | AN16: =Alternatives_Data!C16/Alternatives_Data!C40 | AO16: =Alternatives_Data!C16/Alternatives_Data!C41 | AP16: =Alternatives_Data!C16/Alternatives_Data!C42 | AQ16: =Alternatives_Data!C16/Alternatives_Data!C43
A17: Putra | B17: =Alternatives_Data!C17/Alternatives_Data!C2 | C17: =Alternatives_Data!C17/Alternatives_Data!C3 | D17: =Alternatives_Data!C17/Alternatives_Data!C4 | E17: =Alternatives_Data!C17/Alternatives_Data!C5 | F17: =Alternatives_Data!C17/Alternatives_Data!C6 | G17: =Alternatives_Data!C17/Alternatives_Data!C7 | H17: =Alternatives_Data!C17/Alternatives_Data!C8 | I17: =Alternatives_Data!C17/Alternatives_Data!C9 | J17: =Alternatives_Data!C17/Alternatives_Data!C10 | K17: =Alternatives_Data!C17/Alternatives_Data!C11 | L17: =Alternatives_Data!C17/Alternatives_Data!C12 | M17: =Alternatives_Data!C17/Alternatives_Data!C13 | N17: =Alternatives_Data!C17/Alternatives_Data!C14 | O17: =Alternatives_Data!C17/Alternatives_Data!C15 | P17: =Alternatives_Data!C17/Alternatives_Data!C16 | Q17: =Alternatives_Data!C17/Alternatives_Data!C17 | R17: =Alternatives_Data!C17/Alternatives_Data!C18 | S17: =Alternatives_Data!C17/Alternatives_Data!C19 | T17: =Alternatives_Data!C17/Alternatives_Data!C20 | U17: =Alternatives_Data!C17/Alternatives_Data!C21 | V17: =Alternatives_Data!C17/Alternatives_Data!C22 | W17: =Alternatives_Data!C17/Alternatives_Data!C23 | X17: =Alternatives_Data!C17/Alternatives_Data!C24 | Y17: =Alternatives_Data!C17/Alternatives_Data!C25 | Z17: =Alternatives_Data!C17/Alternatives_Data!C26 | AA17: =Alternatives_Data!C17/Alternatives_Data!C27 | AB17: =Alternatives_Data!C17/Alternatives_Data!C28 | AC17: =Alternatives_Data!C17/Alternatives_Data!C29 | AD17: =Alternatives_Data!C17/Alternatives_Data!C30 | AE17: =Alternatives_Data!C17/Alternatives_Data!C31 | AF17: =Alternatives_Data!C17/Alternatives_Data!C32 | AG17: =Alternatives_Data!C17/Alternatives_Data!C33 | AH17: =Alternatives_Data!C17/Alternatives_Data!C34 | AI17: =Alternatives_Data!C17/Alternatives_Data!C35 | AJ17: =Alternatives_Data!C17/Alternatives_Data!C36 | AK17: =Alternatives_Data!C17/Alternatives_Data!C37 | AL17: =Alternatives_Data!C17/Alternatives_Data!C38 | AM17: =Alternatives_Data!C17/Alternatives_Data!C39 | AN17: =Alternatives_Data!C17/Alternatives_Data!C40 | AO17: =Alternatives_Data!C17/Alternatives_Data!C41 | AP17: =Alternatives_Data!C17/Alternatives_Data!C42 | AQ17: =Alternatives_Data!C17/Alternatives_Data!C43
A18: Qori | B18: =Alternatives_Data!C18/Alternatives_Data!C2 | C18: =Alternatives_Data!C18/Alternatives_Data!C3 | D18: =Alternatives_Data!C18/Alternatives_Data!C4 | E18: =Alternatives_Data!C18/Alternatives_Data!C5 | F18: =Alternatives_Data!C18/Alternatives_Data!C6 | G18: =Alternatives_Data!C18/Alternatives_Data!C7 | H18: =Alternatives_Data!C18/Alternatives_Data!C8 | I18: =Alternatives_Data!C18/Alternatives_Data!C9 | J18: =Alternatives_Data!C18/Alternatives_Data!C10 | K18: =Alternatives_Data!C18/Alternatives_Data!C11 | L18: =Alternatives_Data!C18/Alternatives_Data!C12 | M18: =Alternatives_Data!C18/Alternatives_Data!C13 | N18: =Alternatives_Data!C18/Alternatives_Data!C14 | O18: =Alternatives_Data!C18/Alternatives_Data!C15 | P18: =Alternatives_Data!C18/Alternatives_Data!C16 | Q18: =Alternatives_Data!C18/Alternatives_Data!C17 | R18: =Alternatives_Data!C18/Alternatives_Data!C18 | S18: =Alternatives_Data!C18/Alternatives_Data!C19 | T18: =Alternatives_Data!C18/Alternatives_Data!C20 | U18: =Alternatives_Data!C18/Alternatives_Data!C21 | V18: =Alternatives_Data!C18/Alternatives_Data!C22 | W18: =Alternatives_Data!C18/Alternatives_Data!C23 | X18: =Alternatives_Data!C18/Alternatives_Data!C24 | Y18: =Alternatives_Data!C18/Alternatives_Data!C25 | Z18: =Alternatives_Data!C18/Alternatives_Data!C26 | AA18: =Alternatives_Data!C18/Alternatives_Data!C27 | AB18: =Alternatives_Data!C18/Alternatives_Data!C28 | AC18: =Alternatives_Data!C18/Alternatives_Data!C29 | AD18: =Alternatives_Data!C18/Alternatives_Data!C30 | AE18: =Alternatives_Data!C18/Alternatives_Data!C31 | AF18: =Alternatives_Data!C18/Alternatives_Data!C32 | AG18: =Alternatives_Data!C18/Alternatives_Data!C33 | AH18: =Alternatives_Data!C18/Alternatives_Data!C34 | AI18: =Alternatives_Data!C18/Alternatives_Data!C35 | AJ18: =Alternatives_Data!C18/Alternatives_Data!C36 | AK18: =Alternatives_Data!C18/Alternatives_Data!C37 | AL18: =Alternatives_Data!C18/Alternatives_Data!C38 | AM18: =Alternatives_Data!C18/Alternatives_Data!C39 | AN18: =Alternatives_Data!C18/Alternatives_Data!C40 | AO18: =Alternatives_Data!C18/Alternatives_Data!C41 | AP18: =Alternatives_Data!C18/Alternatives_Data!C42 | AQ18: =Alternatives_Data!C18/Alternatives_Data!C43
A19: Rian | B19: =Alternatives_Data!C19/Alternatives_Data!C2 | C19: =Alternatives_Data!C19/Alternatives_Data!C3 | D19: =Alternatives_Data!C19/Alternatives_Data!C4 | E19: =Alternatives_Data!C19/Alternatives_Data!C5 | F19: =Alternatives_Data!C19/Alternatives_Data!C6 | G19: =Alternatives_Data!C19/Alternatives_Data!C7 | H19: =Alternatives_Data!C19/Alternatives_Data!C8 | I19: =Alternatives_Data!C19/Alternatives_Data!C9 | J19: =Alternatives_Data!C19/Alternatives_Data!C10 | K19: =Alternatives_Data!C19/Alternatives_Data!C11 | L19: =Alternatives_Data!C19/Alternatives_Data!C12 | M19: =Alternatives_Data!C19/Alternatives_Data!C13 | N19: =Alternatives_Data!C19/Alternatives_Data!C14 | O19: =Alternatives_Data!C19/Alternatives_Data!C15 | P19: =Alternatives_Data!C19/Alternatives_Data!C16 | Q19: =Alternatives_Data!C19/Alternatives_Data!C17 | R19: =Alternatives_Data!C19/Alternatives_Data!C18 | S19: =Alternatives_Data!C19/Alternatives_Data!C19 | T19: =Alternatives_Data!C19/Alternatives_Data!C20 | U19: =Alternatives_Data!C19/Alternatives_Data!C21 | V19: =Alternatives_Data!C19/Alternatives_Data!C22 | W19: =Alternatives_Data!C19/Alternatives_Data!C23 | X19: =Alternatives_Data!C19/Alternatives_Data!C24 | Y19: =Alternatives_Data!C19/Alternatives_Data!C25 | Z19: =Alternatives_Data!C19/Alternatives_Data!C26 | AA19: =Alternatives_Data!C19/Alternatives_Data!C27 | AB19: =Alternatives_Data!C19/Alternatives_Data!C28 | AC19: =Alternatives_Data!C19/Alternatives_Data!C29 | AD19: =Alternatives_Data!C19/Alternatives_Data!C30 | AE19: =Alternatives_Data!C19/Alternatives_Data!C31 | AF19: =Alternatives_Data!C19/Alternatives_Data!C32 | AG19: =Alternatives_Data!C19/Alternatives_Data!C33 | AH19: =Alternatives_Data!C19/Alternatives_Data!C34 | AI19: =Alternatives_Data!C19/Alternatives_Data!C35 | AJ19: =Alternatives_Data!C19/Alternatives_Data!C36 | AK19: =Alternatives_Data!C19/Alternatives_Data!C37 | AL19: =Alternatives_Data!C19/Alternatives_Data!C38 | AM19: =Alternatives_Data!C19/Alternatives_Data!C39 | AN19: =Alternatives_Data!C19/Alternatives_Data!C40 | AO19: =Alternatives_Data!C19/Alternatives_Data!C41 | AP19: =Alternatives_Data!C19/Alternatives_Data!C42 | AQ19: =Alternatives_Data!C19/Alternatives_Data!C43
A20: Sinta | B20: =Alternatives_Data!C20/Alternatives_Data!C2 | C20: =Alternatives_Data!C20/Alternatives_Data!C3 | D20: =Alternatives_Data!C20/Alternatives_Data!C4 | E20: =Alternatives_Data!C20/Alternatives_Data!C5 | F20: =Alternatives_Data!C20/Alternatives_Data!C6 | G20: =Alternatives_Data!C20/Alternatives_Data!C7 | H20: =Alternatives_Data!C20/Alternatives_Data!C8 | I20: =Alternatives_Data!C20/Alternatives_Data!C9 | J20: =Alternatives_Data!C20/Alternatives_Data!C10 | K20: =Alternatives_Data!C20/Alternatives_Data!C11 | L20: =Alternatives_Data!C20/Alternatives_Data!C12 | M20: =Alternatives_Data!C20/Alternatives_Data!C13 | N20: =Alternatives_Data!C20/Alternatives_Data!C14 | O20: =Alternatives_Data!C20/Alternatives_Data!C15 | P20: =Alternatives_Data!C20/Alternatives_Data!C16 | Q20: =Alternatives_Data!C20/Alternatives_Data!C17 | R20: =Alternatives_Data!C20/Alternatives_Data!C18 | S20: =Alternatives_Data!C20/Alternatives_Data!C19 | T20: =Alternatives_Data!C20/Alternatives_Data!C20 | U20: =Alternatives_Data!C20/Alternatives_Data!C21 | V20: =Alternatives_Data!C20/Alternatives_Data!C22 | W20: =Alternatives_Data!C20/Alternatives_Data!C23 | X20: =Alternatives_Data!C20/Alternatives_Data!C24 | Y20: =Alternatives_Data!C20/Alternatives_Data!C25 | Z20: =Alternatives_Data!C20/Alternatives_Data!C26 | AA20: =Alternatives_Data!C20/Alternatives_Data!C27 | AB20: =Alternatives_Data!C20/Alternatives_Data!C28 | AC20: =Alternatives_Data!C20/Alternatives_Data!C29 | AD20: =Alternatives_Data!C20/Alternatives_Data!C30 | AE20: =Alternatives_Data!C20/Alternatives_Data!C31 | AF20: =Alternatives_Data!C20/Alternatives_Data!C32 | AG20: =Alternatives_Data!C20/Alternatives_Data!C33 | AH20: =Alternatives_Data!C20/Alternatives_Data!C34 | AI20: =Alternatives_Data!C20/Alternatives_Data!C35 | AJ20: =Alternatives_Data!C20/Alternatives_Data!C36 | AK20: =Alternatives_Data!C20/Alternatives_Data!C37 | AL20: =Alternatives_Data!C20/Alternatives_Data!C38 | AM20: =Alternatives_Data!C20/Alternatives_Data!C39 | AN20: =Alternatives_Data!C20/Alternatives_Data!C40 | AO20: =Alternatives_Data!C20/Alternatives_Data!C41 | AP20: =Alternatives_Data!C20/Alternatives_Data!C42 | AQ20: =Alternatives_Data!C20/Alternatives_Data!C43
A21: Tono | B21: =Alternatives_Data!C21/Alternatives_Data!C2 | C21: =Alternatives_Data!C21/Alternatives_Data!C3 | D21: =Alternatives_Data!C21/Alternatives_Data!C4 | E21: =Alternatives_Data!C21/Alternatives_Data!C5 | F21: =Alternatives_Data!C21/Alternatives_Data!C6 | G21: =Alternatives_Data!C21/Alternatives_Data!C7 | H21: =Alternatives_Data!C21/Alternatives_Data!C8 | I21: =Alternatives_Data!C21/Alternatives_Data!C9 | J21: =Alternatives_Data!C21/Alternatives_Data!C10 | K21: =Alternatives_Data!C21/Alternatives_Data!C11 | L21: =Alternatives_Data!C21/Alternatives_Data!C12 | M21: =Alternatives_Data!C21/Alternatives_Data!C13 | N21: =Alternatives_Data!C21/Alternatives_Data!C14 | O21: =Alternatives_Data!C21/Alternatives_Data!C15 | P21: =Alternatives_Data!C21/Alternatives_Data!C16 | Q21: =Alternatives_Data!C21/Alternatives_Data!C17 | R21: =Alternatives_Data!C21/Alternatives_Data!C18 | S21: =Alternatives_Data!C21/Alternatives_Data!C19 | T21: =Alternatives_Data!C21/Alternatives_Data!C20 | U21: =Alternatives_Data!C21/Alternatives_Data!C21 | V21: =Alternatives_Data!C21/Alternatives_Data!C22 | W21: =Alternatives_Data!C21/Alternatives_Data!C23 | X21: =Alternatives_Data!C21/Alternatives_Data!C24 | Y21: =Alternatives_Data!C21/Alternatives_Data!C25 | Z21: =Alternatives_Data!C21/Alternatives_Data!C26 | AA21: =Alternatives_Data!C21/Alternatives_Data!C27 | AB21: =Alternatives_Data!C21/Alternatives_Data!C28 | AC21: =Alternatives_Data!C21/Alternatives_Data!C29 | AD21: =Alternatives_Data!C21/Alternatives_Data!C30 | AE21: =Alternatives_Data!C21/Alternatives_Data!C31 | AF21: =Alternatives_Data!C21/Alternatives_Data!C32 | AG21: =Alternatives_Data!C21/Alternatives_Data!C33 | AH21: =Alternatives_Data!C21/Alternatives_Data!C34 | AI21: =Alternatives_Data!C21/Alternatives_Data!C35 | AJ21: =Alternatives_Data!C21/Alternatives_Data!C36 | AK21: =Alternatives_Data!C21/Alternatives_Data!C37 | AL21: =Alternatives_Data!C21/Alternatives_Data!C38 | AM21: =Alternatives_Data!C21/Alternatives_Data!C39 | AN21: =Alternatives_Data!C21/Alternatives_Data!C40 | AO21: =Alternatives_Data!C21/Alternatives_Data!C41 | AP21: =Alternatives_Data!C21/Alternatives_Data!C42 | AQ21: =Alternatives_Data!C21/Alternatives_Data!C43
A22: Uli | B22: =Alternatives_Data!C22/Alternatives_Data!C2 | C22: =Alternatives_Data!C22/Alternatives_Data!C3 | D22: =Alternatives_Data!C22/Alternatives_Data!C4 | E22: =Alternatives_Data!C22/Alternatives_Data!C5 | F22: =Alternatives_Data!C22/Alternatives_Data!C6 | G22: =Alternatives_Data!C22/Alternatives_Data!C7 | H22: =Alternatives_Data!C22/Alternatives_Data!C8 | I22: =Alternatives_Data!C22/Alternatives_Data!C9 | J22: =Alternatives_Data!C22/Alternatives_Data!C10 | K22: =Alternatives_Data!C22/Alternatives_Data!C11 | L22: =Alternatives_Data!C22/Alternatives_Data!C12 | M22: =Alternatives_Data!C22/Alternatives_Data!C13 | N22: =Alternatives_Data!C22/Alternatives_Data!C14 | O22: =Alternatives_Data!C22/Alternatives_Data!C15 | P22: =Alternatives_Data!C22/Alternatives_Data!C16 | Q22: =Alternatives_Data!C22/Alternatives_Data!C17 | R22: =Alternatives_Data!C22/Alternatives_Data!C18 | S22: =Alternatives_Data!C22/Alternatives_Data!C19 | T22: =Alternatives_Data!C22/Alternatives_Data!C20 | U22: =Alternatives_Data!C22/Alternatives_Data!C21 | V22: =Alternatives_Data!C22/Alternatives_Data!C22 | W22: =Alternatives_Data!C22/Alternatives_Data!C23 | X22: =Alternatives_Data!C22/Alternatives_Data!C24 | Y22: =Alternatives_Data!C22/Alternatives_Data!C25 | Z22: =Alternatives_Data!C22/Alternatives_Data!C26 | AA22: =Alternatives_Data!C22/Alternatives_Data!C27 | AB22: =Alternatives_Data!C22/Alternatives_Data!C28 | AC22: =Alternatives_Data!C22/Alternatives_Data!C29 | AD22: =Alternatives_Data!C22/Alternatives_Data!C30 | AE22: =Alternatives_Data!C22/Alternatives_Data!C31 | AF22: =Alternatives_Data!C22/Alternatives_Data!C32 | AG22: =Alternatives_Data!C22/Alternatives_Data!C33 | AH22: =Alternatives_Data!C22/Alternatives_Data!C34 | AI22: =Alternatives_Data!C22/Alternatives_Data!C35 | AJ22: =Alternatives_Data!C22/Alternatives_Data!C36 | AK22: =Alternatives_Data!C22/Alternatives_Data!C37 | AL22: =Alternatives_Data!C22/Alternatives_Data!C38 | AM22: =Alternatives_Data!C22/Alternatives_Data!C39 | AN22: =Alternatives_Data!C22/Alternatives_Data!C40 | AO22: =Alternatives_Data!C22/Alternatives_Data!C41 | AP22: =Alternatives_Data!C22/Alternatives_Data!C42 | AQ22: =Alternatives_Data!C22/Alternatives_Data!C43
A23: Vina | B23: =Alternatives_Data!C23/Alternatives_Data!C2 | C23: =Alternatives_Data!C23/Alternatives_Data!C3 | D23: =Alternatives_Data!C23/Alternatives_Data!C4 | E23: =Alternatives_Data!C23/Alternatives_Data!C5 | F23: =Alternatives_Data!C23/Alternatives_Data!C6 | G23: =Alternatives_Data!C23/Alternatives_Data!C7 | H23: =Alternatives_Data!C23/Alternatives_Data!C8 | I23: =Alternatives_Data!C23/Alternatives_Data!C9 | J23: =Alternatives_Data!C23/Alternatives_Data!C10 | K23: =Alternatives_Data!C23/Alternatives_Data!C11 | L23: =Alternatives_Data!C23/Alternatives_Data!C12 | M23: =Alternatives_Data!C23/Alternatives_Data!C13 | N23: =Alternatives_Data!C23/Alternatives_Data!C14 | O23: =Alternatives_Data!C23/Alternatives_Data!C15 | P23: =Alternatives_Data!C23/Alternatives_Data!C16 | Q23: =Alternatives_Data!C23/Alternatives_Data!C17 | R23: =Alternatives_Data!C23/Alternatives_Data!C18 | S23: =Alternatives_Data!C23/Alternatives_Data!C19 | T23: =Alternatives_Data!C23/Alternatives_Data!C20 | U23: =Alternatives_Data!C23/Alternatives_Data!C21 | V23: =Alternatives_Data!C23/Alternatives_Data!C22 | W23: =Alternatives_Data!C23/Alternatives_Data!C23 | X23: =Alternatives_Data!C23/Alternatives_Data!C24 | Y23: =Alternatives_Data!C23/Alternatives_Data!C25 | Z23: =Alternatives_Data!C23/Alternatives_Data!C26 | AA23: =Alternatives_Data!C23/Alternatives_Data!C27 | AB23: =Alternatives_Data!C23/Alternatives_Data!C28 | AC23: =Alternatives_Data!C23/Alternatives_Data!C29 | AD23: =Alternatives_Data!C23/Alternatives_Data!C30 | AE23: =Alternatives_Data!C23/Alternatives_Data!C31 | AF23: =Alternatives_Data!C23/Alternatives_Data!C32 | AG23: =Alternatives_Data!C23/Alternatives_Data!C33 | AH23: =Alternatives_Data!C23/Alternatives_Data!C34 | AI23: =Alternatives_Data!C23/Alternatives_Data!C35 | AJ23: =Alternatives_Data!C23/Alternatives_Data!C36 | AK23: =Alternatives_Data!C23/Alternatives_Data!C37 | AL23: =Alternatives_Data!C23/Alternatives_Data!C38 | AM23: =Alternatives_Data!C23/Alternatives_Data!C39 | AN23: =Alternatives_Data!C23/Alternatives_Data!C40 | AO23: =Alternatives_Data!C23/Alternatives_Data!C41 | AP23: =Alternatives_Data!C23/Alternatives_Data!C42 | AQ23: =Alternatives_Data!C23/Alternatives_Data!C43
A24: Wahyu | B24: =Alternatives_Data!C24/Alternatives_Data!C2 | C24: =Alternatives_Data!C24/Alternatives_Data!C3 | D24: =Alternatives_Data!C24/Alternatives_Data!C4 | E24: =Alternatives_Data!C24/Alternatives_Data!C5 | F24: =Alternatives_Data!C24/Alternatives_Data!C6 | G24: =Alternatives_Data!C24/Alternatives_Data!C7 | H24: =Alternatives_Data!C24/Alternatives_Data!C8 | I24: =Alternatives_Data!C24/Alternatives_Data!C9 | J24: =Alternatives_Data!C24/Alternatives_Data!C10 | K24: =Alternatives_Data!C24/Alternatives_Data!C11 | L24: =Alternatives_Data!C24/Alternatives_Data!C12 | M24: =Alternatives_Data!C24/Alternatives_Data!C13 | N24: =Alternatives_Data!C24/Alternatives_Data!C14 | O24: =Alternatives_Data!C24/Alternatives_Data!C15 | P24: =Alternatives_Data!C24/Alternatives_Data!C16 | Q24: =Alternatives_Data!C24/Alternatives_Data!C17 | R24: =Alternatives_Data!C24/Alternatives_Data!C18 | S24: =Alternatives_Data!C24/Alternatives_Data!C19 | T24: =Alternatives_Data!C24/Alternatives_Data!C20 | U24: =Alternatives_Data!C24/Alternatives_Data!C21 | V24: =Alternatives_Data!C24/Alternatives_Data!C22 | W24: =Alternatives_Data!C24/Alternatives_Data!C23 | X24: =Alternatives_Data!C24/Alternatives_Data!C24 | Y24: =Alternatives_Data!C24/Alternatives_Data!C25 | Z24: =Alternatives_Data!C24/Alternatives_Data!C26 | AA24: =Alternatives_Data!C24/Alternatives_Data!C27 | AB24: =Alternatives_Data!C24/Alternatives_Data!C28 | AC24: =Alternatives_Data!C24/Alternatives_Data!C29 | AD24: =Alternatives_Data!C24/Alternatives_Data!C30 | AE24: =Alternatives_Data!C24/Alternatives_Data!C31 | AF24: =Alternatives_Data!C24/Alternatives_Data!C32 | AG24: =Alternatives_Data!C24/Alternatives_Data!C33 | AH24: =Alternatives_Data!C24/Alternatives_Data!C34 | AI24: =Alternatives_Data!C24/Alternatives_Data!C35 | AJ24: =Alternatives_Data!C24/Alternatives_Data!C36 | AK24: =Alternatives_Data!C24/Alternatives_Data!C37 | AL24: =Alternatives_Data!C24/Alternatives_Data!C38 | AM24: =Alternatives_Data!C24/Alternatives_Data!C39 | AN24: =Alternatives_Data!C24/Alternatives_Data!C40 | AO24: =Alternatives_Data!C24/Alternatives_Data!C41 | AP24: =Alternatives_Data!C24/Alternatives_Data!C42 | AQ24: =Alternatives_Data!C24/Alternatives_Data!C43
A25: Xena | B25: =Alternatives_Data!C25/Alternatives_Data!C2 | C25: =Alternatives_Data!C25/Alternatives_Data!C3 | D25: =Alternatives_Data!C25/Alternatives_Data!C4 | E25: =Alternatives_Data!C25/Alternatives_Data!C5 | F25: =Alternatives_Data!C25/Alternatives_Data!C6 | G25: =Alternatives_Data!C25/Alternatives_Data!C7 | H25: =Alternatives_Data!C25/Alternatives_Data!C8 | I25: =Alternatives_Data!C25/Alternatives_Data!C9 | J25: =Alternatives_Data!C25/Alternatives_Data!C10 | K25: =Alternatives_Data!C25/Alternatives_Data!C11 | L25: =Alternatives_Data!C25/Alternatives_Data!C12 | M25: =Alternatives_Data!C25/Alternatives_Data!C13 | N25: =Alternatives_Data!C25/Alternatives_Data!C14 | O25: =Alternatives_Data!C25/Alternatives_Data!C15 | P25: =Alternatives_Data!C25/Alternatives_Data!C16 | Q25: =Alternatives_Data!C25/Alternatives_Data!C17 | R25: =Alternatives_Data!C25/Alternatives_Data!C18 | S25: =Alternatives_Data!C25/Alternatives_Data!C19 | T25: =Alternatives_Data!C25/Alternatives_Data!C20 | U25: =Alternatives_Data!C25/Alternatives_Data!C21 | V25: =Alternatives_Data!C25/Alternatives_Data!C22 | W25: =Alternatives_Data!C25/Alternatives_Data!C23 | X25: =Alternatives_Data!C25/Alternatives_Data!C24 | Y25: =Alternatives_Data!C25/Alternatives_Data!C25 | Z25: =Alternatives_Data!C25/Alternatives_Data!C26 | AA25: =Alternatives_Data!C25/Alternatives_Data!C27 | AB25: =Alternatives_Data!C25/Alternatives_Data!C28 | AC25: =Alternatives_Data!C25/Alternatives_Data!C29 | AD25: =Alternatives_Data!C25/Alternatives_Data!C30 | AE25: =Alternatives_Data!C25/Alternatives_Data!C31 | AF25: =Alternatives_Data!C25/Alternatives_Data!C32 | AG25: =Alternatives_Data!C25/Alternatives_Data!C33 | AH25: =Alternatives_Data!C25/Alternatives_Data!C34 | AI25: =Alternatives_Data!C25/Alternatives_Data!C35 | AJ25: =Alternatives_Data!C25/Alternatives_Data!C36 | AK25: =Alternatives_Data!C25/Alternatives_Data!C37 | AL25: =Alternatives_Data!C25/Alternatives_Data!C38 | AM25: =Alternatives_Data!C25/Alternatives_Data!C39 | AN25: =Alternatives_Data!C25/Alternatives_Data!C40 | AO25: =Alternatives_Data!C25/Alternatives_Data!C41 | AP25: =Alternatives_Data!C25/Alternatives_Data!C42 | AQ25: =Alternatives_Data!C25/Alternatives_Data!C43
A26: Yoga | B26: =Alternatives_Data!C26/Alternatives_Data!C2 | C26: =Alternatives_Data!C26/Alternatives_Data!C3 | D26: =Alternatives_Data!C26/Alternatives_Data!C4 | E26: =Alternatives_Data!C26/Alternatives_Data!C5 | F26: =Alternatives_Data!C26/Alternatives_Data!C6 | G26: =Alternatives_Data!C26/Alternatives_Data!C7 | H26: =Alternatives_Data!C26/Alternatives_Data!C8 | I26: =Alternatives_Data!C26/Alternatives_Data!C9 | J26: =Alternatives_Data!C26/Alternatives_Data!C10 | K26: =Alternatives_Data!C26/Alternatives_Data!C11 | L26: =Alternatives_Data!C26/Alternatives_Data!C12 | M26: =Alternatives_Data!C26/Alternatives_Data!C13 | N26: =Alternatives_Data!C26/Alternatives_Data!C14 | O26: =Alternatives_Data!C26/Alternatives_Data!C15 | P26: =Alternatives_Data!C26/Alternatives_Data!C16 | Q26: =Alternatives_Data!C26/Alternatives_Data!C17 | R26: =Alternatives_Data!C26/Alternatives_Data!C18 | S26: =Alternatives_Data!C26/Alternatives_Data!C19 | T26: =Alternatives_Data!C26/Alternatives_Data!C20 | U26: =Alternatives_Data!C26/Alternatives_Data!C21 | V26: =Alternatives_Data!C26/Alternatives_Data!C22 | W26: =Alternatives_Data!C26/Alternatives_Data!C23 | X26: =Alternatives_Data!C26/Alternatives_Data!C24 | Y26: =Alternatives_Data!C26/Alternatives_Data!C25 | Z26: =Alternatives_Data!C26/Alternatives_Data!C26 | AA26: =Alternatives_Data!C26/Alternatives_Data!C27 | AB26: =Alternatives_Data!C26/Alternatives_Data!C28 | AC26: =Alternatives_Data!C26/Alternatives_Data!C29 | AD26: =Alternatives_Data!C26/Alternatives_Data!C30 | AE26: =Alternatives_Data!C26/Alternatives_Data!C31 | AF26: =Alternatives_Data!C26/Alternatives_Data!C32 | AG26: =Alternatives_Data!C26/Alternatives_Data!C33 | AH26: =Alternatives_Data!C26/Alternatives_Data!C34 | AI26: =Alternatives_Data!C26/Alternatives_Data!C35 | AJ26: =Alternatives_Data!C26/Alternatives_Data!C36 | AK26: =Alternatives_Data!C26/Alternatives_Data!C37 | AL26: =Alternatives_Data!C26/Alternatives_Data!C38 | AM26: =Alternatives_Data!C26/Alternatives_Data!C39 | AN26: =Alternatives_Data!C26/Alternatives_Data!C40 | AO26: =Alternatives_Data!C26/Alternatives_Data!C41 | AP26: =Alternatives_Data!C26/Alternatives_Data!C42 | AQ26: =Alternatives_Data!C26/Alternatives_Data!C43
A27: Zaki | B27: =Alternatives_Data!C27/Alternatives_Data!C2 | C27: =Alternatives_Data!C27/Alternatives_Data!C3 | D27: =Alternatives_Data!C27/Alternatives_Data!C4 | E27: =Alternatives_Data!C27/Alternatives_Data!C5 | F27: =Alternatives_Data!C27/Alternatives_Data!C6 | G27: =Alternatives_Data!C27/Alternatives_Data!C7 | H27: =Alternatives_Data!C27/Alternatives_Data!C8 | I27: =Alternatives_Data!C27/Alternatives_Data!C9 | J27: =Alternatives_Data!C27/Alternatives_Data!C10 | K27: =Alternatives_Data!C27/Alternatives_Data!C11 | L27: =Alternatives_Data!C27/Alternatives_Data!C12 | M27: =Alternatives_Data!C27/Alternatives_Data!C13 | N27: =Alternatives_Data!C27/Alternatives_Data!C14 | O27: =Alternatives_Data!C27/Alternatives_Data!C15 | P27: =Alternatives_Data!C27/Alternatives_Data!C16 | Q27: =Alternatives_Data!C27/Alternatives_Data!C17 | R27: =Alternatives_Data!C27/Alternatives_Data!C18 | S27: =Alternatives_Data!C27/Alternatives_Data!C19 | T27: =Alternatives_Data!C27/Alternatives_Data!C20 | U27: =Alternatives_Data!C27/Alternatives_Data!C21 | V27: =Alternatives_Data!C27/Alternatives_Data!C22 | W27: =Alternatives_Data!C27/Alternatives_Data!C23 | X27: =Alternatives_Data!C27/Alternatives_Data!C24 | Y27: =Alternatives_Data!C27/Alternatives_Data!C25 | Z27: =Alternatives_Data!C27/Alternatives_Data!C26 | AA27: =Alternatives_Data!C27/Alternatives_Data!C27 | AB27: =Alternatives_Data!C27/Alternatives_Data!C28 | AC27: =Alternatives_Data!C27/Alternatives_Data!C29 | AD27: =Alternatives_Data!C27/Alternatives_Data!C30 | AE27: =Alternatives_Data!C27/Alternatives_Data!C31 | AF27: =Alternatives_Data!C27/Alternatives_Data!C32 | AG27: =Alternatives_Data!C27/Alternatives_Data!C33 | AH27: =Alternatives_Data!C27/Alternatives_Data!C34 | AI27: =Alternatives_Data!C27/Alternatives_Data!C35 | AJ27: =Alternatives_Data!C27/Alternatives_Data!C36 | AK27: =Alternatives_Data!C27/Alternatives_Data!C37 | AL27: =Alternatives_Data!C27/Alternatives_Data!C38 | AM27: =Alternatives_Data!C27/Alternatives_Data!C39 | AN27: =Alternatives_Data!C27/Alternatives_Data!C40 | AO27: =Alternatives_Data!C27/Alternatives_Data!C41 | AP27: =Alternatives_Data!C27/Alternatives_Data!C42 | AQ27: =Alternatives_Data!C27/Alternatives_Data!C43
A28: Amanda | B28: =Alternatives_Data!C28/Alternatives_Data!C2 | C28: =Alternatives_Data!C28/Alternatives_Data!C3 | D28: =Alternatives_Data!C28/Alternatives_Data!C4 | E28: =Alternatives_Data!C28/Alternatives_Data!C5 | F28: =Alternatives_Data!C28/Alternatives_Data!C6 | G28: =Alternatives_Data!C28/Alternatives_Data!C7 | H28: =Alternatives_Data!C28/Alternatives_Data!C8 | I28: =Alternatives_Data!C28/Alternatives_Data!C9 | J28: =Alternatives_Data!C28/Alternatives_Data!C10 | K28: =Alternatives_Data!C28/Alternatives_Data!C11 | L28: =Alternatives_Data!C28/Alternatives_Data!C12 | M28: =Alternatives_Data!C28/Alternatives_Data!C13 | N28: =Alternatives_Data!C28/Alternatives_Data!C14 | O28: =Alternatives_Data!C28/Alternatives_Data!C15 | P28: =Alternatives_Data!C28/Alternatives_Data!C16 | Q28: =Alternatives_Data!C28/Alternatives_Data!C17 | R28: =Alternatives_Data!C28/Alternatives_Data!C18 | S28: =Alternatives_Data!C28/Alternatives_Data!C19 | T28: =Alternatives_Data!C28/Alternatives_Data!C20 | U28: =Alternatives_Data!C28/Alternatives_Data!C21 | V28: =Alternatives_Data!C28/Alternatives_Data!C22 | W28: =Alternatives_Data!C28/Alternatives_Data!C23 | X28: =Alternatives_Data!C28/Alternatives_Data!C24 | Y28: =Alternatives_Data!C28/Alternatives_Data!C25 | Z28: =Alternatives_Data!C28/Alternatives_Data!C26 | AA28: =Alternatives_Data!C28/Alternatives_Data!C27 | AB28: =Alternatives_Data!C28/Alternatives_Data!C28 | AC28: =Alternatives_Data!C28/Alternatives_Data!C29 | AD28: =Alternatives_Data!C28/Alternatives_Data!C30 | AE28: =Alternatives_Data!C28/Alternatives_Data!C31 | AF28: =Alternatives_Data!C28/Alternatives_Data!C32 | AG28: =Alternatives_Data!C28/Alternatives_Data!C33 | AH28: =Alternatives_Data!C28/Alternatives_Data!C34 | AI28: =Alternatives_Data!C28/Alternatives_Data!C35 | AJ28: =Alternatives_Data!C28/Alternatives_Data!C36 | AK28: =Alternatives_Data!C28/Alternatives_Data!C37 | AL28: =Alternatives_Data!C28/Alternatives_Data!C38 | AM28: =Alternatives_Data!C28/Alternatives_Data!C39 | AN28: =Alternatives_Data!C28/Alternatives_Data!C40 | AO28: =Alternatives_Data!C28/Alternatives_Data!C41 | AP28: =Alternatives_Data!C28/Alternatives_Data!C42 | AQ28: =Alternatives_Data!C28/Alternatives_Data!C43
A29: Bayu | B29: =Alternatives_Data!C29/Alternatives_Data!C2 | C29: =Alternatives_Data!C29/Alternatives_Data!C3 | D29: =Alternatives_Data!C29/Alternatives_Data!C4 | E29: =Alternatives_Data!C29/Alternatives_Data!C5 | F29: =Alternatives_Data!C29/Alternatives_Data!C6 | G29: =Alternatives_Data!C29/Alternatives_Data!C7 | H29: =Alternatives_Data!C29/Alternatives_Data!C8 | I29: =Alternatives_Data!C29/Alternatives_Data!C9 | J29: =Alternatives_Data!C29/Alternatives_Data!C10 | K29: =Alternatives_Data!C29/Alternatives_Data!C11 | L29: =Alternatives_Data!C29/Alternatives_Data!C12 | M29: =Alternatives_Data!C29/Alternatives_Data!C13 | N29: =Alternatives_Data!C29/Alternatives_Data!C14 | O29: =Alternatives_Data!C29/Alternatives_Data!C15 | P29: =Alternatives_Data!C29/Alternatives_Data!C16 | Q29: =Alternatives_Data!C29/Alternatives_Data!C17 | R29: =Alternatives_Data!C29/Alternatives_Data!C18 | S29: =Alternatives_Data!C29/Alternatives_Data!C19 | T29: =Alternatives_Data!C29/Alternatives_Data!C20 | U29: =Alternatives_Data!C29/Alternatives_Data!C21 | V29: =Alternatives_Data!C29/Alternatives_Data!C22 | W29: =Alternatives_Data!C29/Alternatives_Data!C23 | X29: =Alternatives_Data!C29/Alternatives_Data!C24 | Y29: =Alternatives_Data!C29/Alternatives_Data!C25 | Z29: =Alternatives_Data!C29/Alternatives_Data!C26 | AA29: =Alternatives_Data!C29/Alternatives_Data!C27 | AB29: =Alternatives_Data!C29/Alternatives_Data!C28 | AC29: =Alternatives_Data!C29/Alternatives_Data!C29 | AD29: =Alternatives_Data!C29/Alternatives_Data!C30 | AE29: =Alternatives_Data!C29/Alternatives_Data!C31 | AF29: =Alternatives_Data!C29/Alternatives_Data!C32 | AG29: =Alternatives_Data!C29/Alternatives_Data!C33 | AH29: =Alternatives_Data!C29/Alternatives_Data!C34 | AI29: =Alternatives_Data!C29/Alternatives_Data!C35 | AJ29: =Alternatives_Data!C29/Alternatives_Data!C36 | AK29: =Alternatives_Data!C29/Alternatives_Data!C37 | AL29: =Alternatives_Data!C29/Alternatives_Data!C38 | AM29: =Alternatives_Data!C29/Alternatives_Data!C39 | AN29: =Alternatives_Data!C29/Alternatives_Data!C40 | AO29: =Alternatives_Data!C29/Alternatives_Data!C41 | AP29: =Alternatives_Data!C29/Alternatives_Data!C42 | AQ29: =Alternatives_Data!C29/Alternatives_Data!C43
A30: Clara | B30: =Alternatives_Data!C30/Alternatives_Data!C2 | C30: =Alternatives_Data!C30/Alternatives_Data!C3 | D30: =Alternatives_Data!C30/Alternatives_Data!C4 | E30: =Alternatives_Data!C30/Alternatives_Data!C5 | F30: =Alternatives_Data!C30/Alternatives_Data!C6 | G30: =Alternatives_Data!C30/Alternatives_Data!C7 | H30: =Alternatives_Data!C30/Alternatives_Data!C8 | I30: =Alternatives_Data!C30/Alternatives_Data!C9 | J30: =Alternatives_Data!C30/Alternatives_Data!C10 | K30: =Alternatives_Data!C30/Alternatives_Data!C11 | L30: =Alternatives_Data!C30/Alternatives_Data!C12 | M30: =Alternatives_Data!C30/Alternatives_Data!C13 | N30: =Alternatives_Data!C30/Alternatives_Data!C14 | O30: =Alternatives_Data!C30/Alternatives_Data!C15 | P30: =Alternatives_Data!C30/Alternatives_Data!C16 | Q30: =Alternatives_Data!C30/Alternatives_Data!C17 | R30: =Alternatives_Data!C30/Alternatives_Data!C18 | S30: =Alternatives_Data!C30/Alternatives_Data!C19 | T30: =Alternatives_Data!C30/Alternatives_Data!C20 | U30: =Alternatives_Data!C30/Alternatives_Data!C21 | V30: =Alternatives_Data!C30/Alternatives_Data!C22 | W30: =Alternatives_Data!C30/Alternatives_Data!C23 | X30: =Alternatives_Data!C30/Alternatives_Data!C24 | Y30: =Alternatives_Data!C30/Alternatives_Data!C25 | Z30: =Alternatives_Data!C30/Alternatives_Data!C26 | AA30: =Alternatives_Data!C30/Alternatives_Data!C27 | AB30: =Alternatives_Data!C30/Alternatives_Data!C28 | AC30: =Alternatives_Data!C30/Alternatives_Data!C29 | AD30: =Alternatives_Data!C30/Alternatives_Data!C30 | AE30: =Alternatives_Data!C30/Alternatives_Data!C31 | AF30: =Alternatives_Data!C30/Alternatives_Data!C32 | AG30: =Alternatives_Data!C30/Alternatives_Data!C33 | AH30: =Alternatives_Data!C30/Alternatives_Data!C34 | AI30: =Alternatives_Data!C30/Alternatives_Data!C35 | AJ30: =Alternatives_Data!C30/Alternatives_Data!C36 | AK30: =Alternatives_Data!C30/Alternatives_Data!C37 | AL30: =Alternatives_Data!C30/Alternatives_Data!C38 | AM30: =Alternatives_Data!C30/Alternatives_Data!C39 | AN30: =Alternatives_Data!C30/Alternatives_Data!C40 | AO30: =Alternatives_Data!C30/Alternatives_Data!C41 | AP30: =Alternatives_Data!C30/Alternatives_Data!C42 | AQ30: =Alternatives_Data!C30/Alternatives_Data!C43
A31: Dani | B31: =Alternatives_Data!C31/Alternatives_Data!C2 | C31: =Alternatives_Data!C31/Alternatives_Data!C3 | D31: =Alternatives_Data!C31/Alternatives_Data!C4 | E31: =Alternatives_Data!C31/Alternatives_Data!C5 | F31: =Alternatives_Data!C31/Alternatives_Data!C6 | G31: =Alternatives_Data!C31/Alternatives_Data!C7 | H31: =Alternatives_Data!C31/Alternatives_Data!C8 | I31: =Alternatives_Data!C31/Alternatives_Data!C9 | J31: =Alternatives_Data!C31/Alternatives_Data!C10 | K31: =Alternatives_Data!C31/Alternatives_Data!C11 | L31: =Alternatives_Data!C31/Alternatives_Data!C12 | M31: =Alternatives_Data!C31/Alternatives_Data!C13 | N31: =Alternatives_Data!C31/Alternatives_Data!C14 | O31: =Alternatives_Data!C31/Alternatives_Data!C15 | P31: =Alternatives_Data!C31/Alternatives_Data!C16 | Q31: =Alternatives_Data!C31/Alternatives_Data!C17 | R31: =Alternatives_Data!C31/Alternatives_Data!C18 | S31: =Alternatives_Data!C31/Alternatives_Data!C19 | T31: =Alternatives_Data!C31/Alternatives_Data!C20 | U31: =Alternatives_Data!C31/Alternatives_Data!C21 | V31: =Alternatives_Data!C31/Alternatives_Data!C22 | W31: =Alternatives_Data!C31/Alternatives_Data!C23 | X31: =Alternatives_Data!C31/Alternatives_Data!C24 | Y31: =Alternatives_Data!C31/Alternatives_Data!C25 | Z31: =Alternatives_Data!C31/Alternatives_Data!C26 | AA31: =Alternatives_Data!C31/Alternatives_Data!C27 | AB31: =Alternatives_Data!C31/Alternatives_Data!C28 | AC31: =Alternatives_Data!C31/Alternatives_Data!C29 | AD31: =Alternatives_Data!C31/Alternatives_Data!C30 | AE31: =Alternatives_Data!C31/Alternatives_Data!C31 | AF31: =Alternatives_Data!C31/Alternatives_Data!C32 | AG31: =Alternatives_Data!C31/Alternatives_Data!C33 | AH31: =Alternatives_Data!C31/Alternatives_Data!C34 | AI31: =Alternatives_Data!C31/Alternatives_Data!C35 | AJ31: =Alternatives_Data!C31/Alternatives_Data!C36 | AK31: =Alternatives_Data!C31/Alternatives_Data!C37 | AL31: =Alternatives_Data!C31/Alternatives_Data!C38 | AM31: =Alternatives_Data!C31/Alternatives_Data!C39 | AN31: =Alternatives_Data!C31/Alternatives_Data!C40 | AO31: =Alternatives_Data!C31/Alternatives_Data!C41 | AP31: =Alternatives_Data!C31/Alternatives_Data!C42 | AQ31: =Alternatives_Data!C31/Alternatives_Data!C43
A32: Alif Adji | B32: =Alternatives_Data!C32/Alternatives_Data!C2 | C32: =Alternatives_Data!C32/Alternatives_Data!C3 | D32: =Alternatives_Data!C32/Alternatives_Data!C4 | E32: =Alternatives_Data!C32/Alternatives_Data!C5 | F32: =Alternatives_Data!C32/Alternatives_Data!C6 | G32: =Alternatives_Data!C32/Alternatives_Data!C7 | H32: =Alternatives_Data!C32/Alternatives_Data!C8 | I32: =Alternatives_Data!C32/Alternatives_Data!C9 | J32: =Alternatives_Data!C32/Alternatives_Data!C10 | K32: =Alternatives_Data!C32/Alternatives_Data!C11 | L32: =Alternatives_Data!C32/Alternatives_Data!C12 | M32: =Alternatives_Data!C32/Alternatives_Data!C13 | N32: =Alternatives_Data!C32/Alternatives_Data!C14 | O32: =Alternatives_Data!C32/Alternatives_Data!C15 | P32: =Alternatives_Data!C32/Alternatives_Data!C16 | Q32: =Alternatives_Data!C32/Alternatives_Data!C17 | R32: =Alternatives_Data!C32/Alternatives_Data!C18 | S32: =Alternatives_Data!C32/Alternatives_Data!C19 | T32: =Alternatives_Data!C32/Alternatives_Data!C20 | U32: =Alternatives_Data!C32/Alternatives_Data!C21 | V32: =Alternatives_Data!C32/Alternatives_Data!C22 | W32: =Alternatives_Data!C32/Alternatives_Data!C23 | X32: =Alternatives_Data!C32/Alternatives_Data!C24 | Y32: =Alternatives_Data!C32/Alternatives_Data!C25 | Z32: =Alternatives_Data!C32/Alternatives_Data!C26 | AA32: =Alternatives_Data!C32/Alternatives_Data!C27 | AB32: =Alternatives_Data!C32/Alternatives_Data!C28 | AC32: =Alternatives_Data!C32/Alternatives_Data!C29 | AD32: =Alternatives_Data!C32/Alternatives_Data!C30 | AE32: =Alternatives_Data!C32/Alternatives_Data!C31 | AF32: =Alternatives_Data!C32/Alternatives_Data!C32 | AG32: =Alternatives_Data!C32/Alternatives_Data!C33 | AH32: =Alternatives_Data!C32/Alternatives_Data!C34 | AI32: =Alternatives_Data!C32/Alternatives_Data!C35 | AJ32: =Alternatives_Data!C32/Alternatives_Data!C36 | AK32: =Alternatives_Data!C32/Alternatives_Data!C37 | AL32: =Alternatives_Data!C32/Alternatives_Data!C38 | AM32: =Alternatives_Data!C32/Alternatives_Data!C39 | AN32: =Alternatives_Data!C32/Alternatives_Data!C40 | AO32: =Alternatives_Data!C32/Alternatives_Data!C41 | AP32: =Alternatives_Data!C32/Alternatives_Data!C42 | AQ32: =Alternatives_Data!C32/Alternatives_Data!C43
A33: Danu | B33: =Alternatives_Data!C33/Alternatives_Data!C2 | C33: =Alternatives_Data!C33/Alternatives_Data!C3 | D33: =Alternatives_Data!C33/Alternatives_Data!C4 | E33: =Alternatives_Data!C33/Alternatives_Data!C5 | F33: =Alternatives_Data!C33/Alternatives_Data!C6 | G33: =Alternatives_Data!C33/Alternatives_Data!C7 | H33: =Alternatives_Data!C33/Alternatives_Data!C8 | I33: =Alternatives_Data!C33/Alternatives_Data!C9 | J33: =Alternatives_Data!C33/Alternatives_Data!C10 | K33: =Alternatives_Data!C33/Alternatives_Data!C11 | L33: =Alternatives_Data!C33/Alternatives_Data!C12 | M33: =Alternatives_Data!C33/Alternatives_Data!C13 | N33: =Alternatives_Data!C33/Alternatives_Data!C14 | O33: =Alternatives_Data!C33/Alternatives_Data!C15 | P33: =Alternatives_Data!C33/Alternatives_Data!C16 | Q33: =Alternatives_Data!C33/Alternatives_Data!C17 | R33: =Alternatives_Data!C33/Alternatives_Data!C18 | S33: =Alternatives_Data!C33/Alternatives_Data!C19 | T33: =Alternatives_Data!C33/Alternatives_Data!C20 | U33: =Alternatives_Data!C33/Alternatives_Data!C21 | V33: =Alternatives_Data!C33/Alternatives_Data!C22 | W33: =Alternatives_Data!C33/Alternatives_Data!C23 | X33: =Alternatives_Data!C33/Alternatives_Data!C24 | Y33: =Alternatives_Data!C33/Alternatives_Data!C25 | Z33: =Alternatives_Data!C33/Alternatives_Data!C26 | AA33: =Alternatives_Data!C33/Alternatives_Data!C27 | AB33: =Alternatives_Data!C33/Alternatives_Data!C28 | AC33: =Alternatives_Data!C33/Alternatives_Data!C29 | AD33: =Alternatives_Data!C33/Alternatives_Data!C30 | AE33: =Alternatives_Data!C33/Alternatives_Data!C31 | AF33: =Alternatives_Data!C33/Alternatives_Data!C32 | AG33: =Alternatives_Data!C33/Alternatives_Data!C33 | AH33: =Alternatives_Data!C33/Alternatives_Data!C34 | AI33: =Alternatives_Data!C33/Alternatives_Data!C35 | AJ33: =Alternatives_Data!C33/Alternatives_Data!C36 | AK33: =Alternatives_Data!C33/Alternatives_Data!C37 | AL33: =Alternatives_Data!C33/Alternatives_Data!C38 | AM33: =Alternatives_Data!C33/Alternatives_Data!C39 | AN33: =Alternatives_Data!C33/Alternatives_Data!C40 | AO33: =Alternatives_Data!C33/Alternatives_Data!C41 | AP33: =Alternatives_Data!C33/Alternatives_Data!C42 | AQ33: =Alternatives_Data!C33/Alternatives_Data!C43
A34: Qori Halim | B34: =Alternatives_Data!C34/Alternatives_Data!C2 | C34: =Alternatives_Data!C34/Alternatives_Data!C3 | D34: =Alternatives_Data!C34/Alternatives_Data!C4 | E34: =Alternatives_Data!C34/Alternatives_Data!C5 | F34: =Alternatives_Data!C34/Alternatives_Data!C6 | G34: =Alternatives_Data!C34/Alternatives_Data!C7 | H34: =Alternatives_Data!C34/Alternatives_Data!C8 | I34: =Alternatives_Data!C34/Alternatives_Data!C9 | J34: =Alternatives_Data!C34/Alternatives_Data!C10 | K34: =Alternatives_Data!C34/Alternatives_Data!C11 | L34: =Alternatives_Data!C34/Alternatives_Data!C12 | M34: =Alternatives_Data!C34/Alternatives_Data!C13 | N34: =Alternatives_Data!C34/Alternatives_Data!C14 | O34: =Alternatives_Data!C34/Alternatives_Data!C15 | P34: =Alternatives_Data!C34/Alternatives_Data!C16 | Q34: =Alternatives_Data!C34/Alternatives_Data!C17 | R34: =Alternatives_Data!C34/Alternatives_Data!C18 | S34: =Alternatives_Data!C34/Alternatives_Data!C19 | T34: =Alternatives_Data!C34/Alternatives_Data!C20 | U34: =Alternatives_Data!C34/Alternatives_Data!C21 | V34: =Alternatives_Data!C34/Alternatives_Data!C22 | W34: =Alternatives_Data!C34/Alternatives_Data!C23 | X34: =Alternatives_Data!C34/Alternatives_Data!C24 | Y34: =Alternatives_Data!C34/Alternatives_Data!C25 | Z34: =Alternatives_Data!C34/Alternatives_Data!C26 | AA34: =Alternatives_Data!C34/Alternatives_Data!C27 | AB34: =Alternatives_Data!C34/Alternatives_Data!C28 | AC34: =Alternatives_Data!C34/Alternatives_Data!C29 | AD34: =Alternatives_Data!C34/Alternatives_Data!C30 | AE34: =Alternatives_Data!C34/Alternatives_Data!C31 | AF34: =Alternatives_Data!C34/Alternatives_Data!C32 | AG34: =Alternatives_Data!C34/Alternatives_Data!C33 | AH34: =Alternatives_Data!C34/Alternatives_Data!C34 | AI34: =Alternatives_Data!C34/Alternatives_Data!C35 | AJ34: =Alternatives_Data!C34/Alternatives_Data!C36 | AK34: =Alternatives_Data!C34/Alternatives_Data!C37 | AL34: =Alternatives_Data!C34/Alternatives_Data!C38 | AM34: =Alternatives_Data!C34/Alternatives_Data!C39 | AN34: =Alternatives_Data!C34/Alternatives_Data!C40 | AO34: =Alternatives_Data!C34/Alternatives_Data!C41 | AP34: =Alternatives_Data!C34/Alternatives_Data!C42 | AQ34: =Alternatives_Data!C34/Alternatives_Data!C43
A35: Dani Wijaya | B35: =Alternatives_Data!C35/Alternatives_Data!C2 | C35: =Alternatives_Data!C35/Alternatives_Data!C3 | D35: =Alternatives_Data!C35/Alternatives_Data!C4 | E35: =Alternatives_Data!C35/Alternatives_Data!C5 | F35: =Alternatives_Data!C35/Alternatives_Data!C6 | G35: =Alternatives_Data!C35/Alternatives_Data!C7 | H35: =Alternatives_Data!C35/Alternatives_Data!C8 | I35: =Alternatives_Data!C35/Alternatives_Data!C9 | J35: =Alternatives_Data!C35/Alternatives_Data!C10 | K35: =Alternatives_Data!C35/Alternatives_Data!C11 | L35: =Alternatives_Data!C35/Alternatives_Data!C12 | M35: =Alternatives_Data!C35/Alternatives_Data!C13 | N35: =Alternatives_Data!C35/Alternatives_Data!C14 | O35: =Alternatives_Data!C35/Alternatives_Data!C15 | P35: =Alternatives_Data!C35/Alternatives_Data!C16 | Q35: =Alternatives_Data!C35/Alternatives_Data!C17 | R35: =Alternatives_Data!C35/Alternatives_Data!C18 | S35: =Alternatives_Data!C35/Alternatives_Data!C19 | T35: =Alternatives_Data!C35/Alternatives_Data!C20 | U35: =Alternatives_Data!C35/Alternatives_Data!C21 | V35: =Alternatives_Data!C35/Alternatives_Data!C22 | W35: =Alternatives_Data!C35/Alternatives_Data!C23 | X35: =Alternatives_Data!C35/Alternatives_Data!C24 | Y35: =Alternatives_Data!C35/Alternatives_Data!C25 | Z35: =Alternatives_Data!C35/Alternatives_Data!C26 | AA35: =Alternatives_Data!C35/Alternatives_Data!C27 | AB35: =Alternatives_Data!C35/Alternatives_Data!C28 | AC35: =Alternatives_Data!C35/Alternatives_Data!C29 | AD35: =Alternatives_Data!C35/Alternatives_Data!C30 | AE35: =Alternatives_Data!C35/Alternatives_Data!C31 | AF35: =Alternatives_Data!C35/Alternatives_Data!C32 | AG35: =Alternatives_Data!C35/Alternatives_Data!C33 | AH35: =Alternatives_Data!C35/Alternatives_Data!C34 | AI35: =Alternatives_Data!C35/Alternatives_Data!C35 | AJ35: =Alternatives_Data!C35/Alternatives_Data!C36 | AK35: =Alternatives_Data!C35/Alternatives_Data!C37 | AL35: =Alternatives_Data!C35/Alternatives_Data!C38 | AM35: =Alternatives_Data!C35/Alternatives_Data!C39 | AN35: =Alternatives_Data!C35/Alternatives_Data!C40 | AO35: =Alternatives_Data!C35/Alternatives_Data!C41 | AP35: =Alternatives_Data!C35/Alternatives_Data!C42 | AQ35: =Alternatives_Data!C35/Alternatives_Data!C43
A36: Kiki Suryanto | B36: =Alternatives_Data!C36/Alternatives_Data!C2 | C36: =Alternatives_Data!C36/Alternatives_Data!C3 | D36: =Alternatives_Data!C36/Alternatives_Data!C4 | E36: =Alternatives_Data!C36/Alternatives_Data!C5 | F36: =Alternatives_Data!C36/Alternatives_Data!C6 | G36: =Alternatives_Data!C36/Alternatives_Data!C7 | H36: =Alternatives_Data!C36/Alternatives_Data!C8 | I36: =Alternatives_Data!C36/Alternatives_Data!C9 | J36: =Alternatives_Data!C36/Alternatives_Data!C10 | K36: =Alternatives_Data!C36/Alternatives_Data!C11 | L36: =Alternatives_Data!C36/Alternatives_Data!C12 | M36: =Alternatives_Data!C36/Alternatives_Data!C13 | N36: =Alternatives_Data!C36/Alternatives_Data!C14 | O36: =Alternatives_Data!C36/Alternatives_Data!C15 | P36: =Alternatives_Data!C36/Alternatives_Data!C16 | Q36: =Alternatives_Data!C36/Alternatives_Data!C17 | R36: =Alternatives_Data!C36/Alternatives_Data!C18 | S36: =Alternatives_Data!C36/Alternatives_Data!C19 | T36: =Alternatives_Data!C36/Alternatives_Data!C20 | U36: =Alternatives_Data!C36/Alternatives_Data!C21 | V36: =Alternatives_Data!C36/Alternatives_Data!C22 | W36: =Alternatives_Data!C36/Alternatives_Data!C23 | X36: =Alternatives_Data!C36/Alternatives_Data!C24 | Y36: =Alternatives_Data!C36/Alternatives_Data!C25 | Z36: =Alternatives_Data!C36/Alternatives_Data!C26 | AA36: =Alternatives_Data!C36/Alternatives_Data!C27 | AB36: =Alternatives_Data!C36/Alternatives_Data!C28 | AC36: =Alternatives_Data!C36/Alternatives_Data!C29 | AD36: =Alternatives_Data!C36/Alternatives_Data!C30 | AE36: =Alternatives_Data!C36/Alternatives_Data!C31 | AF36: =Alternatives_Data!C36/Alternatives_Data!C32 | AG36: =Alternatives_Data!C36/Alternatives_Data!C33 | AH36: =Alternatives_Data!C36/Alternatives_Data!C34 | AI36: =Alternatives_Data!C36/Alternatives_Data!C35 | AJ36: =Alternatives_Data!C36/Alternatives_Data!C36 | AK36: =Alternatives_Data!C36/Alternatives_Data!C37 | AL36: =Alternatives_Data!C36/Alternatives_Data!C38 | AM36: =Alternatives_Data!C36/Alternatives_Data!C39 | AN36: =Alternatives_Data!C36/Alternatives_Data!C40 | AO36: =Alternatives_Data!C36/Alternatives_Data!C41 | AP36: =Alternatives_Data!C36/Alternatives_Data!C42 | AQ36: =Alternatives_Data!C36/Alternatives_Data!C43
A37: Nisa Putri | B37: =Alternatives_Data!C37/Alternatives_Data!C2 | C37: =Alternatives_Data!C37/Alternatives_Data!C3 | D37: =Alternatives_Data!C37/Alternatives_Data!C4 | E37: =Alternatives_Data!C37/Alternatives_Data!C5 | F37: =Alternatives_Data!C37/Alternatives_Data!C6 | G37: =Alternatives_Data!C37/Alternatives_Data!C7 | H37: =Alternatives_Data!C37/Alternatives_Data!C8 | I37: =Alternatives_Data!C37/Alternatives_Data!C9 | J37: =Alternatives_Data!C37/Alternatives_Data!C10 | K37: =Alternatives_Data!C37/Alternatives_Data!C11 | L37: =Alternatives_Data!C37/Alternatives_Data!C12 | M37: =Alternatives_Data!C37/Alternatives_Data!C13 | N37: =Alternatives_Data!C37/Alternatives_Data!C14 | O37: =Alternatives_Data!C37/Alternatives_Data!C15 | P37: =Alternatives_Data!C37/Alternatives_Data!C16 | Q37: =Alternatives_Data!C37/Alternatives_Data!C17 | R37: =Alternatives_Data!C37/Alternatives_Data!C18 | S37: =Alternatives_Data!C37/Alternatives_Data!C19 | T37: =Alternatives_Data!C37/Alternatives_Data!C20 | U37: =Alternatives_Data!C37/Alternatives_Data!C21 | V37: =Alternatives_Data!C37/Alternatives_Data!C22 | W37: =Alternatives_Data!C37/Alternatives_Data!C23 | X37: =Alternatives_Data!C37/Alternatives_Data!C24 | Y37: =Alternatives_Data!C37/Alternatives_Data!C25 | Z37: =Alternatives_Data!C37/Alternatives_Data!C26 | AA37: =Alternatives_Data!C37/Alternatives_Data!C27 | AB37: =Alternatives_Data!C37/Alternatives_Data!C28 | AC37: =Alternatives_Data!C37/Alternatives_Data!C29 | AD37: =Alternatives_Data!C37/Alternatives_Data!C30 | AE37: =Alternatives_Data!C37/Alternatives_Data!C31 | AF37: =Alternatives_Data!C37/Alternatives_Data!C32 | AG37: =Alternatives_Data!C37/Alternatives_Data!C33 | AH37: =Alternatives_Data!C37/Alternatives_Data!C34 | AI37: =Alternatives_Data!C37/Alternatives_Data!C35 | AJ37: =Alternatives_Data!C37/Alternatives_Data!C36 | AK37: =Alternatives_Data!C37/Alternatives_Data!C37 | AL37: =Alternatives_Data!C37/Alternatives_Data!C38 | AM37: =Alternatives_Data!C37/Alternatives_Data!C39 | AN37: =Alternatives_Data!C37/Alternatives_Data!C40 | AO37: =Alternatives_Data!C37/Alternatives_Data!C41 | AP37: =Alternatives_Data!C37/Alternatives_Data!C42 | AQ37: =Alternatives_Data!C37/Alternatives_Data!C43
A38: Amanda Rahma | B38: =Alternatives_Data!C38/Alternatives_Data!C2 | C38: =Alternatives_Data!C38/Alternatives_Data!C3 | D38: =Alternatives_Data!C38/Alternatives_Data!C4 | E38: =Alternatives_Data!C38/Alternatives_Data!C5 | F38: =Alternatives_Data!C38/Alternatives_Data!C6 | G38: =Alternatives_Data!C38/Alternatives_Data!C7 | H38: =Alternatives_Data!C38/Alternatives_Data!C8 | I38: =Alternatives_Data!C38/Alternatives_Data!C9 | J38: =Alternatives_Data!C38/Alternatives_Data!C10 | K38: =Alternatives_Data!C38/Alternatives_Data!C11 | L38: =Alternatives_Data!C38/Alternatives_Data!C12 | M38: =Alternatives_Data!C38/Alternatives_Data!C13 | N38: =Alternatives_Data!C38/Alternatives_Data!C14 | O38: =Alternatives_Data!C38/Alternatives_Data!C15 | P38: =Alternatives_Data!C38/Alternatives_Data!C16 | Q38: =Alternatives_Data!C38/Alternatives_Data!C17 | R38: =Alternatives_Data!C38/Alternatives_Data!C18 | S38: =Alternatives_Data!C38/Alternatives_Data!C19 | T38: =Alternatives_Data!C38/Alternatives_Data!C20 | U38: =Alternatives_Data!C38/Alternatives_Data!C21 | V38: =Alternatives_Data!C38/Alternatives_Data!C22 | W38: =Alternatives_Data!C38/Alternatives_Data!C23 | X38: =Alternatives_Data!C38/Alternatives_Data!C24 | Y38: =Alternatives_Data!C38/Alternatives_Data!C25 | Z38: =Alternatives_Data!C38/Alternatives_Data!C26 | AA38: =Alternatives_Data!C38/Alternatives_Data!C27 | AB38: =Alternatives_Data!C38/Alternatives_Data!C28 | AC38: =Alternatives_Data!C38/Alternatives_Data!C29 | AD38: =Alternatives_Data!C38/Alternatives_Data!C30 | AE38: =Alternatives_Data!C38/Alternatives_Data!C31 | AF38: =Alternatives_Data!C38/Alternatives_Data!C32 | AG38: =Alternatives_Data!C38/Alternatives_Data!C33 | AH38: =Alternatives_Data!C38/Alternatives_Data!C34 | AI38: =Alternatives_Data!C38/Alternatives_Data!C35 | AJ38: =Alternatives_Data!C38/Alternatives_Data!C36 | AK38: =Alternatives_Data!C38/Alternatives_Data!C37 | AL38: =Alternatives_Data!C38/Alternatives_Data!C38 | AM38: =Alternatives_Data!C38/Alternatives_Data!C39 | AN38: =Alternatives_Data!C38/Alternatives_Data!C40 | AO38: =Alternatives_Data!C38/Alternatives_Data!C41 | AP38: =Alternatives_Data!C38/Alternatives_Data!C42 | AQ38: =Alternatives_Data!C38/Alternatives_Data!C43
